pair_id,domain,layer,head,head_label,position,clean_token,corrupted_token,difference_norm,absolute_difference,signed_difference
2,movie,10,4,L10H4,0,<|endoftext|>,<|endoftext|>,0.0,0.0,0.0
2,movie,10,4,L10H4,1,Review,Review,0.0,0.0,0.0
2,movie,10,4,L10H4,2,:,:,0.0,0.0,0.0
2,movie,10,4,L10H4,3, The, The,0.0,0.0,0.0
2,movie,10,4,L10H4,4, film, film,0.0,0.0,0.0
2,movie,10,4,L10H4,5, was, was,0.0,0.0,0.0
2,movie,10,4,L10H4,6, wonderful, awful,0.2722729444503784,0.026232896372675896,6.252189632505178e-05
2,movie,10,4,L10H4,7,.,.,0.8393508791923523,0.08244223147630692,0.0014621602604165673
2,movie,10,4,L10H4,8,"
","
",0.2540677785873413,0.02440340630710125,-0.0007585902349092066
2,movie,10,4,L10H4,9,Sent,Sent,0.16322565078735352,0.016520820558071136,-0.001854043803177774
2,movie,10,4,L10H4,10,iment,iment,0.9293354153633118,0.09543046355247498,-0.008748585358262062
2,movie,10,4,L10H4,11,:,:,2.530845880508423,0.26056697964668274,-0.015866179019212723
2,movie,8,9,L8H9,0,<|endoftext|>,<|endoftext|>,0.0,0.0,0.0
2,movie,8,9,L8H9,1,Review,Review,0.0,0.0,0.0
2,movie,8,9,L8H9,2,:,:,0.0,0.0,0.0
2,movie,8,9,L8H9,3, The, The,0.0,0.0,0.0
2,movie,8,9,L8H9,4, film, film,0.0,0.0,0.0
2,movie,8,9,L8H9,5, was, was,0.0,0.0,0.0
2,movie,8,9,L8H9,6, wonderful, awful,0.2410891354084015,0.023304520174860954,0.006320721469819546
2,movie,8,9,L8H9,7,.,.,0.4130064845085144,0.03982032462954521,0.009813908487558365
2,movie,8,9,L8H9,8,"
","
",0.2971099019050598,0.02826726995408535,0.008030839264392853
2,movie,8,9,L8H9,9,Sent,Sent,0.30240073800086975,0.029687801375985146,0.0032482037786394358
2,movie,8,9,L8H9,10,iment,iment,0.5595026016235352,0.05800507590174675,-0.0031002077739685774
2,movie,8,9,L8H9,11,:,:,0.8114430904388428,0.0832989439368248,0.0016536368057131767
2,movie,9,2,L9H2,0,<|endoftext|>,<|endoftext|>,0.0,0.0,0.0
2,movie,9,2,L9H2,1,Review,Review,0.0,0.0,0.0
2,movie,9,2,L9H2,2,:,:,0.0,0.0,0.0
2,movie,9,2,L9H2,3, The, The,0.0,0.0,0.0
2,movie,9,2,L9H2,4, film, film,0.0,0.0,0.0
2,movie,9,2,L9H2,5, was, was,0.0,0.0,0.0
2,movie,9,2,L9H2,6, wonderful, awful,0.11055326461791992,0.011813391000032425,0.000906984496396035
2,movie,9,2,L9H2,7,.,.,0.908787190914154,0.09760130196809769,0.004517043009400368
2,movie,9,2,L9H2,8,"
","
",0.13665612041950226,0.01428106427192688,0.0010639363899827003
2,movie,9,2,L9H2,9,Sent,Sent,0.766167402267456,0.08140919357538223,0.004183619748800993
2,movie,9,2,L9H2,10,iment,iment,0.4780513048171997,0.05008885636925697,0.003203483996912837
2,movie,9,2,L9H2,11,:,:,1.4819124937057495,0.15193741023540497,0.014631439000368118
3,movie,10,4,L10H4,0,<|endoftext|>,<|endoftext|>,0.0,0.0,0.0
3,movie,10,4,L10H4,1,Review,Review,0.0,0.0,0.0
3,movie,10,4,L10H4,2,:,:,0.0,0.0,0.0
3,movie,10,4,L10H4,3, The, The,0.0,0.0,0.0
3,movie,10,4,L10H4,4, acting, acting,0.0,0.0,0.0
3,movie,10,4,L10H4,5, was, was,0.0,0.0,0.0
3,movie,10,4,L10H4,6, amazing, horrible,0.06963309645652771,0.00654950924217701,-0.0003343776916153729
3,movie,10,4,L10H4,7,.,.,0.48701074719429016,0.04799598455429077,-0.0005864137201569974
3,movie,10,4,L10H4,8,"
","
",0.1489425152540207,0.014507848769426346,-0.002827361458912492
3,movie,10,4,L10H4,9,Sent,Sent,0.03876349702477455,0.003972887527197599,-0.0004988600267097354
3,movie,10,4,L10H4,10,iment,iment,0.5279735922813416,0.05336252599954605,-0.005916631780564785
3,movie,10,4,L10H4,11,:,:,0.9755901098251343,0.09980401396751404,-0.00588705250993371
3,movie,8,9,L8H9,0,<|endoftext|>,<|endoftext|>,0.0,0.0,0.0
3,movie,8,9,L8H9,1,Review,Review,0.0,0.0,0.0
3,movie,8,9,L8H9,2,:,:,0.0,0.0,0.0
3,movie,8,9,L8H9,3, The, The,0.0,0.0,0.0
3,movie,8,9,L8H9,4, acting, acting,0.0,0.0,0.0
3,movie,8,9,L8H9,5, was, was,0.0,0.0,0.0
3,movie,8,9,L8H9,6, amazing, horrible,0.14777922630310059,0.013916386291384697,0.0011092638596892357
3,movie,8,9,L8H9,7,.,.,0.23086249828338623,0.023045174777507782,0.00440030125901103
3,movie,8,9,L8H9,8,"
","
",0.19249935448169708,0.01926145702600479,0.004281685687601566
3,movie,8,9,L8H9,9,Sent,Sent,0.3205110728740692,0.032422520220279694,0.0021068942733108997
3,movie,8,9,L8H9,10,iment,iment,0.6105008721351624,0.06134033203125,-0.0062619708478450775
3,movie,8,9,L8H9,11,:,:,0.8928268551826477,0.09094711393117905,-0.0029174855444580317
3,movie,9,2,L9H2,0,<|endoftext|>,<|endoftext|>,0.0,0.0,0.0
3,movie,9,2,L9H2,1,Review,Review,0.0,0.0,0.0
3,movie,9,2,L9H2,2,:,:,0.0,0.0,0.0
3,movie,9,2,L9H2,3, The, The,0.0,0.0,0.0
3,movie,9,2,L9H2,4, acting, acting,0.0,0.0,0.0
3,movie,9,2,L9H2,5, was, was,0.0,0.0,0.0
3,movie,9,2,L9H2,6, amazing, horrible,0.06979914009571075,0.007325115613639355,0.002057149074971676
3,movie,9,2,L9H2,7,.,.,0.38095325231552124,0.039432376623153687,0.009210660122334957
3,movie,9,2,L9H2,8,"
","
",0.06974849849939346,0.007346104830503464,0.0008960472769103944
3,movie,9,2,L9H2,9,Sent,Sent,0.4220871329307556,0.044342029839754105,0.00019584130495786667
3,movie,9,2,L9H2,10,iment,iment,0.3299596309661865,0.03488602116703987,0.0025665489956736565
3,movie,9,2,L9H2,11,:,:,0.8933805823326111,0.09529046714305878,0.0025512673892080784
4,movie,10,4,L10H4,0,<|endoftext|>,<|endoftext|>,0.0,0.0,0.0
4,movie,10,4,L10H4,1,Review,Review,0.0,0.0,0.0
4,movie,10,4,L10H4,2,:,:,0.0,0.0,0.0
4,movie,10,4,L10H4,3, The, The,0.0,0.0,0.0
4,movie,10,4,L10H4,4, story, story,0.0,0.0,0.0
4,movie,10,4,L10H4,5, was, was,0.0,0.0,0.0
4,movie,10,4,L10H4,6, brilliant, dreadful,0.48308703303337097,0.05022779852151871,0.013927838765084743
4,movie,10,4,L10H4,7,.,.,0.7785894274711609,0.07775243371725082,0.01599133387207985
4,movie,10,4,L10H4,8,"
","
",0.15008650720119476,0.015189451165497303,0.0020610049832612276
4,movie,10,4,L10H4,9,Sent,Sent,0.094893679022789,0.009910961613059044,-0.00023328629322350025
4,movie,10,4,L10H4,10,iment,iment,0.8785793781280518,0.09213211387395859,0.0017319575417786837
4,movie,10,4,L10H4,11,:,:,2.0428900718688965,0.21489006280899048,0.005640370771288872
4,movie,8,9,L8H9,0,<|endoftext|>,<|endoftext|>,0.0,0.0,0.0
4,movie,8,9,L8H9,1,Review,Review,0.0,0.0,0.0
4,movie,8,9,L8H9,2,:,:,0.0,0.0,0.0
4,movie,8,9,L8H9,3, The, The,0.0,0.0,0.0
4,movie,8,9,L8H9,4, story, story,0.0,0.0,0.0
4,movie,8,9,L8H9,5, was, was,0.0,0.0,0.0
4,movie,8,9,L8H9,6, brilliant, dreadful,0.3197649419307709,0.030465878546237946,0.008225768804550171
4,movie,8,9,L8H9,7,.,.,0.26444628834724426,0.024953126907348633,0.005727676674723625
4,movie,8,9,L8H9,8,"
","
",0.1676926463842392,0.01620662771165371,0.0044798702001571655
4,movie,8,9,L8H9,9,Sent,Sent,0.194993793964386,0.019100066274404526,0.001685175346210599
4,movie,8,9,L8H9,10,iment,iment,0.4041815996170044,0.04228639602661133,-0.004763792268931866
4,movie,8,9,L8H9,11,:,:,0.8030674457550049,0.08320658653974533,-0.005337953567504883
4,movie,9,2,L9H2,0,<|endoftext|>,<|endoftext|>,0.0,0.0,0.0
4,movie,9,2,L9H2,1,Review,Review,0.0,0.0,0.0
4,movie,9,2,L9H2,2,:,:,0.0,0.0,0.0
4,movie,9,2,L9H2,3, The, The,0.0,0.0,0.0
4,movie,9,2,L9H2,4, story, story,0.0,0.0,0.0
4,movie,9,2,L9H2,5, was, was,0.0,0.0,0.0
4,movie,9,2,L9H2,6, brilliant, dreadful,0.1032768040895462,0.010884379036724567,0.001646416145376861
4,movie,9,2,L9H2,7,.,.,0.6801976561546326,0.07417461276054382,0.0032615112140774727
4,movie,9,2,L9H2,8,"
","
",0.08778295665979385,0.009535819292068481,0.0011590076610445976
4,movie,9,2,L9H2,9,Sent,Sent,0.45784276723861694,0.04977412149310112,0.00190941640175879
4,movie,9,2,L9H2,10,iment,iment,0.5358151793479919,0.05820045620203018,0.004145229235291481
4,movie,9,2,L9H2,11,:,:,1.3155804872512817,0.14041867852210999,0.016379401087760925
5,movie,10,4,L10H4,0,<|endoftext|>,<|endoftext|>,0.0,0.0,0.0
5,movie,10,4,L10H4,1,Review,Review,0.0,0.0,0.0
5,movie,10,4,L10H4,2,:,:,0.0,0.0,0.0
5,movie,10,4,L10H4,3, The, The,0.0,0.0,0.0
5,movie,10,4,L10H4,4, ending, ending,0.0,0.0,0.0
5,movie,10,4,L10H4,5, was, was,0.0,0.0,0.0
5,movie,10,4,L10H4,6, satisfying, disappointing,0.6939628720283508,0.06869573146104813,0.00770958699285984
5,movie,10,4,L10H4,7,.,.,0.500294029712677,0.04759755730628967,0.010280966758728027
5,movie,10,4,L10H4,8,"
","
",0.1843697726726532,0.01758904755115509,0.0038669859059154987
5,movie,10,4,L10H4,9,Sent,Sent,0.030834011733531952,0.003116360167041421,-0.0003461564192548394
5,movie,10,4,L10H4,10,iment,iment,0.3822937309741974,0.03760453313589096,-0.0038301520980894566
5,movie,10,4,L10H4,11,:,:,0.7577300071716309,0.07762089371681213,0.0014902330003678799
5,movie,8,9,L8H9,0,<|endoftext|>,<|endoftext|>,0.0,0.0,0.0
5,movie,8,9,L8H9,1,Review,Review,0.0,0.0,0.0
5,movie,8,9,L8H9,2,:,:,0.0,0.0,0.0
5,movie,8,9,L8H9,3, The, The,0.0,0.0,0.0
5,movie,8,9,L8H9,4, ending, ending,0.0,0.0,0.0
5,movie,8,9,L8H9,5, was, was,0.0,0.0,0.0
5,movie,8,9,L8H9,6, satisfying, disappointing,0.41561928391456604,0.04005197063088417,0.006112289149314165
5,movie,8,9,L8H9,7,.,.,0.23752102255821228,0.023867174983024597,0.001141133951023221
5,movie,8,9,L8H9,8,"
","
",0.2570168375968933,0.026332855224609375,-0.003534946357831359
5,movie,8,9,L8H9,9,Sent,Sent,0.2526501417160034,0.0259980671107769,-0.0049742646515369415
5,movie,8,9,L8H9,10,iment,iment,0.5526895523071289,0.057907506823539734,-0.01521394494920969
5,movie,8,9,L8H9,11,:,:,0.564238429069519,0.05841146782040596,-0.007203423418104649
5,movie,9,2,L9H2,0,<|endoftext|>,<|endoftext|>,0.0,0.0,0.0
5,movie,9,2,L9H2,1,Review,Review,0.0,0.0,0.0
5,movie,9,2,L9H2,2,:,:,0.0,0.0,0.0
5,movie,9,2,L9H2,3, The, The,0.0,0.0,0.0
5,movie,9,2,L9H2,4, ending, ending,0.0,0.0,0.0
5,movie,9,2,L9H2,5, was, was,0.0,0.0,0.0
5,movie,9,2,L9H2,6, satisfying, disappointing,0.0678236186504364,0.006780165713280439,-2.1354644559323788e-06
5,movie,9,2,L9H2,7,.,.,0.5211414694786072,0.050104930996894836,-0.006777032744139433
5,movie,9,2,L9H2,8,"
","
",0.06130838021636009,0.006240369286388159,0.0006636448670178652
5,movie,9,2,L9H2,9,Sent,Sent,0.3240877389907837,0.031656306236982346,-0.003316208953037858
5,movie,9,2,L9H2,10,iment,iment,0.3615953326225281,0.035141721367836,-0.003877178533002734
5,movie,9,2,L9H2,11,:,:,0.9895601272583008,0.10179518163204193,-0.005860259756445885
6,movie,10,4,L10H4,0,<|endoftext|>,<|endoftext|>,0.0,0.0,0.0
6,movie,10,4,L10H4,1,Review,Review,0.0,0.0,0.0
6,movie,10,4,L10H4,2,:,:,0.0,0.0,0.0
6,movie,10,4,L10H4,3, The, The,0.0,0.0,0.0
6,movie,10,4,L10H4,4, performance, performance,0.0,0.0,0.0
6,movie,10,4,L10H4,5, was, was,0.0,0.0,0.0
6,movie,10,4,L10H4,6, outstanding, terrible,0.7983143925666809,0.07250629365444183,0.007162305526435375
6,movie,10,4,L10H4,7,.,.,0.37530288100242615,0.03744050860404968,0.0045921700075268745
6,movie,10,4,L10H4,8,"
","
",0.07886908203363419,0.007811152376234531,-0.0016311404760926962
6,movie,10,4,L10H4,9,Sent,Sent,0.021105166524648666,0.0021200974006205797,6.28991547273472e-05
6,movie,10,4,L10H4,10,iment,iment,0.43182870745658875,0.04137708619236946,-5.3594354540109634e-05
6,movie,10,4,L10H4,11,:,:,1.0036975145339966,0.09763098508119583,0.0035277302376925945
6,movie,8,9,L8H9,0,<|endoftext|>,<|endoftext|>,0.0,0.0,0.0
6,movie,8,9,L8H9,1,Review,Review,0.0,0.0,0.0
6,movie,8,9,L8H9,2,:,:,0.0,0.0,0.0
6,movie,8,9,L8H9,3, The, The,0.0,0.0,0.0
6,movie,8,9,L8H9,4, performance, performance,0.0,0.0,0.0
6,movie,8,9,L8H9,5, was, was,0.0,0.0,0.0
6,movie,8,9,L8H9,6, outstanding, terrible,0.19147823750972748,0.01882150210440159,0.0010497800540179014
6,movie,8,9,L8H9,7,.,.,0.17411695420742035,0.018057815730571747,0.002448895713314414
6,movie,8,9,L8H9,8,"
","
",0.18238474428653717,0.01835748367011547,-0.0004758029826916754
6,movie,8,9,L8H9,9,Sent,Sent,0.34120678901672363,0.033048950135707855,-0.0024809648748487234
6,movie,8,9,L8H9,10,iment,iment,0.5520291924476624,0.053502291440963745,-0.005488117691129446
6,movie,8,9,L8H9,11,:,:,0.6826053857803345,0.06984713673591614,-0.0007334512192755938
6,movie,9,2,L9H2,0,<|endoftext|>,<|endoftext|>,0.0,0.0,0.0
6,movie,9,2,L9H2,1,Review,Review,0.0,0.0,0.0
6,movie,9,2,L9H2,2,:,:,0.0,0.0,0.0
6,movie,9,2,L9H2,3, The, The,0.0,0.0,0.0
6,movie,9,2,L9H2,4, performance, performance,0.0,0.0,0.0
6,movie,9,2,L9H2,5, was, was,0.0,0.0,0.0
6,movie,9,2,L9H2,6, outstanding, terrible,0.06601212918758392,0.006865045987069607,-0.0012434101663529873
6,movie,9,2,L9H2,7,.,.,0.3813883066177368,0.03961366042494774,-0.003179109189659357
6,movie,9,2,L9H2,8,"
","
",0.07337656617164612,0.007712339982390404,-0.000874354736879468
6,movie,9,2,L9H2,9,Sent,Sent,0.6426125168800354,0.06790593266487122,-0.0021860511042177677
6,movie,9,2,L9H2,10,iment,iment,0.3557829260826111,0.03768831491470337,-0.0015400920528918505
6,movie,9,2,L9H2,11,:,:,0.9011569023132324,0.09469858556985855,-0.005045202560722828
7,movie,10,4,L10H4,0,<|endoftext|>,<|endoftext|>,0.0,0.0,0.0
7,movie,10,4,L10H4,1,Review,Review,0.0,0.0,0.0
7,movie,10,4,L10H4,2,:,:,0.0,0.0,0.0
7,movie,10,4,L10H4,3, The, The,0.0,0.0,0.0
7,movie,10,4,L10H4,4, director, director,0.0,0.0,0.0
7,movie,10,4,L10H4,5, was, was,0.0,0.0,0.0
7,movie,10,4,L10H4,6, talented, incompetent,0.24971763789653778,0.02395366132259369,0.0007671184139326215
7,movie,10,4,L10H4,7,.,.,0.90592360496521,0.0891176387667656,0.022237107157707214
7,movie,10,4,L10H4,8,"
","
",0.13783729076385498,0.013448618352413177,0.0007189951138570905
7,movie,10,4,L10H4,9,Sent,Sent,0.048991791903972626,0.004954312928020954,0.0008170949877239764
7,movie,10,4,L10H4,10,iment,iment,0.6162755489349365,0.06258191913366318,0.01111193560063839
7,movie,10,4,L10H4,11,:,:,1.1997851133346558,0.11774152517318726,0.02412809431552887
7,movie,8,9,L8H9,0,<|endoftext|>,<|endoftext|>,0.0,0.0,0.0
7,movie,8,9,L8H9,1,Review,Review,0.0,0.0,0.0
7,movie,8,9,L8H9,2,:,:,0.0,0.0,0.0
7,movie,8,9,L8H9,3, The, The,0.0,0.0,0.0
7,movie,8,9,L8H9,4, director, director,0.0,0.0,0.0
7,movie,8,9,L8H9,5, was, was,0.0,0.0,0.0
7,movie,8,9,L8H9,6, talented, incompetent,0.6863805651664734,0.0687023177742958,-0.0067468201741576195
7,movie,8,9,L8H9,7,.,.,0.9377921223640442,0.09679324924945831,-0.0033687883988022804
7,movie,8,9,L8H9,8,"
","
",0.4449961483478546,0.0447995699942112,0.0038054301403462887
7,movie,8,9,L8H9,9,Sent,Sent,0.43622955679893494,0.04482515528798103,0.00015372387133538723
7,movie,8,9,L8H9,10,iment,iment,0.5217636823654175,0.05307795852422714,-0.00561063177883625
7,movie,8,9,L8H9,11,:,:,0.6304325461387634,0.06300602108240128,-0.0046859011054039
7,movie,9,2,L9H2,0,<|endoftext|>,<|endoftext|>,0.0,0.0,0.0
7,movie,9,2,L9H2,1,Review,Review,0.0,0.0,0.0
7,movie,9,2,L9H2,2,:,:,0.0,0.0,0.0
7,movie,9,2,L9H2,3, The, The,0.0,0.0,0.0
7,movie,9,2,L9H2,4, director, director,0.0,0.0,0.0
7,movie,9,2,L9H2,5, was, was,0.0,0.0,0.0
7,movie,9,2,L9H2,6, talented, incompetent,0.13872985541820526,0.014299675822257996,-0.0018525675404816866
7,movie,9,2,L9H2,7,.,.,0.2915812134742737,0.030017320066690445,-0.0023907192517071962
7,movie,9,2,L9H2,8,"
","
",0.03934549167752266,0.004073674790561199,-0.0004551992751657963
7,movie,9,2,L9H2,9,Sent,Sent,0.40268614888191223,0.040076062083244324,-0.008083580061793327
7,movie,9,2,L9H2,10,iment,iment,0.2598594129085541,0.026150153949856758,-0.004003830254077911
7,movie,9,2,L9H2,11,:,:,0.5943977236747742,0.05874698609113693,-0.01030447706580162
9,movie,10,4,L10H4,0,<|endoftext|>,<|endoftext|>,0.0,0.0,0.0
9,movie,10,4,L10H4,1,Review,Review,0.0,0.0,0.0
9,movie,10,4,L10H4,2,:,:,0.0,0.0,0.0
9,movie,10,4,L10H4,3, The, The,0.0,0.0,0.0
9,movie,10,4,L10H4,4, characters, characters,0.0,0.0,0.0
9,movie,10,4,L10H4,5, were, were,0.0,0.0,0.0
9,movie,10,4,L10H4,6, engaging, boring,0.6814202666282654,0.06821571290493011,0.013184959068894386
9,movie,10,4,L10H4,7,.,.,0.6545599699020386,0.06233668327331543,0.009254987351596355
9,movie,10,4,L10H4,8,"
","
",0.10365967452526093,0.010436245240271091,-0.0013504170347005129
9,movie,10,4,L10H4,9,Sent,Sent,0.02097458764910698,0.00205748388543725,0.0004440119373612106
9,movie,10,4,L10H4,10,iment,iment,0.23095902800559998,0.022330814972519875,0.00320848124101758
9,movie,10,4,L10H4,11,:,:,0.7230799794197083,0.07359973341226578,0.0056259967386722565
9,movie,8,9,L8H9,0,<|endoftext|>,<|endoftext|>,0.0,0.0,0.0
9,movie,8,9,L8H9,1,Review,Review,0.0,0.0,0.0
9,movie,8,9,L8H9,2,:,:,0.0,0.0,0.0
9,movie,8,9,L8H9,3, The, The,0.0,0.0,0.0
9,movie,8,9,L8H9,4, characters, characters,0.0,0.0,0.0
9,movie,8,9,L8H9,5, were, were,0.0,0.0,0.0
9,movie,8,9,L8H9,6, engaging, boring,0.2142355740070343,0.0220310240983963,0.005428096279501915
9,movie,8,9,L8H9,7,.,.,0.5867131948471069,0.05828937515616417,0.010774992406368256
9,movie,8,9,L8H9,8,"
","
",0.341348260641098,0.03259743005037308,0.0056114187464118
9,movie,8,9,L8H9,9,Sent,Sent,0.3576508164405823,0.034464843571186066,0.005618650931864977
9,movie,8,9,L8H9,10,iment,iment,0.6226083636283875,0.06285953521728516,0.006408843211829662
9,movie,8,9,L8H9,11,:,:,1.0647597312927246,0.11081637442111969,0.006003896705806255
9,movie,9,2,L9H2,0,<|endoftext|>,<|endoftext|>,0.0,0.0,0.0
9,movie,9,2,L9H2,1,Review,Review,0.0,0.0,0.0
9,movie,9,2,L9H2,2,:,:,0.0,0.0,0.0
9,movie,9,2,L9H2,3, The, The,0.0,0.0,0.0
9,movie,9,2,L9H2,4, characters, characters,0.0,0.0,0.0
9,movie,9,2,L9H2,5, were, were,0.0,0.0,0.0
9,movie,9,2,L9H2,6, engaging, boring,0.08854371309280396,0.009176619350910187,-0.0022727870382368565
9,movie,9,2,L9H2,7,.,.,0.5727105736732483,0.0601624958217144,-0.0008467996958643198
9,movie,9,2,L9H2,8,"
","
",0.03499969094991684,0.0036445686127990484,-0.0006188369588926435
9,movie,9,2,L9H2,9,Sent,Sent,0.134141206741333,0.013928689062595367,-0.003125347662717104
9,movie,9,2,L9H2,10,iment,iment,0.12393508851528168,0.012490877881646156,-0.0026154471561312675
9,movie,9,2,L9H2,11,:,:,0.47663187980651855,0.049130767583847046,-0.011018194258213043
10,movie,10,4,L10H4,0,<|endoftext|>,<|endoftext|>,0.0,0.0,0.0
10,movie,10,4,L10H4,1,Review,Review,0.0,0.0,0.0
10,movie,10,4,L10H4,2,:,:,0.0,0.0,0.0
10,movie,10,4,L10H4,3, The, The,0.0,0.0,0.0
10,movie,10,4,L10H4,4, dialogue, dialogue,0.0,0.0,0.0
10,movie,10,4,L10H4,5, was, was,0.0,0.0,0.0
10,movie,10,4,L10H4,6, clever, stupid,0.5432475805282593,0.055698104202747345,0.007861458696424961
10,movie,10,4,L10H4,7,.,.,1.0102306604385376,0.10137695074081421,0.015317197889089584
10,movie,10,4,L10H4,8,"
","
",0.215029776096344,0.020855078473687172,-0.003433777019381523
10,movie,10,4,L10H4,9,Sent,Sent,0.03860405460000038,0.0038789305835962296,0.00026381868519820273
10,movie,10,4,L10H4,10,iment,iment,0.6159499883651733,0.06228893622756004,0.0037565960083156824
10,movie,10,4,L10H4,11,:,:,1.9324945211410522,0.2002357542514801,0.016060704365372658
10,movie,8,9,L8H9,0,<|endoftext|>,<|endoftext|>,0.0,0.0,0.0
10,movie,8,9,L8H9,1,Review,Review,0.0,0.0,0.0
10,movie,8,9,L8H9,2,:,:,0.0,0.0,0.0
10,movie,8,9,L8H9,3, The, The,0.0,0.0,0.0
10,movie,8,9,L8H9,4, dialogue, dialogue,0.0,0.0,0.0
10,movie,8,9,L8H9,5, was, was,0.0,0.0,0.0
10,movie,8,9,L8H9,6, clever, stupid,0.1510375589132309,0.015627099201083183,-0.001628206460736692
10,movie,8,9,L8H9,7,.,.,0.3676042854785919,0.036132823675870895,-0.0038598370738327503
10,movie,8,9,L8H9,8,"
","
",0.2759598195552826,0.02804226614534855,0.0010616914369165897
10,movie,8,9,L8H9,9,Sent,Sent,0.23050591349601746,0.021780122071504593,-0.0021376232616603374
10,movie,8,9,L8H9,10,iment,iment,0.3678719401359558,0.036620818078517914,-0.004580926150083542
10,movie,8,9,L8H9,11,:,:,0.7400579452514648,0.07394205778837204,-0.008337181061506271
10,movie,9,2,L9H2,0,<|endoftext|>,<|endoftext|>,0.0,0.0,0.0
10,movie,9,2,L9H2,1,Review,Review,0.0,0.0,0.0
10,movie,9,2,L9H2,2,:,:,0.0,0.0,0.0
10,movie,9,2,L9H2,3, The, The,0.0,0.0,0.0
10,movie,9,2,L9H2,4, dialogue, dialogue,0.0,0.0,0.0
10,movie,9,2,L9H2,5, was, was,0.0,0.0,0.0
10,movie,9,2,L9H2,6, clever, stupid,0.1141488254070282,0.012032217346131802,-0.00040829871431924403
10,movie,9,2,L9H2,7,.,.,0.24217630922794342,0.025823405012488365,-0.001797359436750412
10,movie,9,2,L9H2,8,"
","
",0.030125416815280914,0.0029610812198370695,1.3934666640125215e-05
10,movie,9,2,L9H2,9,Sent,Sent,0.22930386662483215,0.023280823603272438,-0.003101716050878167
10,movie,9,2,L9H2,10,iment,iment,0.27372118830680847,0.027731681242585182,-0.0025351494550704956
10,movie,9,2,L9H2,11,:,:,0.4932120740413666,0.04861855134367943,-0.0020196319092065096
11,movie,10,4,L10H4,0,<|endoftext|>,<|endoftext|>,0.0,0.0,0.0
11,movie,10,4,L10H4,1,Review,Review,0.0,0.0,0.0
11,movie,10,4,L10H4,2,:,:,0.0,0.0,0.0
11,movie,10,4,L10H4,3, The, The,0.0,0.0,0.0
11,movie,10,4,L10H4,4, screenplay, screenplay,0.0,0.0,0.0
11,movie,10,4,L10H4,5, was, was,0.0,0.0,0.0
11,movie,10,4,L10H4,6, impressive, disappointing,0.15015970170497894,0.014877011068165302,0.0013392185792326927
11,movie,10,4,L10H4,7,.,.,0.6649349331855774,0.06522607803344727,0.014575985260307789
11,movie,10,4,L10H4,8,"
","
",0.09744570404291153,0.009160327725112438,-0.0003297952935099602
11,movie,10,4,L10H4,9,Sent,Sent,0.0458366721868515,0.004634796641767025,-7.023403304629028e-05
11,movie,10,4,L10H4,10,iment,iment,0.7431116700172424,0.07310034334659576,-0.0027799801900982857
11,movie,10,4,L10H4,11,:,:,1.137886643409729,0.1127036064863205,0.0033687185496091843
11,movie,8,9,L8H9,0,<|endoftext|>,<|endoftext|>,0.0,0.0,0.0
11,movie,8,9,L8H9,1,Review,Review,0.0,0.0,0.0
11,movie,8,9,L8H9,2,:,:,0.0,0.0,0.0
11,movie,8,9,L8H9,3, The, The,0.0,0.0,0.0
11,movie,8,9,L8H9,4, screenplay, screenplay,0.0,0.0,0.0
11,movie,8,9,L8H9,5, was, was,0.0,0.0,0.0
11,movie,8,9,L8H9,6, impressive, disappointing,0.2827039361000061,0.027694500982761383,0.0035982660483568907
11,movie,8,9,L8H9,7,.,.,0.2765752971172333,0.026839036494493484,0.002502873307093978
11,movie,8,9,L8H9,8,"
","
",0.27924585342407227,0.027561869472265244,0.005625154357403517
11,movie,8,9,L8H9,9,Sent,Sent,0.2183201164007187,0.021788159385323524,0.003254919545724988
11,movie,8,9,L8H9,10,iment,iment,0.4256984293460846,0.04318619146943092,0.0020679496228694916
11,movie,8,9,L8H9,11,:,:,0.8890833854675293,0.09074845165014267,0.012896032072603703
11,movie,9,2,L9H2,0,<|endoftext|>,<|endoftext|>,0.0,0.0,0.0
11,movie,9,2,L9H2,1,Review,Review,0.0,0.0,0.0
11,movie,9,2,L9H2,2,:,:,0.0,0.0,0.0
11,movie,9,2,L9H2,3, The, The,0.0,0.0,0.0
11,movie,9,2,L9H2,4, screenplay, screenplay,0.0,0.0,0.0
11,movie,9,2,L9H2,5, was, was,0.0,0.0,0.0
11,movie,9,2,L9H2,6, impressive, disappointing,0.035953398793935776,0.003596681170165539,7.643879507668316e-05
11,movie,9,2,L9H2,7,.,.,0.28729405999183655,0.029166635125875473,-0.0016348259523510933
11,movie,9,2,L9H2,8,"
","
",0.04578765109181404,0.004829423502087593,0.00036822102265432477
11,movie,9,2,L9H2,9,Sent,Sent,0.3047509491443634,0.030115239322185516,-0.0036460687406361103
11,movie,9,2,L9H2,10,iment,iment,0.4395589828491211,0.04412394016981125,-0.0016514314338564873
11,movie,9,2,L9H2,11,:,:,1.1609903573989868,0.11731266975402832,-0.0034996969625353813
13,movie,10,4,L10H4,0,<|endoftext|>,<|endoftext|>,0.0,0.0,0.0
13,movie,10,4,L10H4,1,Review,Review,0.0,0.0,0.0
13,movie,10,4,L10H4,2,:,:,0.0,0.0,0.0
13,movie,10,4,L10H4,3, The, The,0.0,0.0,0.0
13,movie,10,4,L10H4,4, pacing, pacing,0.0,0.0,0.0
13,movie,10,4,L10H4,5, was, was,0.0,0.0,0.0
13,movie,10,4,L10H4,6, perfect, awful,0.09743551164865494,0.009528758004307747,0.00037309908657334745
13,movie,10,4,L10H4,7,.,.,0.514526903629303,0.05116249993443489,0.004070894327014685
13,movie,10,4,L10H4,8,"
","
",0.10200009495019913,0.009718854911625385,0.00022371159866452217
13,movie,10,4,L10H4,9,Sent,Sent,0.03419123589992523,0.003666477743536234,-0.00036305253161117435
13,movie,10,4,L10H4,10,iment,iment,0.6195402145385742,0.06506429612636566,-0.0082931537181139
13,movie,10,4,L10H4,11,:,:,1.1305458545684814,0.12083926796913147,-0.010234769433736801
13,movie,8,9,L8H9,0,<|endoftext|>,<|endoftext|>,0.0,0.0,0.0
13,movie,8,9,L8H9,1,Review,Review,0.0,0.0,0.0
13,movie,8,9,L8H9,2,:,:,0.0,0.0,0.0
13,movie,8,9,L8H9,3, The, The,0.0,0.0,0.0
13,movie,8,9,L8H9,4, pacing, pacing,0.0,0.0,0.0
13,movie,8,9,L8H9,5, was, was,0.0,0.0,0.0
13,movie,8,9,L8H9,6, perfect, awful,0.2989538013935089,0.029356664046645164,-0.004623850807547569
13,movie,8,9,L8H9,7,.,.,0.2842833995819092,0.02833162248134613,0.008004678413271904
13,movie,8,9,L8H9,8,"
","
",0.16203133761882782,0.01588677242398262,0.004201545380055904
13,movie,8,9,L8H9,9,Sent,Sent,0.200114443898201,0.02042853645980358,0.0022613734472543
13,movie,8,9,L8H9,10,iment,iment,0.38264307379722595,0.04093020036816597,-0.0021655717864632607
13,movie,8,9,L8H9,11,:,:,0.6933060884475708,0.07408285140991211,0.002062378916889429
13,movie,9,2,L9H2,0,<|endoftext|>,<|endoftext|>,0.0,0.0,0.0
13,movie,9,2,L9H2,1,Review,Review,0.0,0.0,0.0
13,movie,9,2,L9H2,2,:,:,0.0,0.0,0.0
13,movie,9,2,L9H2,3, The, The,0.0,0.0,0.0
13,movie,9,2,L9H2,4, pacing, pacing,0.0,0.0,0.0
13,movie,9,2,L9H2,5, was, was,0.0,0.0,0.0
13,movie,9,2,L9H2,6, perfect, awful,0.2964370548725128,0.029172802343964577,0.007643007207661867
13,movie,9,2,L9H2,7,.,.,0.30730193853378296,0.031483590602874756,-0.004313240759074688
13,movie,9,2,L9H2,8,"
","
",0.044240325689315796,0.0046023111790418625,-7.774302503094077e-05
13,movie,9,2,L9H2,9,Sent,Sent,0.20117618143558502,0.021204862743616104,-0.0009436053223907948
13,movie,9,2,L9H2,10,iment,iment,0.1884281039237976,0.019511299207806587,-0.00014904036652296782
13,movie,9,2,L9H2,11,:,:,0.4640616178512573,0.049210324883461,0.00031296582892537117
14,movie,10,4,L10H4,0,<|endoftext|>,<|endoftext|>,0.0,0.0,0.0
14,movie,10,4,L10H4,1,Review,Review,0.0,0.0,0.0
14,movie,10,4,L10H4,2,:,:,0.0,0.0,0.0
14,movie,10,4,L10H4,3, The, The,3.5852352198162407e-07,3.318390895401535e-08,2.935763632194721e-09
14,movie,10,4,L10H4,4, acting, acting,5.862842726855888e-07,5.264337232802063e-08,2.4028850020840764e-09
14,movie,10,4,L10H4,5, was, was,1.6123545947266393e-06,1.5366094885393977e-07,-3.426248440518975e-08
14,movie,10,4,L10H4,6, convincing, uncon,2.3608248233795166,0.21111151576042175,0.015752743929624557
14,movie,10,4,L10H4,7,.,v,0.9603855609893799,0.08217753469944,0.01491909846663475
14,movie,10,4,L10H4,8,"
",inc,0.5101269483566284,0.04680125415325165,0.009793393313884735
14,movie,10,4,L10H4,9,Sent,ing,2.103527069091797,0.18414564430713654,-0.016811134293675423
14,movie,10,4,L10H4,10,iment,.,0.3204546272754669,0.031771548092365265,0.0007723875460214913
14,movie,10,4,L10H4,11,:,"
",1.042799711227417,0.10312747955322266,0.02164817787706852
14,movie,8,9,L8H9,0,<|endoftext|>,<|endoftext|>,0.0,0.0,0.0
14,movie,8,9,L8H9,1,Review,Review,0.0,0.0,0.0
14,movie,8,9,L8H9,2,:,:,0.0,0.0,0.0
14,movie,8,9,L8H9,3, The, The,1.3410337373898074e-07,1.216903910972178e-08,5.016772774979472e-09
14,movie,8,9,L8H9,4, acting, acting,9.767264828042244e-07,9.829818736761808e-08,3.536115400493145e-09
14,movie,8,9,L8H9,5, was, was,2.040854724327801e-06,2.0402876543812454e-07,-6.100890459492803e-09
14,movie,8,9,L8H9,6, convincing, uncon,0.31469962000846863,0.0313122533261776,-0.013045307248830795
14,movie,8,9,L8H9,7,.,v,0.4830552339553833,0.04449254274368286,-0.017328333109617233
14,movie,8,9,L8H9,8,"
",inc,0.5929768085479736,0.056880973279476166,-0.014323004521429539
14,movie,8,9,L8H9,9,Sent,ing,0.4810556173324585,0.04842061549425125,0.002064834348857403
14,movie,8,9,L8H9,10,iment,.,0.6179268956184387,0.06431379914283752,-0.005733030382543802
14,movie,8,9,L8H9,11,:,"
",1.4448896646499634,0.14417602121829987,-0.033922914415597916
14,movie,9,2,L9H2,0,<|endoftext|>,<|endoftext|>,0.0,0.0,0.0
14,movie,9,2,L9H2,1,Review,Review,0.0,0.0,0.0
14,movie,9,2,L9H2,2,:,:,0.0,0.0,0.0
14,movie,9,2,L9H2,3, The, The,4.763347405400964e-08,4.694925337389577e-09,-1.6649437384330668e-09
14,movie,9,2,L9H2,4, acting, acting,1.491507504169931e-07,1.4848410501144826e-08,6.784830475226045e-10
14,movie,9,2,L9H2,5, was, was,1.019489900500048e-06,1.0026269592344761e-07,-1.7549609765410423e-08
14,movie,9,2,L9H2,6, convincing, uncon,0.9057168960571289,0.08955816924571991,-0.028947701677680016
14,movie,9,2,L9H2,7,.,v,0.9072234630584717,0.08867765218019485,0.021950628608465195
14,movie,9,2,L9H2,8,"
",inc,0.09931990504264832,0.009369761683046818,0.0034793515224009752
14,movie,9,2,L9H2,9,Sent,ing,0.13499636948108673,0.014036464504897594,0.001474994234740734
14,movie,9,2,L9H2,10,iment,.,0.7782494425773621,0.07574240863323212,-0.024199578911066055
14,movie,9,2,L9H2,11,:,"
",1.7554409503936768,0.17295339703559875,0.05501753091812134
21,movie,10,4,L10H4,0,<|endoftext|>,<|endoftext|>,0.0,0.0,0.0
21,movie,10,4,L10H4,1,Review,Review,0.0,0.0,0.0
21,movie,10,4,L10H4,2,:,:,0.0,0.0,0.0
21,movie,10,4,L10H4,3, I, I,0.0,0.0,0.0
21,movie,10,4,L10H4,4, found, found,0.0,0.0,0.0
21,movie,10,4,L10H4,5, the, the,0.0,0.0,0.0
21,movie,10,4,L10H4,6, movie, movie,0.0,0.0,0.0
21,movie,10,4,L10H4,7, genuinely, genuinely,0.0,0.0,0.0
21,movie,10,4,L10H4,8, enjoyable, unpleasant,0.6125929355621338,0.057633716613054276,0.009369454346597195
21,movie,10,4,L10H4,9,.,.,0.5120476484298706,0.05257801711559296,0.005878973752260208
21,movie,10,4,L10H4,10,"
","
",0.17988628149032593,0.017753221094608307,-0.0013878198806196451
21,movie,10,4,L10H4,11,Sent,Sent,0.029169563204050064,0.0030577336438000202,-0.00041818030877038836
21,movie,10,4,L10H4,12,iment,iment,0.2922936677932739,0.031061220914125443,-0.004351537209004164
21,movie,10,4,L10H4,13,:,:,1.1804739236831665,0.1251700222492218,-0.015644358471035957
21,movie,8,9,L8H9,0,<|endoftext|>,<|endoftext|>,0.0,0.0,0.0
21,movie,8,9,L8H9,1,Review,Review,0.0,0.0,0.0
21,movie,8,9,L8H9,2,:,:,0.0,0.0,0.0
21,movie,8,9,L8H9,3, I, I,0.0,0.0,0.0
21,movie,8,9,L8H9,4, found, found,0.0,0.0,0.0
21,movie,8,9,L8H9,5, the, the,0.0,0.0,0.0
21,movie,8,9,L8H9,6, movie, movie,0.0,0.0,0.0
21,movie,8,9,L8H9,7, genuinely, genuinely,0.0,0.0,0.0
21,movie,8,9,L8H9,8, enjoyable, unpleasant,0.1761549711227417,0.017637576907873154,0.0020958296954631805
21,movie,8,9,L8H9,9,.,.,0.19177983701229095,0.019246511161327362,0.0031171031296253204
21,movie,8,9,L8H9,10,"
","
",0.24329669773578644,0.02422676607966423,0.0034976075403392315
21,movie,8,9,L8H9,11,Sent,Sent,0.3338473439216614,0.03410772979259491,0.002575470833107829
21,movie,8,9,L8H9,12,iment,iment,0.7175624966621399,0.07620151340961456,-0.006816892884671688
21,movie,8,9,L8H9,13,:,:,0.6921786069869995,0.07180915772914886,0.002672918140888214
21,movie,9,2,L9H2,0,<|endoftext|>,<|endoftext|>,0.0,0.0,0.0
21,movie,9,2,L9H2,1,Review,Review,0.0,0.0,0.0
21,movie,9,2,L9H2,2,:,:,0.0,0.0,0.0
21,movie,9,2,L9H2,3, I, I,0.0,0.0,0.0
21,movie,9,2,L9H2,4, found, found,0.0,0.0,0.0
21,movie,9,2,L9H2,5, the, the,0.0,0.0,0.0
21,movie,9,2,L9H2,6, movie, movie,0.0,0.0,0.0
21,movie,9,2,L9H2,7, genuinely, genuinely,0.0,0.0,0.0
21,movie,9,2,L9H2,8, enjoyable, unpleasant,0.11733359098434448,0.0116732157766819,0.0012215428287163377
21,movie,9,2,L9H2,9,.,.,0.5840461850166321,0.06007237732410431,0.005637339316308498
21,movie,9,2,L9H2,10,"
","
",0.10034259408712387,0.010251673869788647,0.001041509211063385
21,movie,9,2,L9H2,11,Sent,Sent,0.4418331980705261,0.04423903301358223,-0.0009149224497377872
21,movie,9,2,L9H2,12,iment,iment,0.24213725328445435,0.024782363325357437,0.001970363315194845
21,movie,9,2,L9H2,13,:,:,1.121490716934204,0.11419090628623962,0.013969220221042633
23,movie,10,4,L10H4,0,<|endoftext|>,<|endoftext|>,0.0,0.0,0.0
23,movie,10,4,L10H4,1,Review,Review,0.0,0.0,0.0
23,movie,10,4,L10H4,2,:,:,0.0,0.0,0.0
23,movie,10,4,L10H4,3, The, The,0.0,0.0,0.0
23,movie,10,4,L10H4,4, performances, performances,0.0,0.0,0.0
23,movie,10,4,L10H4,5, made, made,0.0,0.0,0.0
23,movie,10,4,L10H4,6, the, the,0.0,0.0,0.0
23,movie,10,4,L10H4,7, film, film,0.0,0.0,0.0
23,movie,10,4,L10H4,8, remarkable, forget,1.694006323814392,0.15375706553459167,0.011991905979812145
23,movie,10,4,L10H4,9,.,table,1.2552558183670044,0.12372172623872757,-0.003682384267449379
23,movie,10,4,L10H4,10,"
",.,0.5113807320594788,0.052429262548685074,-0.0065106116235256195
23,movie,10,4,L10H4,11,Sent,"
",0.2588038146495819,0.024889502674341202,-0.0029804438818246126
23,movie,10,4,L10H4,12,iment,Sent,1.1502326726913452,0.10908917337656021,0.009566851891577244
23,movie,10,4,L10H4,13,:,iment,1.3534152507781982,0.1372959166765213,0.013014519587159157
23,movie,8,9,L8H9,0,<|endoftext|>,<|endoftext|>,0.0,0.0,0.0
23,movie,8,9,L8H9,1,Review,Review,0.0,0.0,0.0
23,movie,8,9,L8H9,2,:,:,0.0,0.0,0.0
23,movie,8,9,L8H9,3, The, The,0.0,0.0,0.0
23,movie,8,9,L8H9,4, performances, performances,0.0,0.0,0.0
23,movie,8,9,L8H9,5, made, made,0.0,0.0,0.0
23,movie,8,9,L8H9,6, the, the,0.0,0.0,0.0
23,movie,8,9,L8H9,7, film, film,0.0,0.0,0.0
23,movie,8,9,L8H9,8, remarkable, forget,0.7725740671157837,0.0751199722290039,-0.010967484675347805
23,movie,8,9,L8H9,9,.,table,0.5332992076873779,0.05123068764805794,-0.0023010922595858574
23,movie,8,9,L8H9,10,"
",.,0.8548598885536194,0.08496011048555374,0.017726119607686996
23,movie,8,9,L8H9,11,Sent,"
",0.3460841774940491,0.03446519374847412,0.009988285601139069
23,movie,8,9,L8H9,12,iment,Sent,0.6947131156921387,0.07160934805870056,-0.011303121224045753
23,movie,8,9,L8H9,13,:,iment,0.8265045285224915,0.08283011615276337,-0.007882155478000641
23,movie,9,2,L9H2,0,<|endoftext|>,<|endoftext|>,0.0,0.0,0.0
23,movie,9,2,L9H2,1,Review,Review,0.0,0.0,0.0
23,movie,9,2,L9H2,2,:,:,0.0,0.0,0.0
23,movie,9,2,L9H2,3, The, The,0.0,0.0,0.0
23,movie,9,2,L9H2,4, performances, performances,0.0,0.0,0.0
23,movie,9,2,L9H2,5, made, made,0.0,0.0,0.0
23,movie,9,2,L9H2,6, the, the,0.0,0.0,0.0
23,movie,9,2,L9H2,7, film, film,0.0,0.0,0.0
23,movie,9,2,L9H2,8, remarkable, forget,0.03384969383478165,0.003425689646974206,-0.0007539554499089718
23,movie,9,2,L9H2,9,.,table,0.9269087314605713,0.09385022521018982,0.02132633700966835
23,movie,9,2,L9H2,10,"
",.,0.8631238341331482,0.08295892179012299,-0.024880167096853256
23,movie,9,2,L9H2,11,Sent,"
",0.2433660477399826,0.0241662859916687,0.006111445836722851
23,movie,9,2,L9H2,12,iment,Sent,0.31834137439727783,0.03111431561410427,0.0025990623980760574
23,movie,9,2,L9H2,13,:,iment,1.8726825714111328,0.18930281698703766,0.028905261307954788
24,movie,10,4,L10H4,0,<|endoftext|>,<|endoftext|>,0.0,0.0,0.0
24,movie,10,4,L10H4,1,Review,Review,0.0,0.0,0.0
24,movie,10,4,L10H4,2,:,:,0.0,0.0,0.0
24,movie,10,4,L10H4,3, After, After,0.0,0.0,0.0
24,movie,10,4,L10H4,4, watching, watching,0.0,0.0,0.0
24,movie,10,4,L10H4,5, it, it,0.0,0.0,0.0
24,movie,10,4,L10H4,6,",",",",0.0,0.0,0.0
24,movie,10,4,L10H4,7, I, I,0.0,0.0,0.0
24,movie,10,4,L10H4,8, felt, felt,0.0,0.0,0.0
24,movie,10,4,L10H4,9, impressed, disappointed,0.22130578756332397,0.02274460904300213,0.0022714044898748398
24,movie,10,4,L10H4,10,.,.,0.4660382568836212,0.0454215444624424,0.004173556342720985
24,movie,10,4,L10H4,11,"
","
",0.12853044271469116,0.012980368919670582,-0.0012144172796979547
24,movie,10,4,L10H4,12,Sent,Sent,0.022428032010793686,0.0020949700847268105,0.00015146938676480204
24,movie,10,4,L10H4,13,iment,iment,0.27040380239486694,0.026240574195981026,0.0029452338349074125
24,movie,10,4,L10H4,14,:,:,0.5019472241401672,0.04945216327905655,0.008525531738996506
24,movie,8,9,L8H9,0,<|endoftext|>,<|endoftext|>,0.0,0.0,0.0
24,movie,8,9,L8H9,1,Review,Review,0.0,0.0,0.0
24,movie,8,9,L8H9,2,:,:,0.0,0.0,0.0
24,movie,8,9,L8H9,3, After, After,0.0,0.0,0.0
24,movie,8,9,L8H9,4, watching, watching,0.0,0.0,0.0
24,movie,8,9,L8H9,5, it, it,0.0,0.0,0.0
24,movie,8,9,L8H9,6,",",",",0.0,0.0,0.0
24,movie,8,9,L8H9,7, I, I,0.0,0.0,0.0
24,movie,8,9,L8H9,8, felt, felt,0.0,0.0,0.0
24,movie,8,9,L8H9,9, impressed, disappointed,0.6153690218925476,0.06052517145872116,0.01885138638317585
24,movie,8,9,L8H9,10,.,.,0.23637312650680542,0.02390095964074135,0.006920594722032547
24,movie,8,9,L8H9,11,"
","
",0.1158565804362297,0.011483757756650448,-0.0006669703288935125
24,movie,8,9,L8H9,12,Sent,Sent,0.2329312264919281,0.024225693196058273,-0.0005562759470194578
24,movie,8,9,L8H9,13,iment,iment,0.3298320174217224,0.03385179862380028,-0.0009437855333089828
24,movie,8,9,L8H9,14,:,:,0.4121733009815216,0.042747728526592255,0.0015855522360652685
24,movie,9,2,L9H2,0,<|endoftext|>,<|endoftext|>,0.0,0.0,0.0
24,movie,9,2,L9H2,1,Review,Review,0.0,0.0,0.0
24,movie,9,2,L9H2,2,:,:,0.0,0.0,0.0
24,movie,9,2,L9H2,3, After, After,0.0,0.0,0.0
24,movie,9,2,L9H2,4, watching, watching,0.0,0.0,0.0
24,movie,9,2,L9H2,5, it, it,0.0,0.0,0.0
24,movie,9,2,L9H2,6,",",",",0.0,0.0,0.0
24,movie,9,2,L9H2,7, I, I,0.0,0.0,0.0
24,movie,9,2,L9H2,8, felt, felt,0.0,0.0,0.0
24,movie,9,2,L9H2,9, impressed, disappointed,0.12554465234279633,0.01277843862771988,0.0003345692530274391
24,movie,9,2,L9H2,10,.,.,0.273264616727829,0.027322284877300262,-0.0012748108711093664
24,movie,9,2,L9H2,11,"
","
",0.03128237649798393,0.003188413567841053,0.0001351378596154973
24,movie,9,2,L9H2,12,Sent,Sent,0.2630152404308319,0.02651190385222435,-0.004015390761196613
24,movie,9,2,L9H2,13,iment,iment,0.1843826025724411,0.018682992085814476,-0.0005783193046227098
24,movie,9,2,L9H2,14,:,:,0.3095761835575104,0.031180910766124725,0.0011120419949293137
25,movie,10,4,L10H4,0,<|endoftext|>,<|endoftext|>,0.0,0.0,0.0
25,movie,10,4,L10H4,1,Review,Review,0.0,0.0,0.0
25,movie,10,4,L10H4,2,:,:,0.0,0.0,0.0
25,movie,10,4,L10H4,3, The, The,0.0,0.0,0.0
25,movie,10,4,L10H4,4, movie, movie,0.0,0.0,0.0
25,movie,10,4,L10H4,5, remained, remained,0.0,0.0,0.0
25,movie,10,4,L10H4,6, engaging, boring,0.4839440584182739,0.04694782570004463,0.014334827661514282
25,movie,10,4,L10H4,7, from, from,0.6757969260215759,0.06709641963243484,0.013023397885262966
25,movie,10,4,L10H4,8, beginning, beginning,0.21236275136470795,0.020204797387123108,0.006383589934557676
25,movie,10,4,L10H4,9, to, to,0.15648645162582397,0.015256702899932861,0.003477113088592887
25,movie,10,4,L10H4,10, end, end,0.25396132469177246,0.024493029341101646,0.006025373470038176
25,movie,10,4,L10H4,11,.,.,0.5084159970283508,0.045572977513074875,0.011418800801038742
25,movie,10,4,L10H4,12,"
","
",0.09669063240289688,0.009584417566657066,-0.0015084105543792248
25,movie,10,4,L10H4,13,Sent,Sent,0.07213708013296127,0.007060516159981489,0.0013508728006854653
25,movie,10,4,L10H4,14,iment,iment,0.3693147301673889,0.035076867789030075,0.004823724739253521
25,movie,10,4,L10H4,15,:,:,1.1782675981521606,0.11878419667482376,0.004744735546410084
25,movie,8,9,L8H9,0,<|endoftext|>,<|endoftext|>,0.0,0.0,0.0
25,movie,8,9,L8H9,1,Review,Review,0.0,0.0,0.0
25,movie,8,9,L8H9,2,:,:,0.0,0.0,0.0
25,movie,8,9,L8H9,3, The, The,0.0,0.0,0.0
25,movie,8,9,L8H9,4, movie, movie,0.0,0.0,0.0
25,movie,8,9,L8H9,5, remained, remained,0.0,0.0,0.0
25,movie,8,9,L8H9,6, engaging, boring,0.20474591851234436,0.02129325084388256,0.005196321289986372
25,movie,8,9,L8H9,7, from, from,0.363695353269577,0.03728190436959267,0.009546326473355293
25,movie,8,9,L8H9,8, beginning, beginning,0.30313050746917725,0.030605651438236237,0.007837072014808655
25,movie,8,9,L8H9,9, to, to,0.30228373408317566,0.02981743961572647,0.007446429692208767
25,movie,8,9,L8H9,10, end, end,0.5893311500549316,0.05856799706816673,0.00616375682875514
25,movie,8,9,L8H9,11,.,.,0.3860051929950714,0.03761521726846695,0.010252973064780235
25,movie,8,9,L8H9,12,"
","
",0.2169436514377594,0.020537424832582474,0.004253038205206394
25,movie,8,9,L8H9,13,Sent,Sent,0.2560231685638428,0.024464890360832214,0.005960754584521055
25,movie,8,9,L8H9,14,iment,iment,0.43810737133026123,0.04335172474384308,0.005661617964506149
25,movie,8,9,L8H9,15,:,:,0.7795803546905518,0.07771806418895721,0.00466991076245904
25,movie,9,2,L9H2,0,<|endoftext|>,<|endoftext|>,0.0,0.0,0.0
25,movie,9,2,L9H2,1,Review,Review,0.0,0.0,0.0
25,movie,9,2,L9H2,2,:,:,0.0,0.0,0.0
25,movie,9,2,L9H2,3, The, The,0.0,0.0,0.0
25,movie,9,2,L9H2,4, movie, movie,0.0,0.0,0.0
25,movie,9,2,L9H2,5, remained, remained,0.0,0.0,0.0
25,movie,9,2,L9H2,6, engaging, boring,0.049530383199453354,0.0049948375672101974,-0.0014020863454788923
25,movie,9,2,L9H2,7, from, from,0.3316805958747864,0.03357918560504913,-0.008310132659971714
25,movie,9,2,L9H2,8, beginning, beginning,0.0785292387008667,0.007963143289089203,-0.0007456167368218303
25,movie,9,2,L9H2,9, to, to,0.11640774458646774,0.011899600736796856,-0.000769887410569936
25,movie,9,2,L9H2,10, end, end,0.05943671986460686,0.006201550364494324,-0.0007378602167591453
25,movie,9,2,L9H2,11,.,.,0.34183916449546814,0.035535767674446106,-0.008502866141498089
25,movie,9,2,L9H2,12,"
","
",0.04461728408932686,0.004631420131772757,-0.0009221014333888888
25,movie,9,2,L9H2,13,Sent,Sent,0.166221484541893,0.017343612387776375,-0.004392160102725029
25,movie,9,2,L9H2,14,iment,iment,0.28940248489379883,0.030206816270947456,-0.006869580131024122
25,movie,9,2,L9H2,15,:,:,0.6215428709983826,0.06411392986774445,-0.01588037610054016
28,restaurant,10,4,L10H4,0,<|endoftext|>,<|endoftext|>,0.0,0.0,0.0
28,restaurant,10,4,L10H4,1,Review,Review,0.0,0.0,0.0
28,restaurant,10,4,L10H4,2,:,:,0.0,0.0,0.0
28,restaurant,10,4,L10H4,3, The, The,0.0,0.0,0.0
28,restaurant,10,4,L10H4,4, service, service,0.0,0.0,0.0
28,restaurant,10,4,L10H4,5, was, was,0.0,0.0,0.0
28,restaurant,10,4,L10H4,6, friendly, rude,0.11827787756919861,0.011416628025472164,0.0014687984948977828
28,restaurant,10,4,L10H4,7,.,.,0.5080059170722961,0.054288480430841446,-0.002630807226523757
28,restaurant,10,4,L10H4,8,"
","
",0.2288212776184082,0.0226887259632349,-0.006781063973903656
28,restaurant,10,4,L10H4,9,Sent,Sent,0.028946809470653534,0.003019041381776333,-0.0003855643153656274
28,restaurant,10,4,L10H4,10,iment,iment,0.3648131787776947,0.03835291787981987,-0.00799533724784851
28,restaurant,10,4,L10H4,11,:,:,0.6543009877204895,0.06912581622600555,-0.00875374861061573
28,restaurant,8,9,L8H9,0,<|endoftext|>,<|endoftext|>,0.0,0.0,0.0
28,restaurant,8,9,L8H9,1,Review,Review,0.0,0.0,0.0
28,restaurant,8,9,L8H9,2,:,:,0.0,0.0,0.0
28,restaurant,8,9,L8H9,3, The, The,0.0,0.0,0.0
28,restaurant,8,9,L8H9,4, service, service,0.0,0.0,0.0
28,restaurant,8,9,L8H9,5, was, was,0.0,0.0,0.0
28,restaurant,8,9,L8H9,6, friendly, rude,0.23812368512153625,0.024565156549215317,-0.0007417323067784309
28,restaurant,8,9,L8H9,7,.,.,0.3981630206108093,0.04051242023706436,0.0010700724087655544
28,restaurant,8,9,L8H9,8,"
","
",0.31077083945274353,0.031961921602487564,-0.0006531300023198128
28,restaurant,8,9,L8H9,9,Sent,Sent,0.4160628020763397,0.04327090084552765,0.0002567057963460684
28,restaurant,8,9,L8H9,10,iment,iment,0.6248041987419128,0.0656152069568634,-0.004801233299076557
28,restaurant,8,9,L8H9,11,:,:,0.6522133946418762,0.06735391169786453,-0.0008654959965497255
28,restaurant,9,2,L9H2,0,<|endoftext|>,<|endoftext|>,0.0,0.0,0.0
28,restaurant,9,2,L9H2,1,Review,Review,0.0,0.0,0.0
28,restaurant,9,2,L9H2,2,:,:,0.0,0.0,0.0
28,restaurant,9,2,L9H2,3, The, The,0.0,0.0,0.0
28,restaurant,9,2,L9H2,4, service, service,0.0,0.0,0.0
28,restaurant,9,2,L9H2,5, was, was,0.0,0.0,0.0
28,restaurant,9,2,L9H2,6, friendly, rude,0.037534311413764954,0.0037691998295485973,0.0005745846428908408
28,restaurant,9,2,L9H2,7,.,.,0.34186428785324097,0.0345979668200016,0.002769908169284463
28,restaurant,9,2,L9H2,8,"
","
",0.04956841096282005,0.005175414029508829,-0.00018110789824277163
28,restaurant,9,2,L9H2,9,Sent,Sent,0.7061419486999512,0.07171925157308578,0.004962472710758448
28,restaurant,9,2,L9H2,10,iment,iment,0.18445755541324615,0.018381817266345024,0.0003951355756726116
28,restaurant,9,2,L9H2,11,:,:,0.7468134760856628,0.07799921929836273,-0.0012360517866909504
29,restaurant,10,4,L10H4,0,<|endoftext|>,<|endoftext|>,0.0,0.0,0.0
29,restaurant,10,4,L10H4,1,Review,Review,0.0,0.0,0.0
29,restaurant,10,4,L10H4,2,:,:,0.0,0.0,0.0
29,restaurant,10,4,L10H4,3, The, The,0.0,0.0,0.0
29,restaurant,10,4,L10H4,4, meal, meal,0.0,0.0,0.0
29,restaurant,10,4,L10H4,5, was, was,0.0,0.0,0.0
29,restaurant,10,4,L10H4,6, satisfying, disappointing,0.7076366543769836,0.06982920318841934,-0.0008824958931654692
29,restaurant,10,4,L10H4,7,.,.,0.7090945839881897,0.06695935130119324,0.003976974170655012
29,restaurant,10,4,L10H4,8,"
","
",0.2009362131357193,0.020390165969729424,-0.0016853242414072156
29,restaurant,10,4,L10H4,9,Sent,Sent,0.025148838758468628,0.0025170587468892336,-0.00018529627413954586
29,restaurant,10,4,L10H4,10,iment,iment,0.2890837490558624,0.02829490788280964,-0.0021783108823001385
29,restaurant,10,4,L10H4,11,:,:,0.7273496985435486,0.0738886222243309,-0.000861812848597765
29,restaurant,8,9,L8H9,0,<|endoftext|>,<|endoftext|>,0.0,0.0,0.0
29,restaurant,8,9,L8H9,1,Review,Review,0.0,0.0,0.0
29,restaurant,8,9,L8H9,2,:,:,0.0,0.0,0.0
29,restaurant,8,9,L8H9,3, The, The,0.0,0.0,0.0
29,restaurant,8,9,L8H9,4, meal, meal,0.0,0.0,0.0
29,restaurant,8,9,L8H9,5, was, was,0.0,0.0,0.0
29,restaurant,8,9,L8H9,6, satisfying, disappointing,0.2723642587661743,0.027631256729364395,-0.000618193531408906
29,restaurant,8,9,L8H9,7,.,.,0.28365233540534973,0.029995806515216827,-0.009485010989010334
29,restaurant,8,9,L8H9,8,"
","
",0.3407016098499298,0.035263705998659134,-0.009886891581118107
29,restaurant,8,9,L8H9,9,Sent,Sent,0.5641531348228455,0.060106709599494934,-0.01478551235049963
29,restaurant,8,9,L8H9,10,iment,iment,0.9962373971939087,0.1030263751745224,-0.028962766751646996
29,restaurant,8,9,L8H9,11,:,:,0.9986236095428467,0.10473576933145523,-0.020267320796847343
29,restaurant,9,2,L9H2,0,<|endoftext|>,<|endoftext|>,0.0,0.0,0.0
29,restaurant,9,2,L9H2,1,Review,Review,0.0,0.0,0.0
29,restaurant,9,2,L9H2,2,:,:,0.0,0.0,0.0
29,restaurant,9,2,L9H2,3, The, The,0.0,0.0,0.0
29,restaurant,9,2,L9H2,4, meal, meal,0.0,0.0,0.0
29,restaurant,9,2,L9H2,5, was, was,0.0,0.0,0.0
29,restaurant,9,2,L9H2,6, satisfying, disappointing,0.04115805774927139,0.004215168301016092,-0.0007270763744600117
29,restaurant,9,2,L9H2,7,.,.,0.7284415364265442,0.07065566629171371,-0.003353394567966461
29,restaurant,9,2,L9H2,8,"
","
",0.05284137278795242,0.00547824427485466,-0.00014542345888912678
29,restaurant,9,2,L9H2,9,Sent,Sent,0.6635660529136658,0.06662954390048981,-0.009016611613333225
29,restaurant,9,2,L9H2,10,iment,iment,0.2664942443370819,0.026981133967638016,-0.0032007754780352116
29,restaurant,9,2,L9H2,11,:,:,0.9972295165061951,0.10228820145130157,-0.007708253338932991
30,restaurant,10,4,L10H4,0,<|endoftext|>,<|endoftext|>,0.0,0.0,0.0
30,restaurant,10,4,L10H4,1,Review,Review,0.0,0.0,0.0
30,restaurant,10,4,L10H4,2,:,:,0.0,0.0,0.0
30,restaurant,10,4,L10H4,3, The, The,0.0,0.0,0.0
30,restaurant,10,4,L10H4,4, menu, menu,0.0,0.0,0.0
30,restaurant,10,4,L10H4,5, was, was,0.0,0.0,0.0
30,restaurant,10,4,L10H4,6, impressive, disappointing,0.2609466314315796,0.023352667689323425,-0.002344033680856228
30,restaurant,10,4,L10H4,7,.,.,0.6436336636543274,0.06149629130959511,0.00761514063924551
30,restaurant,10,4,L10H4,8,"
","
",0.15628571808338165,0.015385296195745468,-0.0006821864517405629
30,restaurant,10,4,L10H4,9,Sent,Sent,0.017105545848608017,0.0017307647503912449,-9.073931141756475e-05
30,restaurant,10,4,L10H4,10,iment,iment,0.36299341917037964,0.0356898233294487,-0.00030393467750400305
30,restaurant,10,4,L10H4,11,:,:,0.6661115288734436,0.06685378402471542,0.0012126406654715538
30,restaurant,8,9,L8H9,0,<|endoftext|>,<|endoftext|>,0.0,0.0,0.0
30,restaurant,8,9,L8H9,1,Review,Review,0.0,0.0,0.0
30,restaurant,8,9,L8H9,2,:,:,0.0,0.0,0.0
30,restaurant,8,9,L8H9,3, The, The,0.0,0.0,0.0
30,restaurant,8,9,L8H9,4, menu, menu,0.0,0.0,0.0
30,restaurant,8,9,L8H9,5, was, was,0.0,0.0,0.0
30,restaurant,8,9,L8H9,6, impressive, disappointing,0.2364041954278946,0.023405354470014572,0.0026488504372537136
30,restaurant,8,9,L8H9,7,.,.,0.11182411015033722,0.011380093172192574,-0.0016598079819232225
30,restaurant,8,9,L8H9,8,"
","
",0.11730781942605972,0.011360878124833107,-2.3924745619297028e-05
30,restaurant,8,9,L8H9,9,Sent,Sent,0.27263984084129333,0.027136677876114845,0.0012149387039244175
30,restaurant,8,9,L8H9,10,iment,iment,0.5124455094337463,0.053812943398952484,-0.003368217498064041
30,restaurant,8,9,L8H9,11,:,:,0.6919476985931396,0.06733429431915283,0.006789209321141243
30,restaurant,9,2,L9H2,0,<|endoftext|>,<|endoftext|>,0.0,0.0,0.0
30,restaurant,9,2,L9H2,1,Review,Review,0.0,0.0,0.0
30,restaurant,9,2,L9H2,2,:,:,0.0,0.0,0.0
30,restaurant,9,2,L9H2,3, The, The,0.0,0.0,0.0
30,restaurant,9,2,L9H2,4, menu, menu,0.0,0.0,0.0
30,restaurant,9,2,L9H2,5, was, was,0.0,0.0,0.0
30,restaurant,9,2,L9H2,6, impressive, disappointing,0.049644485116004944,0.004898710176348686,-4.9749360186979175e-05
30,restaurant,9,2,L9H2,7,.,.,0.4054622948169708,0.04093421995639801,0.0020928517915308475
30,restaurant,9,2,L9H2,8,"
","
",0.03457365930080414,0.00342248915694654,-2.4986526113934815e-05
30,restaurant,9,2,L9H2,9,Sent,Sent,0.3792172074317932,0.03899553790688515,-0.0037575028836727142
30,restaurant,9,2,L9H2,10,iment,iment,0.2312028557062149,0.02368786372244358,-0.00029153143987059593
30,restaurant,9,2,L9H2,11,:,:,0.7926241755485535,0.08025312423706055,0.0014125150628387928
31,restaurant,10,4,L10H4,0,<|endoftext|>,<|endoftext|>,0.0,0.0,0.0
31,restaurant,10,4,L10H4,1,Review,Review,0.0,0.0,0.0
31,restaurant,10,4,L10H4,2,:,:,0.0,0.0,0.0
31,restaurant,10,4,L10H4,3, The, The,0.0,0.0,0.0
31,restaurant,10,4,L10H4,4, staff, staff,0.0,0.0,0.0
31,restaurant,10,4,L10H4,5, were, were,0.0,0.0,0.0
31,restaurant,10,4,L10H4,6, attentive, careless,0.1766318529844284,0.01586432382464409,-0.0015387614257633686
31,restaurant,10,4,L10H4,7,.,.,0.47233352065086365,0.04702550917863846,-0.007388736587017775
31,restaurant,10,4,L10H4,8,"
","
",0.24585910141468048,0.02313377894461155,-0.006187904626131058
31,restaurant,10,4,L10H4,9,Sent,Sent,0.014656001701951027,0.0013993293978273869,-0.0003389452467672527
31,restaurant,10,4,L10H4,10,iment,iment,0.27926743030548096,0.026058532297611237,-0.0036488971672952175
31,restaurant,10,4,L10H4,11,:,:,0.3572845757007599,0.032686587423086166,-0.002812011167407036
31,restaurant,8,9,L8H9,0,<|endoftext|>,<|endoftext|>,0.0,0.0,0.0
31,restaurant,8,9,L8H9,1,Review,Review,0.0,0.0,0.0
31,restaurant,8,9,L8H9,2,:,:,0.0,0.0,0.0
31,restaurant,8,9,L8H9,3, The, The,0.0,0.0,0.0
31,restaurant,8,9,L8H9,4, staff, staff,0.0,0.0,0.0
31,restaurant,8,9,L8H9,5, were, were,0.0,0.0,0.0
31,restaurant,8,9,L8H9,6, attentive, careless,0.2550249993801117,0.02538292668759823,-0.0011927055893465877
31,restaurant,8,9,L8H9,7,.,.,0.4927559196949005,0.05156003683805466,0.0003538357559591532
31,restaurant,8,9,L8H9,8,"
","
",0.2774936854839325,0.028584636747837067,0.0014255453133955598
31,restaurant,8,9,L8H9,9,Sent,Sent,0.2893223762512207,0.029959235340356827,-0.002993605565279722
31,restaurant,8,9,L8H9,10,iment,iment,0.4898476302623749,0.05095197260379791,-0.0062612444162368774
31,restaurant,8,9,L8H9,11,:,:,0.707065999507904,0.07573166489601135,-0.010442585684359074
31,restaurant,9,2,L9H2,0,<|endoftext|>,<|endoftext|>,0.0,0.0,0.0
31,restaurant,9,2,L9H2,1,Review,Review,0.0,0.0,0.0
31,restaurant,9,2,L9H2,2,:,:,0.0,0.0,0.0
31,restaurant,9,2,L9H2,3, The, The,0.0,0.0,0.0
31,restaurant,9,2,L9H2,4, staff, staff,0.0,0.0,0.0
31,restaurant,9,2,L9H2,5, were, were,0.0,0.0,0.0
31,restaurant,9,2,L9H2,6, attentive, careless,0.17009638249874115,0.017246998846530914,-0.0008098161779344082
31,restaurant,9,2,L9H2,7,.,.,0.15062204003334045,0.015113088302314281,0.0019173952750861645
31,restaurant,9,2,L9H2,8,"
","
",0.029789326712489128,0.002807341516017914,-0.00040522433118894696
31,restaurant,9,2,L9H2,9,Sent,Sent,0.2470078468322754,0.0242819394916296,8.677400182932615e-05
31,restaurant,9,2,L9H2,10,iment,iment,0.1161966398358345,0.011245476081967354,0.0009551433613523841
31,restaurant,9,2,L9H2,11,:,:,0.35453057289123535,0.03729172796010971,-0.003700537607073784
35,restaurant,10,4,L10H4,0,<|endoftext|>,<|endoftext|>,0.0,0.0,0.0
35,restaurant,10,4,L10H4,1,Review,Review,0.0,0.0,0.0
35,restaurant,10,4,L10H4,2,:,:,0.0,0.0,0.0
35,restaurant,10,4,L10H4,3, The, The,0.0,0.0,0.0
35,restaurant,10,4,L10H4,4, ingredients, ingredients,0.0,0.0,0.0
35,restaurant,10,4,L10H4,5, tasted, tasted,0.0,0.0,0.0
35,restaurant,10,4,L10H4,6, fresh, stale,0.47130000591278076,0.04246300458908081,-0.0016813490074127913
35,restaurant,10,4,L10H4,7,.,.,0.2966628968715668,0.027662111446261406,0.0016408412484452128
35,restaurant,10,4,L10H4,8,"
","
",0.09232509881258011,0.009154110215604305,-0.0016383370384573936
35,restaurant,10,4,L10H4,9,Sent,Sent,0.018296632915735245,0.0016978011699393392,-5.080467963125557e-05
35,restaurant,10,4,L10H4,10,iment,iment,0.17035534977912903,0.016287781298160553,-4.9420108553022146e-05
35,restaurant,10,4,L10H4,11,:,:,0.58396315574646,0.06090904772281647,-0.0022261145059019327
35,restaurant,8,9,L8H9,0,<|endoftext|>,<|endoftext|>,0.0,0.0,0.0
35,restaurant,8,9,L8H9,1,Review,Review,0.0,0.0,0.0
35,restaurant,8,9,L8H9,2,:,:,0.0,0.0,0.0
35,restaurant,8,9,L8H9,3, The, The,0.0,0.0,0.0
35,restaurant,8,9,L8H9,4, ingredients, ingredients,0.0,0.0,0.0
35,restaurant,8,9,L8H9,5, tasted, tasted,0.0,0.0,0.0
35,restaurant,8,9,L8H9,6, fresh, stale,0.2736184895038605,0.02690095640718937,0.002125432714819908
35,restaurant,8,9,L8H9,7,.,.,0.598032534122467,0.05824538692831993,0.008895805105566978
35,restaurant,8,9,L8H9,8,"
","
",0.2730969488620758,0.02846159040927887,0.0058991191908717155
35,restaurant,8,9,L8H9,9,Sent,Sent,0.310536652803421,0.03175728768110275,0.0004513389430940151
35,restaurant,8,9,L8H9,10,iment,iment,0.48823118209838867,0.0473654568195343,0.0048148250207304955
35,restaurant,8,9,L8H9,11,:,:,0.4248051047325134,0.0404646098613739,0.006448919419199228
35,restaurant,9,2,L9H2,0,<|endoftext|>,<|endoftext|>,0.0,0.0,0.0
35,restaurant,9,2,L9H2,1,Review,Review,0.0,0.0,0.0
35,restaurant,9,2,L9H2,2,:,:,0.0,0.0,0.0
35,restaurant,9,2,L9H2,3, The, The,0.0,0.0,0.0
35,restaurant,9,2,L9H2,4, ingredients, ingredients,0.0,0.0,0.0
35,restaurant,9,2,L9H2,5, tasted, tasted,0.0,0.0,0.0
35,restaurant,9,2,L9H2,6, fresh, stale,0.07908595353364944,0.0077582732774317265,0.00012472271919250488
35,restaurant,9,2,L9H2,7,.,.,0.5450648069381714,0.05641471594572067,-0.009620945900678635
35,restaurant,9,2,L9H2,8,"
","
",0.020220434293150902,0.002054490614682436,-0.0002379932557232678
35,restaurant,9,2,L9H2,9,Sent,Sent,0.1575353443622589,0.01601340062916279,-0.003483261214569211
35,restaurant,9,2,L9H2,10,iment,iment,0.08138833940029144,0.008258157409727573,-0.0012839640257880092
35,restaurant,9,2,L9H2,11,:,:,0.2482198029756546,0.026329824700951576,-0.004064257722347975
36,restaurant,10,4,L10H4,0,<|endoftext|>,<|endoftext|>,0.0,0.0,0.0
36,restaurant,10,4,L10H4,1,Review,Review,0.0,0.0,0.0
36,restaurant,10,4,L10H4,2,:,:,0.0,0.0,0.0
36,restaurant,10,4,L10H4,3, I, I,0.0,0.0,0.0
36,restaurant,10,4,L10H4,4, found, found,0.0,0.0,0.0
36,restaurant,10,4,L10H4,5, the, the,0.0,0.0,0.0
36,restaurant,10,4,L10H4,6, meal, meal,0.0,0.0,0.0
36,restaurant,10,4,L10H4,7, delightful, disappointing,0.7726757526397705,0.06836527585983276,-0.005861755460500717
36,restaurant,10,4,L10H4,8,.,.,0.5269604325294495,0.050384603440761566,-0.0018131253309547901
36,restaurant,10,4,L10H4,9,"
","
",0.32032886147499084,0.03322906047105789,-0.0030939080752432346
36,restaurant,10,4,L10H4,10,Sent,Sent,0.02740730345249176,0.0026467684656381607,-0.00034826796036213636
36,restaurant,10,4,L10H4,11,iment,iment,0.2877911627292633,0.027194445952773094,-0.003670197445899248
36,restaurant,10,4,L10H4,12,:,:,1.4014390707015991,0.13555213809013367,-0.009527402929961681
36,restaurant,8,9,L8H9,0,<|endoftext|>,<|endoftext|>,0.0,0.0,0.0
36,restaurant,8,9,L8H9,1,Review,Review,0.0,0.0,0.0
36,restaurant,8,9,L8H9,2,:,:,0.0,0.0,0.0
36,restaurant,8,9,L8H9,3, I, I,0.0,0.0,0.0
36,restaurant,8,9,L8H9,4, found, found,0.0,0.0,0.0
36,restaurant,8,9,L8H9,5, the, the,0.0,0.0,0.0
36,restaurant,8,9,L8H9,6, meal, meal,0.0,0.0,0.0
36,restaurant,8,9,L8H9,7, delightful, disappointing,0.49158355593681335,0.04996198043227196,0.008829256519675255
36,restaurant,8,9,L8H9,8,.,.,0.18735143542289734,0.019434887915849686,-0.00240446999669075
36,restaurant,8,9,L8H9,9,"
","
",0.2951296865940094,0.030849384143948555,-0.005606747232377529
36,restaurant,8,9,L8H9,10,Sent,Sent,0.546130895614624,0.0583476647734642,-0.006807553116232157
36,restaurant,8,9,L8H9,11,iment,iment,0.8892592191696167,0.09313537180423737,-0.01183293480426073
36,restaurant,8,9,L8H9,12,:,:,0.8227263689041138,0.08418691903352737,-0.0008625132031738758
36,restaurant,9,2,L9H2,0,<|endoftext|>,<|endoftext|>,0.0,0.0,0.0
36,restaurant,9,2,L9H2,1,Review,Review,0.0,0.0,0.0
36,restaurant,9,2,L9H2,2,:,:,0.0,0.0,0.0
36,restaurant,9,2,L9H2,3, I, I,0.0,0.0,0.0
36,restaurant,9,2,L9H2,4, found, found,0.0,0.0,0.0
36,restaurant,9,2,L9H2,5, the, the,0.0,0.0,0.0
36,restaurant,9,2,L9H2,6, meal, meal,0.0,0.0,0.0
36,restaurant,9,2,L9H2,7, delightful, disappointing,0.11457537114620209,0.01151232048869133,-0.00135914352722466
36,restaurant,9,2,L9H2,8,.,.,0.6931930780410767,0.07127505540847778,-0.005485575646162033
36,restaurant,9,2,L9H2,9,"
","
",0.09018169343471527,0.009117072448134422,-0.0013159227091819048
36,restaurant,9,2,L9H2,10,Sent,Sent,0.6126205325126648,0.06272149085998535,-0.01416573952883482
36,restaurant,9,2,L9H2,11,iment,iment,0.21522845327854156,0.021405894309282303,-0.003868894185870886
36,restaurant,9,2,L9H2,12,:,:,0.7690404057502747,0.07960779219865799,-0.011481796391308308
38,restaurant,10,4,L10H4,0,<|endoftext|>,<|endoftext|>,0.0,0.0,0.0
38,restaurant,10,4,L10H4,1,Review,Review,0.0,0.0,0.0
38,restaurant,10,4,L10H4,2,:,:,0.0,0.0,0.0
38,restaurant,10,4,L10H4,3, The, The,0.0,0.0,0.0
38,restaurant,10,4,L10H4,4, restaurant, restaurant,0.0,0.0,0.0
38,restaurant,10,4,L10H4,5, provided, provided,0.0,0.0,0.0
38,restaurant,10,4,L10H4,6, excellent, terrible,0.868432343006134,0.07978510856628418,0.010065805166959763
38,restaurant,10,4,L10H4,7, service, service,0.3479923903942108,0.032343506813049316,-0.0029914402402937412
38,restaurant,10,4,L10H4,8,.,.,0.7951574921607971,0.07397468388080597,-0.01001310721039772
38,restaurant,10,4,L10H4,9,"
","
",0.278950572013855,0.025593062862753868,-0.005498318001627922
38,restaurant,10,4,L10H4,10,Sent,Sent,0.03956067934632301,0.003766769776120782,-0.0005245328065939248
38,restaurant,10,4,L10H4,11,iment,iment,0.30204856395721436,0.02828950807452202,-0.005040093325078487
38,restaurant,10,4,L10H4,12,:,:,1.5696145296096802,0.14609362185001373,-0.014883292838931084
38,restaurant,8,9,L8H9,0,<|endoftext|>,<|endoftext|>,0.0,0.0,0.0
38,restaurant,8,9,L8H9,1,Review,Review,0.0,0.0,0.0
38,restaurant,8,9,L8H9,2,:,:,0.0,0.0,0.0
38,restaurant,8,9,L8H9,3, The, The,0.0,0.0,0.0
38,restaurant,8,9,L8H9,4, restaurant, restaurant,0.0,0.0,0.0
38,restaurant,8,9,L8H9,5, provided, provided,0.0,0.0,0.0
38,restaurant,8,9,L8H9,6, excellent, terrible,0.5802176594734192,0.05812983587384224,0.010247529484331608
38,restaurant,8,9,L8H9,7, service, service,0.3473134934902191,0.03573613986372948,-0.001884744269773364
38,restaurant,8,9,L8H9,8,.,.,0.4695926010608673,0.0481116808950901,-0.0018260362558066845
38,restaurant,8,9,L8H9,9,"
","
",0.36157849431037903,0.03595759719610214,-0.00273399380967021
38,restaurant,8,9,L8H9,10,Sent,Sent,0.6039739847183228,0.060505419969558716,-0.0026727584190666676
38,restaurant,8,9,L8H9,11,iment,iment,0.7738532423973083,0.08097412437200546,-0.008300342597067356
38,restaurant,8,9,L8H9,12,:,:,0.6748754382133484,0.069391168653965,-0.0040359096601605415
38,restaurant,9,2,L9H2,0,<|endoftext|>,<|endoftext|>,0.0,0.0,0.0
38,restaurant,9,2,L9H2,1,Review,Review,0.0,0.0,0.0
38,restaurant,9,2,L9H2,2,:,:,0.0,0.0,0.0
38,restaurant,9,2,L9H2,3, The, The,0.0,0.0,0.0
38,restaurant,9,2,L9H2,4, restaurant, restaurant,0.0,0.0,0.0
38,restaurant,9,2,L9H2,5, provided, provided,0.0,0.0,0.0
38,restaurant,9,2,L9H2,6, excellent, terrible,0.4638635516166687,0.048930682241916656,0.005497058853507042
38,restaurant,9,2,L9H2,7, service, service,0.06831149011850357,0.0072625428438186646,0.0002691843546926975
38,restaurant,9,2,L9H2,8,.,.,0.49084097146987915,0.052979663014411926,0.0022416431456804276
38,restaurant,9,2,L9H2,9,"
","
",0.10047642141580582,0.010364067740738392,-0.0005289814434945583
38,restaurant,9,2,L9H2,10,Sent,Sent,0.6434783339500427,0.06672291457653046,0.0012448742054402828
38,restaurant,9,2,L9H2,11,iment,iment,0.31305161118507385,0.03344189375638962,0.0010741844307631254
38,restaurant,9,2,L9H2,12,:,:,0.8330857753753662,0.08679231256246567,0.0040888795629143715
39,restaurant,10,4,L10H4,0,<|endoftext|>,<|endoftext|>,0.0,0.0,0.0
39,restaurant,10,4,L10H4,1,Review,Review,0.0,0.0,0.0
39,restaurant,10,4,L10H4,2,:,:,0.0,0.0,0.0
39,restaurant,10,4,L10H4,3, The, The,0.0,0.0,0.0
39,restaurant,10,4,L10H4,4, meal, meal,0.0,0.0,0.0
39,restaurant,10,4,L10H4,5, was, was,0.0,0.0,0.0
39,restaurant,10,4,L10H4,6, carefully, poorly,0.7335881590843201,0.0755365788936615,-0.011362539604306221
39,restaurant,10,4,L10H4,7, prepared, prepared,1.2906150817871094,0.1282643973827362,-0.009896115399897099
39,restaurant,10,4,L10H4,8,.,.,0.5441396832466125,0.05632288381457329,-0.011388764716684818
39,restaurant,10,4,L10H4,9,"
","
",0.29088345170021057,0.029074769467115402,-0.005858258809894323
39,restaurant,10,4,L10H4,10,Sent,Sent,0.024868572130799294,0.0024070879444479942,-0.0004859546315856278
39,restaurant,10,4,L10H4,11,iment,iment,0.23455314338207245,0.0236968994140625,-0.005031356122344732
39,restaurant,10,4,L10H4,12,:,:,0.4043280780315399,0.04142460972070694,-0.006401443388313055
39,restaurant,8,9,L8H9,0,<|endoftext|>,<|endoftext|>,0.0,0.0,0.0
39,restaurant,8,9,L8H9,1,Review,Review,0.0,0.0,0.0
39,restaurant,8,9,L8H9,2,:,:,0.0,0.0,0.0
39,restaurant,8,9,L8H9,3, The, The,0.0,0.0,0.0
39,restaurant,8,9,L8H9,4, meal, meal,0.0,0.0,0.0
39,restaurant,8,9,L8H9,5, was, was,0.0,0.0,0.0
39,restaurant,8,9,L8H9,6, carefully, poorly,0.24830645322799683,0.026196960359811783,0.004644047934561968
39,restaurant,8,9,L8H9,7, prepared, prepared,0.4485349655151367,0.046030253171920776,0.007073567248880863
39,restaurant,8,9,L8H9,8,.,.,0.6096594929695129,0.06352657079696655,0.0060104262083768845
39,restaurant,8,9,L8H9,9,"
","
",0.2775939702987671,0.029366523027420044,0.002687246073037386
39,restaurant,8,9,L8H9,10,Sent,Sent,0.3993512988090515,0.042327143251895905,0.0035155159421265125
39,restaurant,8,9,L8H9,11,iment,iment,0.5285078287124634,0.053496088832616806,-0.0006920357700437307
39,restaurant,8,9,L8H9,12,:,:,0.5296632647514343,0.055040884763002396,0.006177626550197601
39,restaurant,9,2,L9H2,0,<|endoftext|>,<|endoftext|>,0.0,0.0,0.0
39,restaurant,9,2,L9H2,1,Review,Review,0.0,0.0,0.0
39,restaurant,9,2,L9H2,2,:,:,0.0,0.0,0.0
39,restaurant,9,2,L9H2,3, The, The,0.0,0.0,0.0
39,restaurant,9,2,L9H2,4, meal, meal,0.0,0.0,0.0
39,restaurant,9,2,L9H2,5, was, was,0.0,0.0,0.0
39,restaurant,9,2,L9H2,6, carefully, poorly,0.8550588488578796,0.08278492093086243,0.0021790070459246635
39,restaurant,9,2,L9H2,7, prepared, prepared,0.08471446484327316,0.008108106441795826,-0.0009559314930811524
39,restaurant,9,2,L9H2,8,.,.,0.1668967604637146,0.017014097422361374,-0.0015562571352347732
39,restaurant,9,2,L9H2,9,"
","
",0.026270922273397446,0.0026159361004829407,-0.0004250513156875968
39,restaurant,9,2,L9H2,10,Sent,Sent,0.2707914113998413,0.02664797008037567,-0.005859773606061935
39,restaurant,9,2,L9H2,11,iment,iment,0.10642408579587936,0.010961148887872696,-0.001956926193088293
39,restaurant,9,2,L9H2,12,:,:,0.3434845507144928,0.035410284996032715,-0.006991120055317879
40,restaurant,10,4,L10H4,0,<|endoftext|>,<|endoftext|>,0.0,0.0,0.0
40,restaurant,10,4,L10H4,1,Review,Review,0.0,0.0,0.0
40,restaurant,10,4,L10H4,2,:,:,0.0,0.0,0.0
40,restaurant,10,4,L10H4,3, Overall, Overall,0.0,0.0,0.0
40,restaurant,10,4,L10H4,4,",",",",0.0,0.0,0.0
40,restaurant,10,4,L10H4,5, the, the,0.0,0.0,0.0
40,restaurant,10,4,L10H4,6, restaurant, restaurant,0.0,0.0,0.0
40,restaurant,10,4,L10H4,7, exceeded, failed,0.36171120405197144,0.035933468490839005,-0.007253763731569052
40,restaurant,10,4,L10H4,8, my, my,0.549371063709259,0.05581824481487274,0.0004034921294078231
40,restaurant,10,4,L10H4,9, expectations, expectations,0.20812304317951202,0.020546456798911095,0.001618451438844204
40,restaurant,10,4,L10H4,10,.,.,0.4105175733566284,0.041749000549316406,-0.0023303846828639507
40,restaurant,10,4,L10H4,11,"
","
",0.19396042823791504,0.018608873710036278,-0.0018490210641175508
40,restaurant,10,4,L10H4,12,Sent,Sent,0.04575253278017044,0.004430078901350498,-0.0001718921266729012
40,restaurant,10,4,L10H4,13,iment,iment,0.5950177907943726,0.0578480027616024,-0.002063382649794221
40,restaurant,10,4,L10H4,14,:,:,0.8282967209815979,0.0812450423836708,-0.003365463111549616
40,restaurant,8,9,L8H9,0,<|endoftext|>,<|endoftext|>,0.0,0.0,0.0
40,restaurant,8,9,L8H9,1,Review,Review,0.0,0.0,0.0
40,restaurant,8,9,L8H9,2,:,:,0.0,0.0,0.0
40,restaurant,8,9,L8H9,3, Overall, Overall,0.0,0.0,0.0
40,restaurant,8,9,L8H9,4,",",",",0.0,0.0,0.0
40,restaurant,8,9,L8H9,5, the, the,0.0,0.0,0.0
40,restaurant,8,9,L8H9,6, restaurant, restaurant,0.0,0.0,0.0
40,restaurant,8,9,L8H9,7, exceeded, failed,0.4527338147163391,0.046114567667245865,-0.008813368156552315
40,restaurant,8,9,L8H9,8, my, my,0.7996970415115356,0.08373744785785675,-0.015015476383268833
40,restaurant,8,9,L8H9,9, expectations, expectations,0.708366870880127,0.068112313747406,-0.012668679468333721
40,restaurant,8,9,L8H9,10,.,.,0.45731088519096375,0.046475186944007874,0.007502634543925524
40,restaurant,8,9,L8H9,11,"
","
",0.44905516505241394,0.04383433237671852,0.004399081692099571
40,restaurant,8,9,L8H9,12,Sent,Sent,0.3171989917755127,0.030288467183709145,0.0032515237107872963
40,restaurant,8,9,L8H9,13,iment,iment,0.4064229726791382,0.03815017640590668,0.003432628232985735
40,restaurant,8,9,L8H9,14,:,:,0.7641923427581787,0.07724538445472717,0.0035073161125183105
40,restaurant,9,2,L9H2,0,<|endoftext|>,<|endoftext|>,0.0,0.0,0.0
40,restaurant,9,2,L9H2,1,Review,Review,0.0,0.0,0.0
40,restaurant,9,2,L9H2,2,:,:,0.0,0.0,0.0
40,restaurant,9,2,L9H2,3, Overall, Overall,0.0,0.0,0.0
40,restaurant,9,2,L9H2,4,",",",",0.0,0.0,0.0
40,restaurant,9,2,L9H2,5, the, the,0.0,0.0,0.0
40,restaurant,9,2,L9H2,6, restaurant, restaurant,0.0,0.0,0.0
40,restaurant,9,2,L9H2,7, exceeded, failed,0.26555415987968445,0.024222832173109055,0.006952847819775343
40,restaurant,9,2,L9H2,8, my, my,0.9006181359291077,0.08650658279657364,7.567461580038071e-06
40,restaurant,9,2,L9H2,9, expectations, expectations,0.06028179079294205,0.005616705399006605,0.0001824086211854592
40,restaurant,9,2,L9H2,10,.,.,0.6149150133132935,0.06196696311235428,0.000981900840997696
40,restaurant,9,2,L9H2,11,"
","
",0.06592277437448502,0.006732352543622255,-0.00040445401100441813
40,restaurant,9,2,L9H2,12,Sent,Sent,0.6160960793495178,0.06330424547195435,-0.004437603987753391
40,restaurant,9,2,L9H2,13,iment,iment,0.42992347478866577,0.04355994611978531,-5.4145697504282e-05
40,restaurant,9,2,L9H2,14,:,:,0.6412885785102844,0.06379949301481247,-3.1824223697185516e-05
43,software,10,4,L10H4,0,<|endoftext|>,<|endoftext|>,0.0,0.0,0.0
43,software,10,4,L10H4,1,Review,Review,0.0,0.0,0.0
43,software,10,4,L10H4,2,:,:,0.0,0.0,0.0
43,software,10,4,L10H4,3, The, The,0.0,0.0,0.0
43,software,10,4,L10H4,4, interface, interface,0.0,0.0,0.0
43,software,10,4,L10H4,5, was, was,0.0,0.0,0.0
43,software,10,4,L10H4,6, elegant, clumsy,0.20320779085159302,0.019931871443986893,0.004098446574062109
43,software,10,4,L10H4,7,.,.,0.5079306960105896,0.05164584890007973,0.004305340349674225
43,software,10,4,L10H4,8,"
","
",0.18741770088672638,0.017781484872102737,-0.004481727257370949
43,software,10,4,L10H4,9,Sent,Sent,0.011214591562747955,0.001119714230298996,2.6007837732322514e-05
43,software,10,4,L10H4,10,iment,iment,0.2539883852005005,0.025477809831500053,0.0007086399709805846
43,software,10,4,L10H4,11,:,:,0.6360682845115662,0.061188504099845886,0.0005824994295835495
43,software,8,9,L8H9,0,<|endoftext|>,<|endoftext|>,0.0,0.0,0.0
43,software,8,9,L8H9,1,Review,Review,0.0,0.0,0.0
43,software,8,9,L8H9,2,:,:,0.0,0.0,0.0
43,software,8,9,L8H9,3, The, The,0.0,0.0,0.0
43,software,8,9,L8H9,4, interface, interface,0.0,0.0,0.0
43,software,8,9,L8H9,5, was, was,0.0,0.0,0.0
43,software,8,9,L8H9,6, elegant, clumsy,0.2196504771709442,0.023098547011613846,-0.008203860372304916
43,software,8,9,L8H9,7,.,.,0.651994526386261,0.06889574229717255,-0.005328464787453413
43,software,8,9,L8H9,8,"
","
",0.3922346830368042,0.03976834565401077,0.0016010722611099482
43,software,8,9,L8H9,9,Sent,Sent,0.33304181694984436,0.03408501669764519,-0.001974946353584528
43,software,8,9,L8H9,10,iment,iment,0.5369501709938049,0.05570884421467781,-0.011453984305262566
43,software,8,9,L8H9,11,:,:,0.7497215270996094,0.07827549427747726,-0.01378275454044342
43,software,9,2,L9H2,0,<|endoftext|>,<|endoftext|>,0.0,0.0,0.0
43,software,9,2,L9H2,1,Review,Review,0.0,0.0,0.0
43,software,9,2,L9H2,2,:,:,0.0,0.0,0.0
43,software,9,2,L9H2,3, The, The,0.0,0.0,0.0
43,software,9,2,L9H2,4, interface, interface,0.0,0.0,0.0
43,software,9,2,L9H2,5, was, was,0.0,0.0,0.0
43,software,9,2,L9H2,6, elegant, clumsy,0.04751892760396004,0.004774672444909811,-0.00027791777392849326
43,software,9,2,L9H2,7,.,.,0.24248981475830078,0.024733537808060646,0.0023389565758407116
43,software,9,2,L9H2,8,"
","
",0.04460356384515762,0.004547019489109516,0.0007308051572181284
43,software,9,2,L9H2,9,Sent,Sent,0.24730926752090454,0.024359267204999924,0.0005591439548879862
43,software,9,2,L9H2,10,iment,iment,0.1095467284321785,0.01084631122648716,-0.00011410372098907828
43,software,9,2,L9H2,11,:,:,0.48338761925697327,0.046296797692775726,0.006898344028741121
44,software,10,4,L10H4,0,<|endoftext|>,<|endoftext|>,0.0,0.0,0.0
44,software,10,4,L10H4,1,Review,Review,0.0,0.0,0.0
44,software,10,4,L10H4,2,:,:,0.0,0.0,0.0
44,software,10,4,L10H4,3, The, The,0.0,0.0,0.0
44,software,10,4,L10H4,4, system, system,0.0,0.0,0.0
44,software,10,4,L10H4,5, was, was,0.0,0.0,0.0
44,software,10,4,L10H4,6, efficient, inefficient,0.11382608115673065,0.011503512971103191,0.001498522236943245
44,software,10,4,L10H4,7,.,.,0.4063389301300049,0.042512089014053345,0.0063943336717784405
44,software,10,4,L10H4,8,"
","
",0.18155445158481598,0.017612943425774574,-0.0043495409190654755
44,software,10,4,L10H4,9,Sent,Sent,0.01682668924331665,0.001701451139524579,-0.00029790442204102874
44,software,10,4,L10H4,10,iment,iment,0.33264967799186707,0.033680547028779984,-0.003297918476164341
44,software,10,4,L10H4,11,:,:,0.34024882316589355,0.03469419479370117,-0.0028352923691272736
44,software,8,9,L8H9,0,<|endoftext|>,<|endoftext|>,0.0,0.0,0.0
44,software,8,9,L8H9,1,Review,Review,0.0,0.0,0.0
44,software,8,9,L8H9,2,:,:,0.0,0.0,0.0
44,software,8,9,L8H9,3, The, The,0.0,0.0,0.0
44,software,8,9,L8H9,4, system, system,0.0,0.0,0.0
44,software,8,9,L8H9,5, was, was,0.0,0.0,0.0
44,software,8,9,L8H9,6, efficient, inefficient,0.2526278495788574,0.02629558928310871,-0.001263221725821495
44,software,8,9,L8H9,7,.,.,0.7007362246513367,0.07468447089195251,-0.0014121201820671558
44,software,8,9,L8H9,8,"
","
",0.6980405449867249,0.0709780752658844,0.007985210046172142
44,software,8,9,L8H9,9,Sent,Sent,0.35098499059677124,0.037291817367076874,-0.0009580582845956087
44,software,8,9,L8H9,10,iment,iment,0.47227129340171814,0.04983486980199814,-0.004539539106190205
44,software,8,9,L8H9,11,:,:,0.7183983325958252,0.0761047899723053,-0.0004972121678292751
44,software,9,2,L9H2,0,<|endoftext|>,<|endoftext|>,0.0,0.0,0.0
44,software,9,2,L9H2,1,Review,Review,0.0,0.0,0.0
44,software,9,2,L9H2,2,:,:,0.0,0.0,0.0
44,software,9,2,L9H2,3, The, The,0.0,0.0,0.0
44,software,9,2,L9H2,4, system, system,0.0,0.0,0.0
44,software,9,2,L9H2,5, was, was,0.0,0.0,0.0
44,software,9,2,L9H2,6, efficient, inefficient,0.058063920587301254,0.005957041867077351,0.0007451784331351519
44,software,9,2,L9H2,7,.,.,0.3510265350341797,0.035003822296857834,-0.0003929063677787781
44,software,9,2,L9H2,8,"
","
",0.07852703332901001,0.008445397019386292,-0.00010630016913637519
44,software,9,2,L9H2,9,Sent,Sent,0.38162556290626526,0.03795810043811798,-0.005666982848197222
44,software,9,2,L9H2,10,iment,iment,0.1826225370168686,0.017642397433519363,-0.0032947794534265995
44,software,9,2,L9H2,11,:,:,0.40983206033706665,0.03884506970643997,-0.007823635824024677
45,software,10,4,L10H4,0,<|endoftext|>,<|endoftext|>,0.0,0.0,0.0
45,software,10,4,L10H4,1,Review,Review,0.0,0.0,0.0
45,software,10,4,L10H4,2,:,:,0.0,0.0,0.0
45,software,10,4,L10H4,3, The, The,0.0,0.0,0.0
45,software,10,4,L10H4,4, update, update,0.0,0.0,0.0
45,software,10,4,L10H4,5, was, was,0.0,0.0,0.0
45,software,10,4,L10H4,6, helpful, harmful,0.3536403179168701,0.035296279937028885,0.004790698178112507
45,software,10,4,L10H4,7,.,.,0.862466037273407,0.08738556504249573,0.010890885256230831
45,software,10,4,L10H4,8,"
","
",0.26741456985473633,0.02673199214041233,-0.001618413021788001
45,software,10,4,L10H4,9,Sent,Sent,0.053864095360040665,0.005654850509017706,-0.00021377643861342221
45,software,10,4,L10H4,10,iment,iment,0.7086342573165894,0.0742746889591217,-0.001886362093500793
45,software,10,4,L10H4,11,:,:,1.403503179550171,0.14714966714382172,-0.005987759679555893
45,software,8,9,L8H9,0,<|endoftext|>,<|endoftext|>,0.0,0.0,0.0
45,software,8,9,L8H9,1,Review,Review,0.0,0.0,0.0
45,software,8,9,L8H9,2,:,:,0.0,0.0,0.0
45,software,8,9,L8H9,3, The, The,0.0,0.0,0.0
45,software,8,9,L8H9,4, update, update,0.0,0.0,0.0
45,software,8,9,L8H9,5, was, was,0.0,0.0,0.0
45,software,8,9,L8H9,6, helpful, harmful,0.24064044654369354,0.022626977413892746,0.001307294936850667
45,software,8,9,L8H9,7,.,.,0.31458526849746704,0.030278468504548073,0.006118173711001873
45,software,8,9,L8H9,8,"
","
",0.5869210362434387,0.05577847361564636,0.010695966891944408
45,software,8,9,L8H9,9,Sent,Sent,0.28662535548210144,0.029569007456302643,0.001855537062510848
45,software,8,9,L8H9,10,iment,iment,0.3596549332141876,0.03625534847378731,-0.004698529839515686
45,software,8,9,L8H9,11,:,:,0.6544604897499084,0.06641478091478348,-0.002694385126233101
45,software,9,2,L9H2,0,<|endoftext|>,<|endoftext|>,0.0,0.0,0.0
45,software,9,2,L9H2,1,Review,Review,0.0,0.0,0.0
45,software,9,2,L9H2,2,:,:,0.0,0.0,0.0
45,software,9,2,L9H2,3, The, The,0.0,0.0,0.0
45,software,9,2,L9H2,4, update, update,0.0,0.0,0.0
45,software,9,2,L9H2,5, was, was,0.0,0.0,0.0
45,software,9,2,L9H2,6, helpful, harmful,0.10840912163257599,0.01082683727145195,0.0026581757701933384
45,software,9,2,L9H2,7,.,.,0.37917861342430115,0.037110697478055954,0.005938197020441294
45,software,9,2,L9H2,8,"
","
",0.085088349878788,0.008124152198433876,0.0010735640535131097
45,software,9,2,L9H2,9,Sent,Sent,0.5796454548835754,0.05974407494068146,0.011569499969482422
45,software,9,2,L9H2,10,iment,iment,0.36293768882751465,0.03693285584449768,0.00909582618623972
45,software,9,2,L9H2,11,:,:,0.6677436828613281,0.06797319650650024,0.005438073538243771
46,software,10,4,L10H4,0,<|endoftext|>,<|endoftext|>,0.0,0.0,0.0
46,software,10,4,L10H4,1,Review,Review,0.0,0.0,0.0
46,software,10,4,L10H4,2,:,:,0.0,0.0,0.0
46,software,10,4,L10H4,3, The, The,0.0,0.0,0.0
46,software,10,4,L10H4,4, documentation, documentation,0.0,0.0,0.0
46,software,10,4,L10H4,5, was, was,0.0,0.0,0.0
46,software,10,4,L10H4,6, clear, confusing,0.22643199563026428,0.023784201592206955,0.0012642948422580957
46,software,10,4,L10H4,7,.,.,0.5586358308792114,0.05642206221818924,0.0016466252272948623
46,software,10,4,L10H4,8,"
","
",0.16198094189167023,0.01661045476794243,-0.0013942202785983682
46,software,10,4,L10H4,9,Sent,Sent,0.025696415454149246,0.002593081910163164,0.00013714859960600734
46,software,10,4,L10H4,10,iment,iment,0.37026894092559814,0.03850773349404335,0.002981752622872591
46,software,10,4,L10H4,11,:,:,0.4958823025226593,0.04952724650502205,0.005419179797172546
46,software,8,9,L8H9,0,<|endoftext|>,<|endoftext|>,0.0,0.0,0.0
46,software,8,9,L8H9,1,Review,Review,0.0,0.0,0.0
46,software,8,9,L8H9,2,:,:,0.0,0.0,0.0
46,software,8,9,L8H9,3, The, The,0.0,0.0,0.0
46,software,8,9,L8H9,4, documentation, documentation,0.0,0.0,0.0
46,software,8,9,L8H9,5, was, was,0.0,0.0,0.0
46,software,8,9,L8H9,6, clear, confusing,0.32480788230895996,0.03284782916307449,-0.0006640813080593944
46,software,8,9,L8H9,7,.,.,0.5635724067687988,0.05674024671316147,0.003402493428438902
46,software,8,9,L8H9,8,"
","
",0.2840631902217865,0.027716662734746933,0.004822026006877422
46,software,8,9,L8H9,9,Sent,Sent,0.18657368421554565,0.018072957172989845,0.0016741622239351273
46,software,8,9,L8H9,10,iment,iment,0.3741568922996521,0.03728344291448593,0.0030167424120008945
46,software,8,9,L8H9,11,:,:,0.570105791091919,0.05747894197702408,0.0029905587434768677
46,software,9,2,L9H2,0,<|endoftext|>,<|endoftext|>,0.0,0.0,0.0
46,software,9,2,L9H2,1,Review,Review,0.0,0.0,0.0
46,software,9,2,L9H2,2,:,:,0.0,0.0,0.0
46,software,9,2,L9H2,3, The, The,0.0,0.0,0.0
46,software,9,2,L9H2,4, documentation, documentation,0.0,0.0,0.0
46,software,9,2,L9H2,5, was, was,0.0,0.0,0.0
46,software,9,2,L9H2,6, clear, confusing,0.5429496169090271,0.0553036667406559,0.008024591952562332
46,software,9,2,L9H2,7,.,.,1.1097091436386108,0.10918830335140228,-0.0023457594215869904
46,software,9,2,L9H2,8,"
","
",0.022310035303235054,0.0023226793855428696,0.00030070848879404366
46,software,9,2,L9H2,9,Sent,Sent,0.10652803629636765,0.010832546278834343,-0.00013066898100078106
46,software,9,2,L9H2,10,iment,iment,0.112340047955513,0.011551137082278728,4.184503632131964e-05
46,software,9,2,L9H2,11,:,:,0.20433348417282104,0.02076806128025055,-0.0005317404866218567
47,software,10,4,L10H4,0,<|endoftext|>,<|endoftext|>,0.0,0.0,0.0
47,software,10,4,L10H4,1,Review,Review,0.0,0.0,0.0
47,software,10,4,L10H4,2,:,:,0.0,0.0,0.0
47,software,10,4,L10H4,3, The, The,0.0,0.0,0.0
47,software,10,4,L10H4,4, tool, tool,0.0,0.0,0.0
47,software,10,4,L10H4,5, was, was,0.0,0.0,0.0
47,software,10,4,L10H4,6, powerful, useless,0.2070256620645523,0.021814657375216484,0.002797478809952736
47,software,10,4,L10H4,7,.,.,0.5831499695777893,0.06083028391003609,0.014300335198640823
47,software,10,4,L10H4,8,"
","
",0.25282666087150574,0.02561858296394348,-0.003164992667734623
47,software,10,4,L10H4,9,Sent,Sent,0.028452672064304352,0.0028829099610447884,0.0008231926476582885
47,software,10,4,L10H4,10,iment,iment,0.42829278111457825,0.04429854825139046,0.007202098146080971
47,software,10,4,L10H4,11,:,:,1.3110100030899048,0.136740043759346,0.02493782714009285
47,software,8,9,L8H9,0,<|endoftext|>,<|endoftext|>,0.0,0.0,0.0
47,software,8,9,L8H9,1,Review,Review,0.0,0.0,0.0
47,software,8,9,L8H9,2,:,:,0.0,0.0,0.0
47,software,8,9,L8H9,3, The, The,0.0,0.0,0.0
47,software,8,9,L8H9,4, tool, tool,0.0,0.0,0.0
47,software,8,9,L8H9,5, was, was,0.0,0.0,0.0
47,software,8,9,L8H9,6, powerful, useless,0.3241751790046692,0.030933726578950882,-0.010023492388427258
47,software,8,9,L8H9,7,.,.,0.500311017036438,0.049100253731012344,-0.01165449433028698
47,software,8,9,L8H9,8,"
","
",0.43983733654022217,0.04377368837594986,-0.0026454953476786613
47,software,8,9,L8H9,9,Sent,Sent,0.4775111675262451,0.048026807606220245,-0.006709828041493893
47,software,8,9,L8H9,10,iment,iment,0.4013535678386688,0.038962263613939285,-0.005925191566348076
47,software,8,9,L8H9,11,:,:,0.8165711164474487,0.08087790012359619,-0.010458584874868393
47,software,9,2,L9H2,0,<|endoftext|>,<|endoftext|>,0.0,0.0,0.0
47,software,9,2,L9H2,1,Review,Review,0.0,0.0,0.0
47,software,9,2,L9H2,2,:,:,0.0,0.0,0.0
47,software,9,2,L9H2,3, The, The,0.0,0.0,0.0
47,software,9,2,L9H2,4, tool, tool,0.0,0.0,0.0
47,software,9,2,L9H2,5, was, was,0.0,0.0,0.0
47,software,9,2,L9H2,6, powerful, useless,0.13957729935646057,0.014408383518457413,-0.0028593926690518856
47,software,9,2,L9H2,7,.,.,0.9056361317634583,0.09625410288572311,-0.012257310561835766
47,software,9,2,L9H2,8,"
","
",0.1269461065530777,0.01268177479505539,0.00026991480262950063
47,software,9,2,L9H2,9,Sent,Sent,0.5455791354179382,0.05695310980081558,-0.002057383069768548
47,software,9,2,L9H2,10,iment,iment,0.28363466262817383,0.029844529926776886,-0.0015172044513747096
47,software,9,2,L9H2,11,:,:,0.6402237415313721,0.06563344597816467,-0.0029140396509319544
48,software,10,4,L10H4,0,<|endoftext|>,<|endoftext|>,0.0,0.0,0.0
48,software,10,4,L10H4,1,Review,Review,0.0,0.0,0.0
48,software,10,4,L10H4,2,:,:,0.0,0.0,0.0
48,software,10,4,L10H4,3, The, The,0.0,0.0,0.0
48,software,10,4,L10H4,4, platform, platform,0.0,0.0,0.0
48,software,10,4,L10H4,5, was, was,0.0,0.0,0.0
48,software,10,4,L10H4,6, responsive, sluggish,0.5125538110733032,0.046939484775066376,0.007315771654248238
48,software,10,4,L10H4,7,.,.,0.42796754837036133,0.042005185037851334,0.008610864169895649
48,software,10,4,L10H4,8,"
","
",0.05186254903674126,0.005158292129635811,0.00026127672754228115
48,software,10,4,L10H4,9,Sent,Sent,0.0236984770745039,0.0022226269356906414,0.0002680816105566919
48,software,10,4,L10H4,10,iment,iment,0.2745681703090668,0.027013514190912247,-0.0029172322247177362
48,software,10,4,L10H4,11,:,:,0.4840150475502014,0.048296280205249786,-0.000290087191388011
48,software,8,9,L8H9,0,<|endoftext|>,<|endoftext|>,0.0,0.0,0.0
48,software,8,9,L8H9,1,Review,Review,0.0,0.0,0.0
48,software,8,9,L8H9,2,:,:,0.0,0.0,0.0
48,software,8,9,L8H9,3, The, The,0.0,0.0,0.0
48,software,8,9,L8H9,4, platform, platform,0.0,0.0,0.0
48,software,8,9,L8H9,5, was, was,0.0,0.0,0.0
48,software,8,9,L8H9,6, responsive, sluggish,0.2930409908294678,0.028832584619522095,7.003778591752052e-06
48,software,8,9,L8H9,7,.,.,0.7551642656326294,0.07864406704902649,0.004304033704102039
48,software,8,9,L8H9,8,"
","
",0.4424700438976288,0.04638586938381195,-0.0010482741054147482
48,software,8,9,L8H9,9,Sent,Sent,0.3279511630535126,0.03449028357863426,-0.002417619340121746
48,software,8,9,L8H9,10,iment,iment,0.5682634711265564,0.056557655334472656,-0.008722387254238129
48,software,8,9,L8H9,11,:,:,0.7496255040168762,0.07404857128858566,-0.011588686145842075
48,software,9,2,L9H2,0,<|endoftext|>,<|endoftext|>,0.0,0.0,0.0
48,software,9,2,L9H2,1,Review,Review,0.0,0.0,0.0
48,software,9,2,L9H2,2,:,:,0.0,0.0,0.0
48,software,9,2,L9H2,3, The, The,0.0,0.0,0.0
48,software,9,2,L9H2,4, platform, platform,0.0,0.0,0.0
48,software,9,2,L9H2,5, was, was,0.0,0.0,0.0
48,software,9,2,L9H2,6, responsive, sluggish,0.16327233612537384,0.01657399907708168,-0.0024922224693000317
48,software,9,2,L9H2,7,.,.,0.2583792209625244,0.024425795301795006,-0.0063904025591909885
48,software,9,2,L9H2,8,"
","
",0.056044816970825195,0.005740463733673096,-0.0002110641507897526
48,software,9,2,L9H2,9,Sent,Sent,0.24740874767303467,0.023381054401397705,-0.003528953529894352
48,software,9,2,L9H2,10,iment,iment,0.270576536655426,0.027379879727959633,-0.004861419089138508
48,software,9,2,L9H2,11,:,:,0.3791978657245636,0.03550291061401367,-0.007953699678182602
49,software,10,4,L10H4,0,<|endoftext|>,<|endoftext|>,0.0,0.0,0.0
49,software,10,4,L10H4,1,Review,Review,0.0,0.0,0.0
49,software,10,4,L10H4,2,:,:,0.0,0.0,0.0
49,software,10,4,L10H4,3, The, The,0.0,0.0,0.0
49,software,10,4,L10H4,4, implementation, implementation,0.0,0.0,0.0
49,software,10,4,L10H4,5, was, was,0.0,0.0,0.0
49,software,10,4,L10H4,6, robust, fragile,0.2842574417591095,0.02483970671892166,-0.00025601661764085293
49,software,10,4,L10H4,7,.,.,0.48465508222579956,0.049425724893808365,0.007062425836920738
49,software,10,4,L10H4,8,"
","
",0.17920036613941193,0.016922317445278168,-0.003197906306013465
49,software,10,4,L10H4,9,Sent,Sent,0.019613590091466904,0.002038262551650405,0.0003110431134700775
49,software,10,4,L10H4,10,iment,iment,0.6721969842910767,0.06695349514484406,0.0027605833020061255
49,software,10,4,L10H4,11,:,:,0.982926607131958,0.0972968339920044,0.009796369820833206
49,software,8,9,L8H9,0,<|endoftext|>,<|endoftext|>,0.0,0.0,0.0
49,software,8,9,L8H9,1,Review,Review,0.0,0.0,0.0
49,software,8,9,L8H9,2,:,:,0.0,0.0,0.0
49,software,8,9,L8H9,3, The, The,0.0,0.0,0.0
49,software,8,9,L8H9,4, implementation, implementation,0.0,0.0,0.0
49,software,8,9,L8H9,5, was, was,0.0,0.0,0.0
49,software,8,9,L8H9,6, robust, fragile,0.3142874538898468,0.031485363841056824,0.0030490094795823097
49,software,8,9,L8H9,7,.,.,0.4209204614162445,0.04326566681265831,0.0036581403110176325
49,software,8,9,L8H9,8,"
","
",0.3309648931026459,0.0342596098780632,0.004223610740154982
49,software,8,9,L8H9,9,Sent,Sent,0.2110825628042221,0.02145863138139248,-0.0005089656915515661
49,software,8,9,L8H9,10,iment,iment,0.2915216386318207,0.029745522886514664,-0.000646106549538672
49,software,8,9,L8H9,11,:,:,0.7848849296569824,0.08171679079532623,-0.008764032274484634
49,software,9,2,L9H2,0,<|endoftext|>,<|endoftext|>,0.0,0.0,0.0
49,software,9,2,L9H2,1,Review,Review,0.0,0.0,0.0
49,software,9,2,L9H2,2,:,:,0.0,0.0,0.0
49,software,9,2,L9H2,3, The, The,0.0,0.0,0.0
49,software,9,2,L9H2,4, implementation, implementation,0.0,0.0,0.0
49,software,9,2,L9H2,5, was, was,0.0,0.0,0.0
49,software,9,2,L9H2,6, robust, fragile,0.12465350329875946,0.011608175933361053,-0.002105494262650609
49,software,9,2,L9H2,7,.,.,0.23125289380550385,0.021996833384037018,-0.004018048755824566
49,software,9,2,L9H2,8,"
","
",0.03348790109157562,0.00341970706358552,-0.0006262006936594844
49,software,9,2,L9H2,9,Sent,Sent,0.3100548982620239,0.03167190030217171,-0.004642710089683533
49,software,9,2,L9H2,10,iment,iment,0.23716209828853607,0.02437743917107582,-0.0034496618900448084
49,software,9,2,L9H2,11,:,:,0.3265365958213806,0.03149756044149399,-0.007178446277976036
51,software,10,4,L10H4,0,<|endoftext|>,<|endoftext|>,0.0,0.0,0.0
51,software,10,4,L10H4,1,Review,Review,0.0,0.0,0.0
51,software,10,4,L10H4,2,:,:,0.0,0.0,0.0
51,software,10,4,L10H4,3, The, The,0.0,0.0,0.0
51,software,10,4,L10H4,4, program, program,0.0,0.0,0.0
51,software,10,4,L10H4,5, was, was,0.0,0.0,0.0
51,software,10,4,L10H4,6, easy, difficult,0.31011897325515747,0.0284481979906559,0.00034501671325415373
51,software,10,4,L10H4,7, to, to,0.9361870288848877,0.09815467149019241,-0.018846388906240463
51,software,10,4,L10H4,8, use, use,0.9785293340682983,0.09366829693317413,0.010983890853822231
51,software,10,4,L10H4,9,.,.,0.8036537170410156,0.08578895032405853,-0.007182245142757893
51,software,10,4,L10H4,10,"
","
",0.1926446408033371,0.01922215148806572,-0.004830307327210903
51,software,10,4,L10H4,11,Sent,Sent,0.07242617011070251,0.007226954214274883,-0.0012625313829630613
51,software,10,4,L10H4,12,iment,iment,0.6138734817504883,0.06589294224977493,-0.012790380045771599
51,software,10,4,L10H4,13,:,:,1.4454514980316162,0.15440009534358978,-0.024807022884488106
51,software,8,9,L8H9,0,<|endoftext|>,<|endoftext|>,0.0,0.0,0.0
51,software,8,9,L8H9,1,Review,Review,0.0,0.0,0.0
51,software,8,9,L8H9,2,:,:,0.0,0.0,0.0
51,software,8,9,L8H9,3, The, The,0.0,0.0,0.0
51,software,8,9,L8H9,4, program, program,0.0,0.0,0.0
51,software,8,9,L8H9,5, was, was,0.0,0.0,0.0
51,software,8,9,L8H9,6, easy, difficult,0.25618776679039,0.02594931796193123,-0.0026919213123619556
51,software,8,9,L8H9,7, to, to,0.5586872696876526,0.05652632564306259,-0.008839022368192673
51,software,8,9,L8H9,8, use, use,0.5694103837013245,0.057091254740953445,-0.006587017327547073
51,software,8,9,L8H9,9,.,.,0.7953888177871704,0.07594079524278641,-0.009284707717597485
51,software,8,9,L8H9,10,"
","
",0.6524969935417175,0.06287281215190887,-0.00011875014752149582
51,software,8,9,L8H9,11,Sent,Sent,0.3940701484680176,0.039576198905706406,-0.007668101694434881
51,software,8,9,L8H9,12,iment,iment,0.5400688052177429,0.054506197571754456,-0.009198757819831371
51,software,8,9,L8H9,13,:,:,0.7161494493484497,0.07155770063400269,-0.00747291836887598
51,software,9,2,L9H2,0,<|endoftext|>,<|endoftext|>,0.0,0.0,0.0
51,software,9,2,L9H2,1,Review,Review,0.0,0.0,0.0
51,software,9,2,L9H2,2,:,:,0.0,0.0,0.0
51,software,9,2,L9H2,3, The, The,0.0,0.0,0.0
51,software,9,2,L9H2,4, program, program,0.0,0.0,0.0
51,software,9,2,L9H2,5, was, was,0.0,0.0,0.0
51,software,9,2,L9H2,6, easy, difficult,0.10544505715370178,0.01072828657925129,0.00022373907268047333
51,software,9,2,L9H2,7, to, to,0.5371931791305542,0.05305442214012146,0.002278250642120838
51,software,9,2,L9H2,8, use, use,0.2904397249221802,0.028962548822164536,-0.001101827248930931
51,software,9,2,L9H2,9,.,.,0.3010290265083313,0.03053559549152851,-0.006128554232418537
51,software,9,2,L9H2,10,"
","
",0.06012701243162155,0.005831335671246052,-0.0007777288556098938
51,software,9,2,L9H2,11,Sent,Sent,0.3349442780017853,0.03304726257920265,-0.002330837771296501
51,software,9,2,L9H2,12,iment,iment,0.23707550764083862,0.02399178221821785,-0.0023253238759934902
51,software,9,2,L9H2,13,:,:,0.5304307341575623,0.052500952035188675,-0.0044417972676455975
53,software,10,4,L10H4,0,<|endoftext|>,<|endoftext|>,0.0,0.0,0.0
53,software,10,4,L10H4,1,Review,Review,0.0,0.0,0.0
53,software,10,4,L10H4,2,:,:,0.0,0.0,0.0
53,software,10,4,L10H4,3, The, The,0.0,0.0,0.0
53,software,10,4,L10H4,4, system, system,0.0,0.0,0.0
53,software,10,4,L10H4,5, handled, handled,0.0,0.0,0.0
53,software,10,4,L10H4,6, the, the,0.0,0.0,0.0
53,software,10,4,L10H4,7, workload, workload,0.0,0.0,0.0
53,software,10,4,L10H4,8, smoothly, badly,0.14891508221626282,0.014383148401975632,-0.0036716011818498373
53,software,10,4,L10H4,9,.,.,0.3516363501548767,0.03532823547720909,0.0006154252914711833
53,software,10,4,L10H4,10,"
","
",0.11123674362897873,0.010747536085546017,-0.0033085227478295565
53,software,10,4,L10H4,11,Sent,Sent,0.012177103199064732,0.0011856303317472339,-0.00034576570033095777
53,software,10,4,L10H4,12,iment,iment,0.33258605003356934,0.032646048814058304,-0.00829299446195364
53,software,10,4,L10H4,13,:,:,0.7163187265396118,0.07268603891134262,-0.011590059846639633
53,software,8,9,L8H9,0,<|endoftext|>,<|endoftext|>,0.0,0.0,0.0
53,software,8,9,L8H9,1,Review,Review,0.0,0.0,0.0
53,software,8,9,L8H9,2,:,:,0.0,0.0,0.0
53,software,8,9,L8H9,3, The, The,0.0,0.0,0.0
53,software,8,9,L8H9,4, system, system,0.0,0.0,0.0
53,software,8,9,L8H9,5, handled, handled,0.0,0.0,0.0
53,software,8,9,L8H9,6, the, the,0.0,0.0,0.0
53,software,8,9,L8H9,7, workload, workload,0.0,0.0,0.0
53,software,8,9,L8H9,8, smoothly, badly,0.31213533878326416,0.03281029313802719,0.0008235659915953875
53,software,8,9,L8H9,9,.,.,0.6765136122703552,0.07258900254964828,-0.004474778659641743
53,software,8,9,L8H9,10,"
","
",0.473139226436615,0.0497310571372509,-0.0010735583491623402
53,software,8,9,L8H9,11,Sent,Sent,0.32685285806655884,0.033569857478141785,0.0008530006743967533
53,software,8,9,L8H9,12,iment,iment,0.512783944606781,0.053722746670246124,-0.005658446811139584
53,software,8,9,L8H9,13,:,:,0.5641001462936401,0.05663056671619415,0.00026423390954732895
53,software,9,2,L9H2,0,<|endoftext|>,<|endoftext|>,0.0,0.0,0.0
53,software,9,2,L9H2,1,Review,Review,0.0,0.0,0.0
53,software,9,2,L9H2,2,:,:,0.0,0.0,0.0
53,software,9,2,L9H2,3, The, The,0.0,0.0,0.0
53,software,9,2,L9H2,4, system, system,0.0,0.0,0.0
53,software,9,2,L9H2,5, handled, handled,0.0,0.0,0.0
53,software,9,2,L9H2,6, the, the,0.0,0.0,0.0
53,software,9,2,L9H2,7, workload, workload,0.0,0.0,0.0
53,software,9,2,L9H2,8, smoothly, badly,0.18127456307411194,0.017702152952551842,-0.0018357052467763424
53,software,9,2,L9H2,9,.,.,0.21842718124389648,0.022547200322151184,-0.0019713290967047215
53,software,9,2,L9H2,10,"
","
",0.05030534788966179,0.00493702944368124,-0.0006960232276469469
53,software,9,2,L9H2,11,Sent,Sent,0.40080633759498596,0.039681367576122284,-0.0030816057696938515
53,software,9,2,L9H2,12,iment,iment,0.29305821657180786,0.030102647840976715,-0.0030577569268643856
53,software,9,2,L9H2,13,:,:,0.3478882610797882,0.03489656746387482,-0.00341804139316082
56,product,10,4,L10H4,0,<|endoftext|>,<|endoftext|>,0.0,0.0,0.0
56,product,10,4,L10H4,1,Review,Review,0.0,0.0,0.0
56,product,10,4,L10H4,2,:,:,0.0,0.0,0.0
56,product,10,4,L10H4,3, The, The,0.0,0.0,0.0
56,product,10,4,L10H4,4, product, product,0.0,0.0,0.0
56,product,10,4,L10H4,5, was, was,0.0,0.0,0.0
56,product,10,4,L10H4,6, excellent, terrible,0.40114712715148926,0.038203947246074677,0.0015999681781977415
56,product,10,4,L10H4,7,.,.,0.5509040355682373,0.05521877855062485,0.002654306124895811
56,product,10,4,L10H4,8,"
","
",0.18670976161956787,0.019116681069135666,-0.0033626738004386425
56,product,10,4,L10H4,9,Sent,Sent,0.04178544133901596,0.004138055723160505,-5.678008892573416e-05
56,product,10,4,L10H4,10,iment,iment,0.5033566355705261,0.04906066134572029,-0.0007852211128920317
56,product,10,4,L10H4,11,:,:,1.3445773124694824,0.12947340309619904,-0.0003348942846059799
56,product,8,9,L8H9,0,<|endoftext|>,<|endoftext|>,0.0,0.0,0.0
56,product,8,9,L8H9,1,Review,Review,0.0,0.0,0.0
56,product,8,9,L8H9,2,:,:,0.0,0.0,0.0
56,product,8,9,L8H9,3, The, The,0.0,0.0,0.0
56,product,8,9,L8H9,4, product, product,0.0,0.0,0.0
56,product,8,9,L8H9,5, was, was,0.0,0.0,0.0
56,product,8,9,L8H9,6, excellent, terrible,0.3085207939147949,0.031830254942178726,-0.004527469631284475
56,product,8,9,L8H9,7,.,.,0.28114989399909973,0.029628686606884003,-0.0029413250740617514
56,product,8,9,L8H9,8,"
","
",0.1942625492811203,0.02004248835146427,-0.000568256014958024
56,product,8,9,L8H9,9,Sent,Sent,0.4307684898376465,0.04386445879936218,-0.0018793796189129353
56,product,8,9,L8H9,10,iment,iment,0.540947675704956,0.05434058979153633,-0.0028326159808784723
56,product,8,9,L8H9,11,:,:,0.7543413639068604,0.07654285430908203,-0.0028398011345416307
56,product,9,2,L9H2,0,<|endoftext|>,<|endoftext|>,0.0,0.0,0.0
56,product,9,2,L9H2,1,Review,Review,0.0,0.0,0.0
56,product,9,2,L9H2,2,:,:,0.0,0.0,0.0
56,product,9,2,L9H2,3, The, The,0.0,0.0,0.0
56,product,9,2,L9H2,4, product, product,0.0,0.0,0.0
56,product,9,2,L9H2,5, was, was,0.0,0.0,0.0
56,product,9,2,L9H2,6, excellent, terrible,0.1343080997467041,0.01338694617152214,-0.0014513081405311823
56,product,9,2,L9H2,7,.,.,0.7115063667297363,0.0743260458111763,-0.006021416746079922
56,product,9,2,L9H2,8,"
","
",0.13703429698944092,0.014275732450187206,-0.0017289734678342938
56,product,9,2,L9H2,9,Sent,Sent,1.0738567113876343,0.11410215497016907,-0.0056639984250068665
56,product,9,2,L9H2,10,iment,iment,0.3175293803215027,0.03428387641906738,-0.001118621788918972
56,product,9,2,L9H2,11,:,:,0.936951756477356,0.097139872610569,-0.0004141358658671379
57,product,10,4,L10H4,0,<|endoftext|>,<|endoftext|>,0.0,0.0,0.0
57,product,10,4,L10H4,1,Review,Review,0.0,0.0,0.0
57,product,10,4,L10H4,2,:,:,0.0,0.0,0.0
57,product,10,4,L10H4,3, The, The,0.0,0.0,0.0
57,product,10,4,L10H4,4, device, device,0.0,0.0,0.0
57,product,10,4,L10H4,5, was, was,0.0,0.0,0.0
57,product,10,4,L10H4,6, reliable, unreliable,0.3569713234901428,0.03299831598997116,0.0017616769764572382
57,product,10,4,L10H4,7,.,.,0.49674084782600403,0.05108011141419411,0.011562805622816086
57,product,10,4,L10H4,8,"
","
",0.19691230356693268,0.01882011443376541,-0.00508732907474041
57,product,10,4,L10H4,9,Sent,Sent,0.011794780381023884,0.0011829835129901767,-0.00019412201072555035
57,product,10,4,L10H4,10,iment,iment,0.18872672319412231,0.01906152255833149,-0.001403222093358636
57,product,10,4,L10H4,11,:,:,0.5485262870788574,0.05675822123885155,0.003444981062784791
57,product,8,9,L8H9,0,<|endoftext|>,<|endoftext|>,0.0,0.0,0.0
57,product,8,9,L8H9,1,Review,Review,0.0,0.0,0.0
57,product,8,9,L8H9,2,:,:,0.0,0.0,0.0
57,product,8,9,L8H9,3, The, The,0.0,0.0,0.0
57,product,8,9,L8H9,4, device, device,0.0,0.0,0.0
57,product,8,9,L8H9,5, was, was,0.0,0.0,0.0
57,product,8,9,L8H9,6, reliable, unreliable,0.24283050000667572,0.02451237663626671,-0.0036993869580328465
57,product,8,9,L8H9,7,.,.,0.6499530673027039,0.06628304719924927,-0.00504731759428978
57,product,8,9,L8H9,8,"
","
",0.5817652344703674,0.06029300391674042,-0.002782065188512206
57,product,8,9,L8H9,9,Sent,Sent,0.4664166271686554,0.04887743666768074,-0.002242922317236662
57,product,8,9,L8H9,10,iment,iment,0.6139863729476929,0.06605887413024902,-0.004918595310300589
57,product,8,9,L8H9,11,:,:,0.6449480652809143,0.06918776035308838,-0.004122898913919926
57,product,9,2,L9H2,0,<|endoftext|>,<|endoftext|>,0.0,0.0,0.0
57,product,9,2,L9H2,1,Review,Review,0.0,0.0,0.0
57,product,9,2,L9H2,2,:,:,0.0,0.0,0.0
57,product,9,2,L9H2,3, The, The,0.0,0.0,0.0
57,product,9,2,L9H2,4, device, device,0.0,0.0,0.0
57,product,9,2,L9H2,5, was, was,0.0,0.0,0.0
57,product,9,2,L9H2,6, reliable, unreliable,0.08642677217721939,0.008587785996496677,-0.0011091141495853662
57,product,9,2,L9H2,7,.,.,0.471061646938324,0.04664483666419983,-0.007523729000240564
57,product,9,2,L9H2,8,"
","
",0.07895375788211823,0.008135284297168255,-0.0007776595884934068
57,product,9,2,L9H2,9,Sent,Sent,0.5328831672668457,0.053829241544008255,-0.005494729615747929
57,product,9,2,L9H2,10,iment,iment,0.16923277080059052,0.017094522714614868,-0.0017537875100970268
57,product,9,2,L9H2,11,:,:,0.6005860567092896,0.05954235792160034,-0.002879934851080179
59,product,10,4,L10H4,0,<|endoftext|>,<|endoftext|>,0.0,0.0,0.0
59,product,10,4,L10H4,1,Review,Review,0.0,0.0,0.0
59,product,10,4,L10H4,2,:,:,0.0,0.0,0.0
59,product,10,4,L10H4,3, The, The,0.0,0.0,0.0
59,product,10,4,L10H4,4, keyboard, keyboard,0.0,0.0,0.0
59,product,10,4,L10H4,5, felt, felt,0.0,0.0,0.0
59,product,10,4,L10H4,6, comfortable, uncomfortable,0.04762516915798187,0.004795772489160299,0.0009569169487804174
59,product,10,4,L10H4,7,.,.,0.3233594000339508,0.03258398547768593,0.007717725355178118
59,product,10,4,L10H4,8,"
","
",0.13317415118217468,0.011879847384989262,-0.00415134709328413
59,product,10,4,L10H4,9,Sent,Sent,0.005964602343738079,0.0005702634807676077,-0.00011933701171074063
59,product,10,4,L10H4,10,iment,iment,0.1226043775677681,0.01179618202149868,-0.002656570402905345
59,product,10,4,L10H4,11,:,:,0.39618462324142456,0.04106294363737106,-0.0017285107169300318
59,product,8,9,L8H9,0,<|endoftext|>,<|endoftext|>,0.0,0.0,0.0
59,product,8,9,L8H9,1,Review,Review,0.0,0.0,0.0
59,product,8,9,L8H9,2,:,:,0.0,0.0,0.0
59,product,8,9,L8H9,3, The, The,0.0,0.0,0.0
59,product,8,9,L8H9,4, keyboard, keyboard,0.0,0.0,0.0
59,product,8,9,L8H9,5, felt, felt,0.0,0.0,0.0
59,product,8,9,L8H9,6, comfortable, uncomfortable,0.28397873044013977,0.02866620570421219,0.0008356738835573196
59,product,8,9,L8H9,7,.,.,0.5394774079322815,0.05481688305735588,-0.0006990316323935986
59,product,8,9,L8H9,8,"
","
",0.4621049463748932,0.046866338700056076,0.0027568875811994076
59,product,8,9,L8H9,9,Sent,Sent,0.4546199142932892,0.044434744864702225,0.004485483281314373
59,product,8,9,L8H9,10,iment,iment,0.6844945549964905,0.07024787366390228,-0.006113199517130852
59,product,8,9,L8H9,11,:,:,0.6768018007278442,0.06945895403623581,-0.0011414634063839912
59,product,9,2,L9H2,0,<|endoftext|>,<|endoftext|>,0.0,0.0,0.0
59,product,9,2,L9H2,1,Review,Review,0.0,0.0,0.0
59,product,9,2,L9H2,2,:,:,0.0,0.0,0.0
59,product,9,2,L9H2,3, The, The,0.0,0.0,0.0
59,product,9,2,L9H2,4, keyboard, keyboard,0.0,0.0,0.0
59,product,9,2,L9H2,5, felt, felt,0.0,0.0,0.0
59,product,9,2,L9H2,6, comfortable, uncomfortable,0.09167566150426865,0.008694075047969818,0.002055071061477065
59,product,9,2,L9H2,7,.,.,0.5912853479385376,0.05629763752222061,0.013235948979854584
59,product,9,2,L9H2,8,"
","
",0.07742947340011597,0.0076033552177250385,0.0005003310507163405
59,product,9,2,L9H2,9,Sent,Sent,0.4055810570716858,0.0389908067882061,-0.00109276978764683
59,product,9,2,L9H2,10,iment,iment,0.12204775959253311,0.0115736722946167,0.0004502840165514499
59,product,9,2,L9H2,11,:,:,0.5164057016372681,0.0497453510761261,0.00035560806281864643
60,product,10,4,L10H4,0,<|endoftext|>,<|endoftext|>,0.0,0.0,0.0
60,product,10,4,L10H4,1,Review,Review,0.0,0.0,0.0
60,product,10,4,L10H4,2,:,:,0.0,0.0,0.0
60,product,10,4,L10H4,3, The, The,0.0,0.0,0.0
60,product,10,4,L10H4,4, laptop, laptop,0.0,0.0,0.0
60,product,10,4,L10H4,5, performed, performed,0.0,0.0,0.0
60,product,10,4,L10H4,6, smoothly, poorly,0.05769931524991989,0.00577562628313899,-0.0014608388300985098
60,product,10,4,L10H4,7,.,.,0.34239640831947327,0.03411982208490372,0.0006706244312226772
60,product,10,4,L10H4,8,"
","
",0.1252160519361496,0.012112259864807129,-0.0036324532702565193
60,product,10,4,L10H4,9,Sent,Sent,0.01310293935239315,0.0013038888573646545,-0.0003979375178460032
60,product,10,4,L10H4,10,iment,iment,0.2987903356552124,0.02988419681787491,-0.006746072322130203
60,product,10,4,L10H4,11,:,:,0.7216960191726685,0.07109161466360092,-0.011437385343015194
60,product,8,9,L8H9,0,<|endoftext|>,<|endoftext|>,0.0,0.0,0.0
60,product,8,9,L8H9,1,Review,Review,0.0,0.0,0.0
60,product,8,9,L8H9,2,:,:,0.0,0.0,0.0
60,product,8,9,L8H9,3, The, The,0.0,0.0,0.0
60,product,8,9,L8H9,4, laptop, laptop,0.0,0.0,0.0
60,product,8,9,L8H9,5, performed, performed,0.0,0.0,0.0
60,product,8,9,L8H9,6, smoothly, poorly,0.4655784070491791,0.04744475334882736,-0.007106551434844732
60,product,8,9,L8H9,7,.,.,0.47169968485832214,0.049638357013463974,-0.008297028951346874
60,product,8,9,L8H9,8,"
","
",0.3911130130290985,0.041074857115745544,-0.0038680685684084892
60,product,8,9,L8H9,9,Sent,Sent,0.37898173928260803,0.038870397955179214,-0.0026825335808098316
60,product,8,9,L8H9,10,iment,iment,0.5299414992332458,0.05638737604022026,-0.008234713226556778
60,product,8,9,L8H9,11,:,:,0.5851982831954956,0.06186971813440323,-0.004822577349841595
60,product,9,2,L9H2,0,<|endoftext|>,<|endoftext|>,0.0,0.0,0.0
60,product,9,2,L9H2,1,Review,Review,0.0,0.0,0.0
60,product,9,2,L9H2,2,:,:,0.0,0.0,0.0
60,product,9,2,L9H2,3, The, The,0.0,0.0,0.0
60,product,9,2,L9H2,4, laptop, laptop,0.0,0.0,0.0
60,product,9,2,L9H2,5, performed, performed,0.0,0.0,0.0
60,product,9,2,L9H2,6, smoothly, poorly,0.27996543049812317,0.027785426005721092,0.005200697109103203
60,product,9,2,L9H2,7,.,.,0.2681417763233185,0.02608720026910305,-0.006012181751430035
60,product,9,2,L9H2,8,"
","
",0.07945358753204346,0.007468552328646183,-0.0020133070647716522
60,product,9,2,L9H2,9,Sent,Sent,0.558245837688446,0.056863196194171906,-0.010896293446421623
60,product,9,2,L9H2,10,iment,iment,0.2338668256998062,0.023572713136672974,-0.004063100554049015
60,product,9,2,L9H2,11,:,:,0.568501889705658,0.05957050621509552,-0.0054059214890003204
62,product,10,4,L10H4,0,<|endoftext|>,<|endoftext|>,0.0,0.0,0.0
62,product,10,4,L10H4,1,Review,Review,0.0,0.0,0.0
62,product,10,4,L10H4,2,:,:,0.0,0.0,0.0
62,product,10,4,L10H4,3, The, The,3.5852352198162407e-07,3.318390895401535e-08,2.935763632194721e-09
62,product,10,4,L10H4,4, packaging, packaging,9.990889111577417e-07,9.574068826623261e-08,-1.4817487681284547e-08
62,product,10,4,L10H4,5, was, was,1.1548354450496845e-06,1.1452357284724712e-07,3.1228410080075264e-08
62,product,10,4,L10H4,6, attractive, unatt,1.0242304801940918,0.09594426304101944,0.004534796811640263
62,product,10,4,L10H4,7,.,ractive,1.2353675365447998,0.12290696799755096,0.004853738471865654
62,product,10,4,L10H4,8,"
",.,0.47114482522010803,0.04940245673060417,-0.00459987111389637
62,product,10,4,L10H4,9,Sent,"
",0.6664136648178101,0.0641782209277153,-0.013391247019171715
62,product,10,4,L10H4,10,iment,Sent,0.7033934593200684,0.0662049800157547,0.013777193613350391
62,product,10,4,L10H4,11,:,iment,1.1680442094802856,0.1177283525466919,0.022797755897045135
62,product,8,9,L8H9,0,<|endoftext|>,<|endoftext|>,0.0,0.0,0.0
62,product,8,9,L8H9,1,Review,Review,0.0,0.0,0.0
62,product,8,9,L8H9,2,:,:,0.0,0.0,0.0
62,product,8,9,L8H9,3, The, The,1.3410337373898074e-07,1.216903910972178e-08,5.016772774979472e-09
62,product,8,9,L8H9,4, packaging, packaging,3.4408083138259826e-07,3.4349795896559954e-08,1.04046193882823e-09
62,product,8,9,L8H9,5, was, was,2.552001205913257e-06,2.638844307512045e-07,-3.92901711165905e-09
62,product,8,9,L8H9,6, attractive, unatt,0.2255784124135971,0.023424437269568443,-0.010203256271779537
62,product,8,9,L8H9,7,.,ractive,0.8919726014137268,0.09185457974672318,-0.0020340029150247574
62,product,8,9,L8H9,8,"
",.,0.6643643975257874,0.06885716319084167,0.0036463821306824684
62,product,8,9,L8H9,9,Sent,"
",0.5095683932304382,0.04951988905668259,0.003192988457158208
62,product,8,9,L8H9,10,iment,Sent,0.8396509289741516,0.08274590969085693,-0.009221212938427925
62,product,8,9,L8H9,11,:,iment,0.9180616140365601,0.08999209105968475,-0.011492021381855011
62,product,9,2,L9H2,0,<|endoftext|>,<|endoftext|>,0.0,0.0,0.0
62,product,9,2,L9H2,1,Review,Review,0.0,0.0,0.0
62,product,9,2,L9H2,2,:,:,0.0,0.0,0.0
62,product,9,2,L9H2,3, The, The,4.763347405400964e-08,4.694925337389577e-09,-1.6649437384330668e-09
62,product,9,2,L9H2,4, packaging, packaging,2.4611520643702534e-07,2.4945620680227876e-08,6.370100891217589e-09
62,product,9,2,L9H2,5, was, was,1.257522740161221e-06,1.2954114936292171e-07,2.8492650017142296e-08
62,product,9,2,L9H2,6, attractive, unatt,0.7350864410400391,0.07136864215135574,-0.01356557197868824
62,product,9,2,L9H2,7,.,ractive,0.6674920916557312,0.060465991497039795,0.009033442474901676
62,product,9,2,L9H2,8,"
",.,1.764827847480774,0.16414080560207367,-0.02565689943730831
62,product,9,2,L9H2,9,Sent,"
",0.27957257628440857,0.02542177215218544,0.004476187750697136
62,product,9,2,L9H2,10,iment,Sent,0.5364027619361877,0.0512983500957489,-0.009608503431081772
62,product,9,2,L9H2,11,:,iment,0.8186846375465393,0.07702522724866867,0.007154037710279226
65,product,10,4,L10H4,0,<|endoftext|>,<|endoftext|>,0.0,0.0,0.0
65,product,10,4,L10H4,1,Review,Review,0.0,0.0,0.0
65,product,10,4,L10H4,2,:,:,0.0,0.0,0.0
65,product,10,4,L10H4,3, The, The,0.0,0.0,0.0
65,product,10,4,L10H4,4, delivery, delivery,0.0,0.0,0.0
65,product,10,4,L10H4,5, was, was,0.0,0.0,0.0
65,product,10,4,L10H4,6, remarkably, painfully,0.5657047033309937,0.054246511310338974,-0.003129727905616164
65,product,10,4,L10H4,7, fast, slow,0.15026657283306122,0.01344362087547779,-0.0021568392403423786
65,product,10,4,L10H4,8,.,.,0.25756075978279114,0.02615317329764366,-0.006348817143589258
65,product,10,4,L10H4,9,"
","
",0.08793241530656815,0.00845995545387268,-0.0027491957880556583
65,product,10,4,L10H4,10,Sent,Sent,0.027309061959385872,0.0026848195120692253,-0.00024492916418239474
65,product,10,4,L10H4,11,iment,iment,0.18336810171604156,0.018251365050673485,-0.004903389606624842
65,product,10,4,L10H4,12,:,:,0.4426482915878296,0.04424740746617317,-0.00956214964389801
65,product,8,9,L8H9,0,<|endoftext|>,<|endoftext|>,0.0,0.0,0.0
65,product,8,9,L8H9,1,Review,Review,0.0,0.0,0.0
65,product,8,9,L8H9,2,:,:,0.0,0.0,0.0
65,product,8,9,L8H9,3, The, The,0.0,0.0,0.0
65,product,8,9,L8H9,4, delivery, delivery,0.0,0.0,0.0
65,product,8,9,L8H9,5, was, was,0.0,0.0,0.0
65,product,8,9,L8H9,6, remarkably, painfully,0.08945893496274948,0.008336287923157215,-0.00023513659834861755
65,product,8,9,L8H9,7, fast, slow,0.22267940640449524,0.02171587385237217,0.00511173065751791
65,product,8,9,L8H9,8,.,.,0.39922329783439636,0.03934324160218239,0.01043101865798235
65,product,8,9,L8H9,9,"
","
",0.25424498319625854,0.024357009679079056,0.005078383255749941
65,product,8,9,L8H9,10,Sent,Sent,0.3808526396751404,0.03772912174463272,0.003738616593182087
65,product,8,9,L8H9,11,iment,iment,0.44673898816108704,0.04331573098897934,0.00519203394651413
65,product,8,9,L8H9,12,:,:,0.44282329082489014,0.0457967072725296,0.0005111827049404383
65,product,9,2,L9H2,0,<|endoftext|>,<|endoftext|>,0.0,0.0,0.0
65,product,9,2,L9H2,1,Review,Review,0.0,0.0,0.0
65,product,9,2,L9H2,2,:,:,0.0,0.0,0.0
65,product,9,2,L9H2,3, The, The,0.0,0.0,0.0
65,product,9,2,L9H2,4, delivery, delivery,0.0,0.0,0.0
65,product,9,2,L9H2,5, was, was,0.0,0.0,0.0
65,product,9,2,L9H2,6, remarkably, painfully,0.818446159362793,0.07957956194877625,0.001878187758848071
65,product,9,2,L9H2,7, fast, slow,0.06597121059894562,0.006656452547758818,4.659542173612863e-05
65,product,9,2,L9H2,8,.,.,0.36654943227767944,0.03806816786527634,-0.005322548560798168
65,product,9,2,L9H2,9,"
","
",0.03910600021481514,0.003920380491763353,-0.00016996212070807815
65,product,9,2,L9H2,10,Sent,Sent,0.3107074797153473,0.030795054510235786,-0.0013609117595478892
65,product,9,2,L9H2,11,iment,iment,0.15387243032455444,0.015252124518156052,-0.0005969401099719107
65,product,9,2,L9H2,12,:,:,0.4552891254425049,0.04751310870051384,-0.00292027834802866
67,product,10,4,L10H4,0,<|endoftext|>,<|endoftext|>,0.0,0.0,0.0
67,product,10,4,L10H4,1,Review,Review,0.0,0.0,0.0
67,product,10,4,L10H4,2,:,:,0.0,0.0,0.0
67,product,10,4,L10H4,3, The, The,0.0,0.0,0.0
67,product,10,4,L10H4,4, purchase, purchase,0.0,0.0,0.0
67,product,10,4,L10H4,5, was, was,0.0,0.0,0.0
67,product,10,4,L10H4,6, worthwhile, wasteful,0.2854863405227661,0.02879679948091507,0.0013684930745512247
67,product,10,4,L10H4,7,.,.,0.43331655859947205,0.045256759971380234,0.008567515760660172
67,product,10,4,L10H4,8,"
","
",0.19578585028648376,0.020510219037532806,0.0009122213814407587
67,product,10,4,L10H4,9,Sent,Sent,0.04401423782110214,0.004465756006538868,-0.00036155342240817845
67,product,10,4,L10H4,10,iment,iment,0.30433204770088196,0.03124030865728855,0.0029124366119503975
67,product,10,4,L10H4,11,:,:,1.4822502136230469,0.1445181965827942,0.02280387468636036
67,product,8,9,L8H9,0,<|endoftext|>,<|endoftext|>,0.0,0.0,0.0
67,product,8,9,L8H9,1,Review,Review,0.0,0.0,0.0
67,product,8,9,L8H9,2,:,:,0.0,0.0,0.0
67,product,8,9,L8H9,3, The, The,0.0,0.0,0.0
67,product,8,9,L8H9,4, purchase, purchase,0.0,0.0,0.0
67,product,8,9,L8H9,5, was, was,0.0,0.0,0.0
67,product,8,9,L8H9,6, worthwhile, wasteful,0.40567153692245483,0.04235104098916054,0.003348761238157749
67,product,8,9,L8H9,7,.,.,0.668077290058136,0.07007552683353424,0.012283209711313248
67,product,8,9,L8H9,8,"
","
",0.4309445321559906,0.045944247394800186,0.010289976373314857
67,product,8,9,L8H9,9,Sent,Sent,0.448995977640152,0.04645785689353943,0.001035141060128808
67,product,8,9,L8H9,10,iment,iment,0.5059254169464111,0.05136372894048691,-0.0004371665418148041
67,product,8,9,L8H9,11,:,:,0.5270183682441711,0.054220765829086304,0.0005351919680833817
67,product,9,2,L9H2,0,<|endoftext|>,<|endoftext|>,0.0,0.0,0.0
67,product,9,2,L9H2,1,Review,Review,0.0,0.0,0.0
67,product,9,2,L9H2,2,:,:,0.0,0.0,0.0
67,product,9,2,L9H2,3, The, The,0.0,0.0,0.0
67,product,9,2,L9H2,4, purchase, purchase,0.0,0.0,0.0
67,product,9,2,L9H2,5, was, was,0.0,0.0,0.0
67,product,9,2,L9H2,6, worthwhile, wasteful,0.5140436291694641,0.0472831055521965,0.0009772945195436478
67,product,9,2,L9H2,7,.,.,0.4540962278842926,0.04066472128033638,0.00048079085536301136
67,product,9,2,L9H2,8,"
","
",0.07690922170877457,0.00752668920904398,-0.0007653078064322472
67,product,9,2,L9H2,9,Sent,Sent,0.5794828534126282,0.05269424617290497,-0.0012349861208349466
67,product,9,2,L9H2,10,iment,iment,0.24109967052936554,0.022355031222105026,0.00043423956958577037
67,product,9,2,L9H2,11,:,:,0.4536088705062866,0.04381445795297623,-0.0008502003038302064
68,product,10,4,L10H4,0,<|endoftext|>,<|endoftext|>,0.0,0.0,0.0
68,product,10,4,L10H4,1,Review,Review,0.0,0.0,0.0
68,product,10,4,L10H4,2,:,:,0.0,0.0,0.0
68,product,10,4,L10H4,3, The, The,0.0,0.0,0.0
68,product,10,4,L10H4,4, product, product,0.0,0.0,0.0
68,product,10,4,L10H4,5, exceeded, disappointed,0.23283693194389343,0.02333257533609867,0.003475164296105504
68,product,10,4,L10H4,6, my, my,0.7418519854545593,0.07651285082101822,0.004482779186218977
68,product,10,4,L10H4,7, expectations, expectations,0.6016513705253601,0.05711983144283295,0.0016322650481015444
68,product,10,4,L10H4,8,.,.,0.41579097509384155,0.04024363309144974,0.004433140624314547
68,product,10,4,L10H4,9,"
","
",0.10154034942388535,0.010578515939414501,-0.0016921341884881258
68,product,10,4,L10H4,10,Sent,Sent,0.033423423767089844,0.0033865952864289284,-6.667026900686324e-05
68,product,10,4,L10H4,11,iment,iment,0.31475210189819336,0.03158337250351906,-0.0040461220778524876
68,product,10,4,L10H4,12,:,:,0.5366453528404236,0.055138591676950455,-0.006170693784952164
68,product,8,9,L8H9,0,<|endoftext|>,<|endoftext|>,0.0,0.0,0.0
68,product,8,9,L8H9,1,Review,Review,0.0,0.0,0.0
68,product,8,9,L8H9,2,:,:,0.0,0.0,0.0
68,product,8,9,L8H9,3, The, The,0.0,0.0,0.0
68,product,8,9,L8H9,4, product, product,0.0,0.0,0.0
68,product,8,9,L8H9,5, exceeded, disappointed,0.5409985780715942,0.05559072270989418,0.008468364365398884
68,product,8,9,L8H9,6, my, my,1.1647613048553467,0.12056949734687805,0.023315489292144775
68,product,8,9,L8H9,7, expectations, expectations,1.0430212020874023,0.10935129225254059,0.015722835436463356
68,product,8,9,L8H9,8,.,.,0.20588286221027374,0.02064741589128971,0.0044851768761873245
68,product,8,9,L8H9,9,"
","
",0.1682092398405075,0.016263214871287346,0.004261881113052368
68,product,8,9,L8H9,10,Sent,Sent,0.29956692457199097,0.029065854847431183,0.005547794047743082
68,product,8,9,L8H9,11,iment,iment,0.40732982754707336,0.04111277312040329,0.01381966844201088
68,product,8,9,L8H9,12,:,:,0.5555433034896851,0.05247310921549797,0.016872186213731766
68,product,9,2,L9H2,0,<|endoftext|>,<|endoftext|>,0.0,0.0,0.0
68,product,9,2,L9H2,1,Review,Review,0.0,0.0,0.0
68,product,9,2,L9H2,2,:,:,0.0,0.0,0.0
68,product,9,2,L9H2,3, The, The,0.0,0.0,0.0
68,product,9,2,L9H2,4, product, product,0.0,0.0,0.0
68,product,9,2,L9H2,5, exceeded, disappointed,0.6840124130249023,0.06638860702514648,0.012412534095346928
68,product,9,2,L9H2,6, my, my,0.6647604703903198,0.06334967166185379,0.016657136380672455
68,product,9,2,L9H2,7, expectations, expectations,0.05158394202589989,0.004815918393433094,0.001147544477134943
68,product,9,2,L9H2,8,.,.,0.5100759267807007,0.053612977266311646,-0.0051821144297719
68,product,9,2,L9H2,9,"
","
",0.07176888734102249,0.007424256764352322,-0.0008984789019450545
68,product,9,2,L9H2,10,Sent,Sent,0.5927525162696838,0.06166534870862961,-0.006578394677489996
68,product,9,2,L9H2,11,iment,iment,0.41378527879714966,0.04267480596899986,-0.0011994731612503529
68,product,9,2,L9H2,12,:,:,0.8561128973960876,0.08975942432880402,-0.006232516840100288
69,product,10,4,L10H4,0,<|endoftext|>,<|endoftext|>,0.0,0.0,0.0
69,product,10,4,L10H4,1,Review,Review,0.0,0.0,0.0
69,product,10,4,L10H4,2,:,:,0.0,0.0,0.0
69,product,10,4,L10H4,3, The, The,0.0,0.0,0.0
69,product,10,4,L10H4,4, device, device,0.0,0.0,0.0
69,product,10,4,L10H4,5, felt, felt,0.0,0.0,0.0
69,product,10,4,L10H4,6, premium, cheap,0.27523618936538696,0.025683322921395302,0.0029421639628708363
69,product,10,4,L10H4,7, and, and,3.211167573928833,0.3105866312980652,0.058315157890319824
69,product,10,4,L10H4,8, durable, fragile,0.33320924639701843,0.030979907140135765,0.000711729924660176
69,product,10,4,L10H4,9,.,.,0.3173423707485199,0.031228117644786835,0.006891329772770405
69,product,10,4,L10H4,10,"
","
",0.15992633998394012,0.015475951135158539,-0.004237681161612272
69,product,10,4,L10H4,11,Sent,Sent,0.012472513131797314,0.0012149267131462693,0.0003012418164871633
69,product,10,4,L10H4,12,iment,iment,0.1627337783575058,0.01572723127901554,-0.0006132396520115435
69,product,10,4,L10H4,13,:,:,0.7232044339179993,0.07156745344400406,0.01795046031475067
69,product,8,9,L8H9,0,<|endoftext|>,<|endoftext|>,0.0,0.0,0.0
69,product,8,9,L8H9,1,Review,Review,0.0,0.0,0.0
69,product,8,9,L8H9,2,:,:,0.0,0.0,0.0
69,product,8,9,L8H9,3, The, The,0.0,0.0,0.0
69,product,8,9,L8H9,4, device, device,0.0,0.0,0.0
69,product,8,9,L8H9,5, felt, felt,0.0,0.0,0.0
69,product,8,9,L8H9,6, premium, cheap,0.4701670706272125,0.048058800399303436,0.002749753650277853
69,product,8,9,L8H9,7, and, and,0.4528172016143799,0.04600115865468979,6.934738485142589e-05
69,product,8,9,L8H9,8, durable, fragile,0.45801228284835815,0.047281403094530106,-0.005507281050086021
69,product,8,9,L8H9,9,.,.,0.8923248052597046,0.09093727171421051,0.018211182206869125
69,product,8,9,L8H9,10,"
","
",0.45179882645606995,0.046672530472278595,0.00632396899163723
69,product,8,9,L8H9,11,Sent,Sent,0.4617308974266052,0.047973066568374634,0.0034476188011467457
69,product,8,9,L8H9,12,iment,iment,0.6415926218032837,0.06719602644443512,-0.0010269021149724722
69,product,8,9,L8H9,13,:,:,0.4296046495437622,0.04438801854848862,0.004322450142353773
69,product,9,2,L9H2,0,<|endoftext|>,<|endoftext|>,0.0,0.0,0.0
69,product,9,2,L9H2,1,Review,Review,0.0,0.0,0.0
69,product,9,2,L9H2,2,:,:,0.0,0.0,0.0
69,product,9,2,L9H2,3, The, The,0.0,0.0,0.0
69,product,9,2,L9H2,4, device, device,0.0,0.0,0.0
69,product,9,2,L9H2,5, felt, felt,0.0,0.0,0.0
69,product,9,2,L9H2,6, premium, cheap,0.23871956765651703,0.023121202364563942,0.002412571804597974
69,product,9,2,L9H2,7, and, and,0.7818412780761719,0.07609548419713974,0.013955866917967796
69,product,9,2,L9H2,8, durable, fragile,0.22571693360805511,0.02228028140962124,0.0029402202926576138
69,product,9,2,L9H2,9,.,.,0.7566153407096863,0.07464337348937988,0.010814596898853779
69,product,9,2,L9H2,10,"
","
",0.20970261096954346,0.022332657128572464,0.0013039004988968372
69,product,9,2,L9H2,11,Sent,Sent,0.5184680223464966,0.05124867707490921,0.0037220241501927376
69,product,9,2,L9H2,12,iment,iment,0.21092720329761505,0.022119801491498947,0.0025515754241496325
69,product,9,2,L9H2,13,:,:,0.6539815664291382,0.0661916434764862,0.013785256072878838
71,book,10,4,L10H4,0,<|endoftext|>,<|endoftext|>,0.0,0.0,0.0
71,book,10,4,L10H4,1,Review,Review,0.0,0.0,0.0
71,book,10,4,L10H4,2,:,:,0.0,0.0,0.0
71,book,10,4,L10H4,3, The, The,0.0,0.0,0.0
71,book,10,4,L10H4,4, book, book,0.0,0.0,0.0
71,book,10,4,L10H4,5, was, was,0.0,0.0,0.0
71,book,10,4,L10H4,6, fascinating, tedious,0.20716586709022522,0.01981085166335106,0.0023948298767209053
71,book,10,4,L10H4,7,.,.,0.6647663712501526,0.06966995447874069,0.009408516809344292
71,book,10,4,L10H4,8,"
","
",0.14704999327659607,0.014820929616689682,-0.001789954723790288
71,book,10,4,L10H4,9,Sent,Sent,0.09359123557806015,0.009603651240468025,0.0009517656289972365
71,book,10,4,L10H4,10,iment,iment,0.5878307819366455,0.059014692902565,0.004843606147915125
71,book,10,4,L10H4,11,:,:,1.1356450319290161,0.11182898283004761,0.0041491808369755745
71,book,8,9,L8H9,0,<|endoftext|>,<|endoftext|>,0.0,0.0,0.0
71,book,8,9,L8H9,1,Review,Review,0.0,0.0,0.0
71,book,8,9,L8H9,2,:,:,0.0,0.0,0.0
71,book,8,9,L8H9,3, The, The,0.0,0.0,0.0
71,book,8,9,L8H9,4, book, book,0.0,0.0,0.0
71,book,8,9,L8H9,5, was, was,0.0,0.0,0.0
71,book,8,9,L8H9,6, fascinating, tedious,0.3655296862125397,0.03520211577415466,0.0068716988898813725
71,book,8,9,L8H9,7,.,.,0.8406627178192139,0.08472377806901932,0.02583892270922661
71,book,8,9,L8H9,8,"
","
",0.25646692514419556,0.025107480585575104,0.008684281259775162
71,book,8,9,L8H9,9,Sent,Sent,0.3000861704349518,0.028425073251128197,0.007147691212594509
71,book,8,9,L8H9,10,iment,iment,0.31082192063331604,0.02940176986157894,0.00934321153908968
71,book,8,9,L8H9,11,:,:,0.8284377455711365,0.08373034000396729,0.006219109520316124
71,book,9,2,L9H2,0,<|endoftext|>,<|endoftext|>,0.0,0.0,0.0
71,book,9,2,L9H2,1,Review,Review,0.0,0.0,0.0
71,book,9,2,L9H2,2,:,:,0.0,0.0,0.0
71,book,9,2,L9H2,3, The, The,0.0,0.0,0.0
71,book,9,2,L9H2,4, book, book,0.0,0.0,0.0
71,book,9,2,L9H2,5, was, was,0.0,0.0,0.0
71,book,9,2,L9H2,6, fascinating, tedious,0.06156875565648079,0.0062182191759347916,-0.0012310503516346216
71,book,9,2,L9H2,7,.,.,0.5223126411437988,0.053861599415540695,-0.005225099623203278
71,book,9,2,L9H2,8,"
","
",0.045322492718696594,0.004597584716975689,-0.0009528978262096643
71,book,9,2,L9H2,9,Sent,Sent,0.3074904680252075,0.031358249485492706,-0.006255791522562504
71,book,9,2,L9H2,10,iment,iment,0.21360056102275848,0.021243831142783165,-0.0020666192285716534
71,book,9,2,L9H2,11,:,:,0.6620328426361084,0.0675748735666275,-0.005533526185899973
72,book,10,4,L10H4,0,<|endoftext|>,<|endoftext|>,0.0,0.0,0.0
72,book,10,4,L10H4,1,Review,Review,0.0,0.0,0.0
72,book,10,4,L10H4,2,:,:,0.0,0.0,0.0
72,book,10,4,L10H4,3, The, The,0.0,0.0,0.0
72,book,10,4,L10H4,4, novel, novel,0.0,0.0,0.0
72,book,10,4,L10H4,5, was, was,0.0,0.0,0.0
72,book,10,4,L10H4,6, beautifully, poorly,1.222654938697815,0.11834818124771118,0.02251550555229187
72,book,10,4,L10H4,7, written, written,0.7218122482299805,0.07116036117076874,0.015011103823781013
72,book,10,4,L10H4,8,.,.,0.65357506275177,0.06392580270767212,-0.00013763061724603176
72,book,10,4,L10H4,9,"
","
",0.1624891757965088,0.015924887731671333,-0.003848365508019924
72,book,10,4,L10H4,10,Sent,Sent,0.05537419766187668,0.005560014396905899,-0.001623141230084002
72,book,10,4,L10H4,11,iment,iment,0.39764314889907837,0.039149798452854156,-0.006991327740252018
72,book,10,4,L10H4,12,:,:,0.6060102581977844,0.06259042024612427,-0.010508759878575802
72,book,8,9,L8H9,0,<|endoftext|>,<|endoftext|>,0.0,0.0,0.0
72,book,8,9,L8H9,1,Review,Review,0.0,0.0,0.0
72,book,8,9,L8H9,2,:,:,0.0,0.0,0.0
72,book,8,9,L8H9,3, The, The,0.0,0.0,0.0
72,book,8,9,L8H9,4, novel, novel,0.0,0.0,0.0
72,book,8,9,L8H9,5, was, was,0.0,0.0,0.0
72,book,8,9,L8H9,6, beautifully, poorly,0.6255530714988708,0.06392266601324081,0.0018069377401843667
72,book,8,9,L8H9,7, written, written,0.4811737537384033,0.048914842307567596,-0.009662043303251266
72,book,8,9,L8H9,8,.,.,0.7448267936706543,0.07533726841211319,0.0008015530183911324
72,book,8,9,L8H9,9,"
","
",0.2816738188266754,0.027236653491854668,0.0014713946729898453
72,book,8,9,L8H9,10,Sent,Sent,0.21560238301753998,0.021721012890338898,-0.00042811466846615076
72,book,8,9,L8H9,11,iment,iment,0.38544484972953796,0.039647720754146576,-0.006942061707377434
72,book,8,9,L8H9,12,:,:,0.5782888531684875,0.057298239320516586,-0.0031096877064555883
72,book,9,2,L9H2,0,<|endoftext|>,<|endoftext|>,0.0,0.0,0.0
72,book,9,2,L9H2,1,Review,Review,0.0,0.0,0.0
72,book,9,2,L9H2,2,:,:,0.0,0.0,0.0
72,book,9,2,L9H2,3, The, The,0.0,0.0,0.0
72,book,9,2,L9H2,4, novel, novel,0.0,0.0,0.0
72,book,9,2,L9H2,5, was, was,0.0,0.0,0.0
72,book,9,2,L9H2,6, beautifully, poorly,0.16381113231182098,0.016515694558620453,0.000285383895970881
72,book,9,2,L9H2,7, written, written,0.07662763446569443,0.0074229491874575615,0.0008001038804650307
72,book,9,2,L9H2,8,.,.,0.23575936257839203,0.022708281874656677,0.0018235428724437952
72,book,9,2,L9H2,9,"
","
",0.034755539149045944,0.0036232382990419865,0.00029443518724292517
72,book,9,2,L9H2,10,Sent,Sent,0.131710484623909,0.013484008610248566,-0.0021896560210734606
72,book,9,2,L9H2,11,iment,iment,0.11693481355905533,0.012054024264216423,-0.0003059421433135867
72,book,9,2,L9H2,12,:,:,0.5322771668434143,0.05516456812620163,0.005032069515436888
75,book,10,4,L10H4,0,<|endoftext|>,<|endoftext|>,0.0,0.0,0.0
75,book,10,4,L10H4,1,Review,Review,0.0,0.0,0.0
75,book,10,4,L10H4,2,:,:,0.0,0.0,0.0
75,book,10,4,L10H4,3, The, The,0.0,0.0,0.0
75,book,10,4,L10H4,4, narrative, narrative,0.0,0.0,0.0
75,book,10,4,L10H4,5, was, was,0.0,0.0,0.0
75,book,10,4,L10H4,6, engaging, boring,0.6769388318061829,0.0678391233086586,0.02384866215288639
75,book,10,4,L10H4,7,.,.,0.6637357473373413,0.062157630920410156,0.013801288791000843
75,book,10,4,L10H4,8,"
","
",0.07239144295454025,0.007112461142241955,0.0006534605054184794
75,book,10,4,L10H4,9,Sent,Sent,0.054895367473363876,0.005270104389637709,0.0014872215688228607
75,book,10,4,L10H4,10,iment,iment,0.3505041301250458,0.03319496661424637,0.007256573997437954
75,book,10,4,L10H4,11,:,:,0.8775297403335571,0.08710326254367828,0.007285906933248043
75,book,8,9,L8H9,0,<|endoftext|>,<|endoftext|>,0.0,0.0,0.0
75,book,8,9,L8H9,1,Review,Review,0.0,0.0,0.0
75,book,8,9,L8H9,2,:,:,0.0,0.0,0.0
75,book,8,9,L8H9,3, The, The,0.0,0.0,0.0
75,book,8,9,L8H9,4, narrative, narrative,0.0,0.0,0.0
75,book,8,9,L8H9,5, was, was,0.0,0.0,0.0
75,book,8,9,L8H9,6, engaging, boring,0.13772863149642944,0.014091113582253456,0.0023818938061594963
75,book,8,9,L8H9,7,.,.,0.38458696007728577,0.037870533764362335,0.011817233636975288
75,book,8,9,L8H9,8,"
","
",0.23652099072933197,0.022562198340892792,0.005652515217661858
75,book,8,9,L8H9,9,Sent,Sent,0.18019099533557892,0.01671850122511387,0.0043435171246528625
75,book,8,9,L8H9,10,iment,iment,0.3564392924308777,0.037240445613861084,0.0032214592210948467
75,book,8,9,L8H9,11,:,:,1.0646127462387085,0.11295907944440842,0.0006347838789224625
75,book,9,2,L9H2,0,<|endoftext|>,<|endoftext|>,0.0,0.0,0.0
75,book,9,2,L9H2,1,Review,Review,0.0,0.0,0.0
75,book,9,2,L9H2,2,:,:,0.0,0.0,0.0
75,book,9,2,L9H2,3, The, The,0.0,0.0,0.0
75,book,9,2,L9H2,4, narrative, narrative,0.0,0.0,0.0
75,book,9,2,L9H2,5, was, was,0.0,0.0,0.0
75,book,9,2,L9H2,6, engaging, boring,0.04732193797826767,0.0045332713052630424,-0.0015325823333114386
75,book,9,2,L9H2,7,.,.,0.3676984906196594,0.03848516196012497,-0.0037388387136161327
75,book,9,2,L9H2,8,"
","
",0.0331885851919651,0.003473867429420352,-0.0006780503317713737
75,book,9,2,L9H2,9,Sent,Sent,0.1220567524433136,0.012461765669286251,-0.003240683814510703
75,book,9,2,L9H2,10,iment,iment,0.17195731401443481,0.01712423749268055,-0.0048038228414952755
75,book,9,2,L9H2,11,:,:,0.4467270076274872,0.04603461176156998,-0.011986970901489258
76,book,10,4,L10H4,0,<|endoftext|>,<|endoftext|>,0.0,0.0,0.0
76,book,10,4,L10H4,1,Review,Review,0.0,0.0,0.0
76,book,10,4,L10H4,2,:,:,0.0,0.0,0.0
76,book,10,4,L10H4,3, The, The,3.5852352198162407e-07,3.318390895401535e-08,-2.935763632194721e-09
76,book,10,4,L10H4,4, ideas, ideas,5.160283649274788e-07,5.0407834351062775e-08,-5.820766091346741e-10
76,book,10,4,L10H4,5, were, were,1.7774332263797987e-06,1.805165084078908e-07,3.974128048866987e-08
76,book,10,4,L10H4,6, thought, superficial,1.0999820232391357,0.09912745654582977,-0.0052834064699709415
76,book,10,4,L10H4,7,-,.,0.4663344621658325,0.043877776712179184,-0.009361440315842628
76,book,10,4,L10H4,8,prov,"
",0.4542127549648285,0.04273699223995209,-0.009887691587209702
76,book,10,4,L10H4,9,oking,Sent,2.454702854156494,0.2183486670255661,0.0338975191116333
76,book,10,4,L10H4,10,.,iment,0.9206414222717285,0.08713135123252869,0.014285147190093994
76,book,10,4,L10H4,11,"
",:,1.43803870677948,0.14724978804588318,-0.03512372076511383
76,book,8,9,L8H9,0,<|endoftext|>,<|endoftext|>,0.0,0.0,0.0
76,book,8,9,L8H9,1,Review,Review,0.0,0.0,0.0
76,book,8,9,L8H9,2,:,:,0.0,0.0,0.0
76,book,8,9,L8H9,3, The, The,1.3410337373898074e-07,1.216903910972178e-08,-5.016772774979472e-09
76,book,8,9,L8H9,4, ideas, ideas,2.786522657061141e-07,2.6702764444053173e-08,-3.943569026887417e-09
76,book,8,9,L8H9,5, were, were,1.5277516922651557e-06,1.552689354866743e-07,3.6961864680051804e-09
76,book,8,9,L8H9,6, thought, superficial,0.41601264476776123,0.03976845741271973,0.007720224093645811
76,book,8,9,L8H9,7,-,.,0.5988338589668274,0.0646403357386589,0.01562165841460228
76,book,8,9,L8H9,8,prov,"
",0.8192339539527893,0.0807771161198616,0.010717666707932949
76,book,8,9,L8H9,9,oking,Sent,0.7008360028266907,0.0675966665148735,-0.0008863676339387894
76,book,8,9,L8H9,10,.,iment,0.8535873889923096,0.08696931600570679,-0.009193896315991879
76,book,8,9,L8H9,11,"
",:,1.3669216632843018,0.13764996826648712,0.010104252025485039
76,book,9,2,L9H2,0,<|endoftext|>,<|endoftext|>,0.0,0.0,0.0
76,book,9,2,L9H2,1,Review,Review,0.0,0.0,0.0
76,book,9,2,L9H2,2,:,:,0.0,0.0,0.0
76,book,9,2,L9H2,3, The, The,4.763347405400964e-08,4.694925337389577e-09,1.6649437384330668e-09
76,book,9,2,L9H2,4, ideas, ideas,1.8910449739450996e-07,1.9248545868322253e-08,6.020854925736785e-09
76,book,9,2,L9H2,5, were, were,2.5207880298694363e-06,2.5033659767359495e-07,3.12138581648469e-08
76,book,9,2,L9H2,6, thought, superficial,0.17602409422397614,0.01765122450888157,-0.003897519316524267
76,book,9,2,L9H2,7,-,.,0.9371750950813293,0.09144499152898788,-0.010191051289439201
76,book,9,2,L9H2,8,prov,"
",0.4483798146247864,0.04647528752684593,2.6495778001844883e-05
76,book,9,2,L9H2,9,oking,Sent,0.12529627978801727,0.012318572960793972,-0.002285262569785118
76,book,9,2,L9H2,10,.,iment,0.47455573081970215,0.04886306822299957,0.0006019718712195754
76,book,9,2,L9H2,11,"
",:,1.8008008003234863,0.16609138250350952,-0.014082977548241615
77,book,10,4,L10H4,0,<|endoftext|>,<|endoftext|>,0.0,0.0,0.0
77,book,10,4,L10H4,1,Review,Review,0.0,0.0,0.0
77,book,10,4,L10H4,2,:,:,0.0,0.0,0.0
77,book,10,4,L10H4,3, The, The,0.0,0.0,0.0
77,book,10,4,L10H4,4, writing, writing,0.0,0.0,0.0
77,book,10,4,L10H4,5, style, style,0.0,0.0,0.0
77,book,10,4,L10H4,6, was, was,0.0,0.0,0.0
77,book,10,4,L10H4,7, elegant, awkward,0.44727084040641785,0.0411221981048584,0.007370385807007551
77,book,10,4,L10H4,8,.,.,0.4340268075466156,0.041733864694833755,0.0034673300106078386
77,book,10,4,L10H4,9,"
","
",0.10754305869340897,0.010413650423288345,-0.0030112857930362225
77,book,10,4,L10H4,10,Sent,Sent,0.01735714264214039,0.0017412565648555756,-6.335897342069075e-05
77,book,10,4,L10H4,11,iment,iment,0.3415895998477936,0.035746145993471146,-0.0018091206438839436
77,book,10,4,L10H4,12,:,:,0.9734624028205872,0.10383311659097672,0.004781870637089014
77,book,8,9,L8H9,0,<|endoftext|>,<|endoftext|>,0.0,0.0,0.0
77,book,8,9,L8H9,1,Review,Review,0.0,0.0,0.0
77,book,8,9,L8H9,2,:,:,0.0,0.0,0.0
77,book,8,9,L8H9,3, The, The,0.0,0.0,0.0
77,book,8,9,L8H9,4, writing, writing,0.0,0.0,0.0
77,book,8,9,L8H9,5, style, style,0.0,0.0,0.0
77,book,8,9,L8H9,6, was, was,0.0,0.0,0.0
77,book,8,9,L8H9,7, elegant, awkward,0.3713236451148987,0.03648296743631363,0.0015275741461664438
77,book,8,9,L8H9,8,.,.,0.4501990079879761,0.04558601975440979,-0.004225380718708038
77,book,8,9,L8H9,9,"
","
",0.25973355770111084,0.026094412431120872,0.0007251719944179058
77,book,8,9,L8H9,10,Sent,Sent,0.2800484001636505,0.029522595927119255,-0.0033323075622320175
77,book,8,9,L8H9,11,iment,iment,0.6214686036109924,0.06449149549007416,-0.01361965574324131
77,book,8,9,L8H9,12,:,:,0.7632749676704407,0.0796220451593399,-0.00898770708590746
77,book,9,2,L9H2,0,<|endoftext|>,<|endoftext|>,0.0,0.0,0.0
77,book,9,2,L9H2,1,Review,Review,0.0,0.0,0.0
77,book,9,2,L9H2,2,:,:,0.0,0.0,0.0
77,book,9,2,L9H2,3, The, The,0.0,0.0,0.0
77,book,9,2,L9H2,4, writing, writing,0.0,0.0,0.0
77,book,9,2,L9H2,5, style, style,0.0,0.0,0.0
77,book,9,2,L9H2,6, was, was,0.0,0.0,0.0
77,book,9,2,L9H2,7, elegant, awkward,0.04887073114514351,0.004636281169950962,0.0013966024853289127
77,book,9,2,L9H2,8,.,.,0.22303640842437744,0.02221544459462166,0.005139900837093592
77,book,9,2,L9H2,9,"
","
",0.031370457261800766,0.00314616272225976,0.0006317592924460769
77,book,9,2,L9H2,10,Sent,Sent,0.19506216049194336,0.018790744245052338,-0.0002874084748327732
77,book,9,2,L9H2,11,iment,iment,0.14612649381160736,0.014326069504022598,-0.0007958209607750177
77,book,9,2,L9H2,12,:,:,0.4039972722530365,0.03935914486646652,0.0006573093123733997
80,book,10,4,L10H4,0,<|endoftext|>,<|endoftext|>,0.0,0.0,0.0
80,book,10,4,L10H4,1,Review,Review,0.0,0.0,0.0
80,book,10,4,L10H4,2,:,:,0.0,0.0,0.0
80,book,10,4,L10H4,3, The, The,0.0,0.0,0.0
80,book,10,4,L10H4,4, book, book,0.0,0.0,0.0
80,book,10,4,L10H4,5, provided, provided,0.0,0.0,0.0
80,book,10,4,L10H4,6, an, a,0.7986807227134705,0.08408033847808838,0.0041789100505411625
80,book,10,4,L10H4,7, excellent, disappointing,0.6743289828300476,0.06810629367828369,-0.005399975925683975
80,book,10,4,L10H4,8, reading, reading,0.3098008930683136,0.03221213072538376,0.0001782007748261094
80,book,10,4,L10H4,9, experience, experience,0.5686204433441162,0.05483958125114441,-0.0016770587535575032
80,book,10,4,L10H4,10,.,.,0.3794877231121063,0.036773309111595154,0.00168625358492136
80,book,10,4,L10H4,11,"
","
",0.10287926346063614,0.010144059546291828,-0.00255284714512527
80,book,10,4,L10H4,12,Sent,Sent,0.034240443259477615,0.0034102906938642263,-0.0008284071227535605
80,book,10,4,L10H4,13,iment,iment,0.2944939434528351,0.028604209423065186,-0.005596651695668697
80,book,10,4,L10H4,14,:,:,0.578214704990387,0.0564708486199379,-0.009336873888969421
80,book,8,9,L8H9,0,<|endoftext|>,<|endoftext|>,0.0,0.0,0.0
80,book,8,9,L8H9,1,Review,Review,0.0,0.0,0.0
80,book,8,9,L8H9,2,:,:,0.0,0.0,0.0
80,book,8,9,L8H9,3, The, The,0.0,0.0,0.0
80,book,8,9,L8H9,4, book, book,0.0,0.0,0.0
80,book,8,9,L8H9,5, provided, provided,0.0,0.0,0.0
80,book,8,9,L8H9,6, an, a,0.055450908839702606,0.005833844654262066,-0.0001571445318404585
80,book,8,9,L8H9,7, excellent, disappointing,0.1711035668849945,0.01711018942296505,0.0054846592247486115
80,book,8,9,L8H9,8, reading, reading,0.2909049689769745,0.029539473354816437,0.004748199135065079
80,book,8,9,L8H9,9, experience, experience,0.28041496872901917,0.028676701709628105,0.0036892835050821304
80,book,8,9,L8H9,10,.,.,0.22838094830513,0.023126142099499702,0.0027532828971743584
80,book,8,9,L8H9,11,"
","
",0.14536353945732117,0.014944922178983688,0.0019081943901255727
80,book,8,9,L8H9,12,Sent,Sent,0.23231226205825806,0.023963378742337227,0.0027004899457097054
80,book,8,9,L8H9,13,iment,iment,0.2520494759082794,0.026227284222841263,0.0026772422716021538
80,book,8,9,L8H9,14,:,:,0.48829662799835205,0.050644174218177795,0.0065323952585458755
80,book,9,2,L9H2,0,<|endoftext|>,<|endoftext|>,0.0,0.0,0.0
80,book,9,2,L9H2,1,Review,Review,0.0,0.0,0.0
80,book,9,2,L9H2,2,:,:,0.0,0.0,0.0
80,book,9,2,L9H2,3, The, The,0.0,0.0,0.0
80,book,9,2,L9H2,4, book, book,0.0,0.0,0.0
80,book,9,2,L9H2,5, provided, provided,0.0,0.0,0.0
80,book,9,2,L9H2,6, an, a,0.15569575130939484,0.015948034822940826,0.0025623305700719357
80,book,9,2,L9H2,7, excellent, disappointing,0.16086578369140625,0.016159487888216972,-6.7267101258039474e-06
80,book,9,2,L9H2,8, reading, reading,0.07248449325561523,0.007473332807421684,0.0005154015379957855
80,book,9,2,L9H2,9, experience, experience,0.2943628132343292,0.02968909963965416,0.0038258363492786884
80,book,9,2,L9H2,10,.,.,0.2969677746295929,0.029607312753796577,0.0001332892570644617
80,book,9,2,L9H2,11,"
","
",0.036356065422296524,0.003568254876881838,-3.795567317865789e-05
80,book,9,2,L9H2,12,Sent,Sent,0.3756405711174011,0.03704695403575897,-0.0014599431306123734
80,book,9,2,L9H2,13,iment,iment,0.36106443405151367,0.036400314420461655,-0.000576317310333252
80,book,9,2,L9H2,14,:,:,0.7103328704833984,0.0724150761961937,0.00012869667261838913
81,general,10,4,L10H4,0,<|endoftext|>,<|endoftext|>,0.0,0.0,0.0
81,general,10,4,L10H4,1,Review,Review,0.0,0.0,0.0
81,general,10,4,L10H4,2,:,:,0.0,0.0,0.0
81,general,10,4,L10H4,3, The, The,0.0,0.0,0.0
81,general,10,4,L10H4,4, presentation, presentation,0.0,0.0,0.0
81,general,10,4,L10H4,5, was, was,0.0,0.0,0.0
81,general,10,4,L10H4,6, impressive, disappointing,0.2473118156194687,0.02339847758412361,-0.001961356960237026
81,general,10,4,L10H4,7,.,.,0.4661727845668793,0.04600530117750168,0.008090985007584095
81,general,10,4,L10H4,8,"
","
",0.07163853198289871,0.006667214911431074,8.21273133624345e-05
81,general,10,4,L10H4,9,Sent,Sent,0.03115604631602764,0.0030826996080577374,0.00011586314940359443
81,general,10,4,L10H4,10,iment,iment,0.4072568416595459,0.03943219780921936,0.001375448307953775
81,general,10,4,L10H4,11,:,:,0.8424615263938904,0.08266758918762207,0.0032120137475430965
81,general,8,9,L8H9,0,<|endoftext|>,<|endoftext|>,0.0,0.0,0.0
81,general,8,9,L8H9,1,Review,Review,0.0,0.0,0.0
81,general,8,9,L8H9,2,:,:,0.0,0.0,0.0
81,general,8,9,L8H9,3, The, The,0.0,0.0,0.0
81,general,8,9,L8H9,4, presentation, presentation,0.0,0.0,0.0
81,general,8,9,L8H9,5, was, was,0.0,0.0,0.0
81,general,8,9,L8H9,6, impressive, disappointing,0.33109691739082336,0.03335634618997574,0.007027956657111645
81,general,8,9,L8H9,7,.,.,0.12947362661361694,0.013026587665081024,-7.070880383253098e-05
81,general,8,9,L8H9,8,"
","
",0.16339614987373352,0.01618366874754429,0.001840663724578917
81,general,8,9,L8H9,9,Sent,Sent,0.17583459615707397,0.0175324734300375,0.001854423084296286
81,general,8,9,L8H9,10,iment,iment,0.2756049931049347,0.028152581304311752,0.0007457309402525425
81,general,8,9,L8H9,11,:,:,0.6634368896484375,0.06615281105041504,0.00850463006645441
81,general,9,2,L9H2,0,<|endoftext|>,<|endoftext|>,0.0,0.0,0.0
81,general,9,2,L9H2,1,Review,Review,0.0,0.0,0.0
81,general,9,2,L9H2,2,:,:,0.0,0.0,0.0
81,general,9,2,L9H2,3, The, The,0.0,0.0,0.0
81,general,9,2,L9H2,4, presentation, presentation,0.0,0.0,0.0
81,general,9,2,L9H2,5, was, was,0.0,0.0,0.0
81,general,9,2,L9H2,6, impressive, disappointing,0.05850065127015114,0.00604273471981287,0.000768098165281117
81,general,9,2,L9H2,7,.,.,0.3991778790950775,0.04023041948676109,-0.011704744771122932
81,general,9,2,L9H2,8,"
","
",0.026827452704310417,0.002822623122483492,0.00021046427718829364
81,general,9,2,L9H2,9,Sent,Sent,0.5679901838302612,0.0570652112364769,-0.006215218920260668
81,general,9,2,L9H2,10,iment,iment,0.3474661409854889,0.035285212099552155,-0.002017569961026311
81,general,9,2,L9H2,11,:,:,0.9659948945045471,0.09599711000919342,-0.007837653160095215
82,general,10,4,L10H4,0,<|endoftext|>,<|endoftext|>,0.0,0.0,0.0
82,general,10,4,L10H4,1,Review,Review,0.0,0.0,0.0
82,general,10,4,L10H4,2,:,:,0.0,0.0,0.0
82,general,10,4,L10H4,3, The, The,0.0,0.0,0.0
82,general,10,4,L10H4,4, lecture, lecture,0.0,0.0,0.0
82,general,10,4,L10H4,5, was, was,0.0,0.0,0.0
82,general,10,4,L10H4,6, informative, confusing,1.1364084482192993,0.11614348739385605,0.010865402407944202
82,general,10,4,L10H4,7,.,.,0.6898329854011536,0.06349692493677139,0.007082121446728706
82,general,10,4,L10H4,8,"
","
",0.22266533970832825,0.02252528816461563,-0.003253336064517498
82,general,10,4,L10H4,9,Sent,Sent,0.039308469742536545,0.003913640510290861,0.0003527042572386563
82,general,10,4,L10H4,10,iment,iment,0.4453047513961792,0.045687731355428696,0.0020689177326858044
82,general,10,4,L10H4,11,:,:,0.7339836359024048,0.0730590745806694,0.007271595764905214
82,general,8,9,L8H9,0,<|endoftext|>,<|endoftext|>,0.0,0.0,0.0
82,general,8,9,L8H9,1,Review,Review,0.0,0.0,0.0
82,general,8,9,L8H9,2,:,:,0.0,0.0,0.0
82,general,8,9,L8H9,3, The, The,0.0,0.0,0.0
82,general,8,9,L8H9,4, lecture, lecture,0.0,0.0,0.0
82,general,8,9,L8H9,5, was, was,0.0,0.0,0.0
82,general,8,9,L8H9,6, informative, confusing,0.2360449731349945,0.023880071938037872,-0.0011346287792548537
82,general,8,9,L8H9,7,.,.,0.3947250247001648,0.04038170725107193,-0.0018048416823148727
82,general,8,9,L8H9,8,"
","
",0.3362484872341156,0.03425311669707298,0.0034360536374151707
82,general,8,9,L8H9,9,Sent,Sent,0.30291664600372314,0.03187742084264755,-0.0009108297526836395
82,general,8,9,L8H9,10,iment,iment,0.31486859917640686,0.033964067697525024,-0.0011826902627944946
82,general,8,9,L8H9,11,:,:,0.8658419847488403,0.0916944220662117,-0.0025755884125828743
82,general,9,2,L9H2,0,<|endoftext|>,<|endoftext|>,0.0,0.0,0.0
82,general,9,2,L9H2,1,Review,Review,0.0,0.0,0.0
82,general,9,2,L9H2,2,:,:,0.0,0.0,0.0
82,general,9,2,L9H2,3, The, The,0.0,0.0,0.0
82,general,9,2,L9H2,4, lecture, lecture,0.0,0.0,0.0
82,general,9,2,L9H2,5, was, was,0.0,0.0,0.0
82,general,9,2,L9H2,6, informative, confusing,0.05363280326128006,0.005248333793133497,-0.0002654513227753341
82,general,9,2,L9H2,7,.,.,0.9773575067520142,0.09441298991441727,-0.002729852683842182
82,general,9,2,L9H2,8,"
","
",0.0315859280526638,0.003157269675284624,-0.00010266382014378905
82,general,9,2,L9H2,9,Sent,Sent,0.24226175248622894,0.02355085127055645,-0.0043380847200751305
82,general,9,2,L9H2,10,iment,iment,0.21893002092838287,0.02227132022380829,-0.003499693004414439
82,general,9,2,L9H2,11,:,:,0.5019365549087524,0.050232402980327606,-0.015207469463348389
83,general,10,4,L10H4,0,<|endoftext|>,<|endoftext|>,0.0,0.0,0.0
83,general,10,4,L10H4,1,Review,Review,0.0,0.0,0.0
83,general,10,4,L10H4,2,:,:,0.0,0.0,0.0
83,general,10,4,L10H4,3, The, The,3.5852352198162407e-07,3.318390895401535e-08,2.935763632194721e-09
83,general,10,4,L10H4,4, meeting, meeting,4.262673201083089e-07,4.375033313408494e-08,7.777998689562082e-09
83,general,10,4,L10H4,5, was, was,1.826552420425287e-06,1.8383434507995844e-07,-1.6982085071504116e-08
83,general,10,4,L10H4,6, productive, un,1.9870659112930298,0.19096705317497253,0.022383155301213264
83,general,10,4,L10H4,7,.,productive,1.5432546138763428,0.15460610389709473,0.014935473911464214
83,general,10,4,L10H4,8,"
",.,0.4911815822124481,0.04931196570396423,0.0014231308596208692
83,general,10,4,L10H4,9,Sent,"
",0.7048019170761108,0.06526803970336914,-0.01425488106906414
83,general,10,4,L10H4,10,iment,Sent,0.7988961935043335,0.07121270895004272,0.01761150173842907
83,general,10,4,L10H4,11,:,iment,1.1345741748809814,0.11627620458602905,0.02733062207698822
83,general,8,9,L8H9,0,<|endoftext|>,<|endoftext|>,0.0,0.0,0.0
83,general,8,9,L8H9,1,Review,Review,0.0,0.0,0.0
83,general,8,9,L8H9,2,:,:,0.0,0.0,0.0
83,general,8,9,L8H9,3, The, The,1.3410337373898074e-07,1.216903910972178e-08,5.016772774979472e-09
83,general,8,9,L8H9,4, meeting, meeting,3.938801000913372e-07,4.077446646988392e-08,6.402842700481415e-09
83,general,8,9,L8H9,5, was, was,2.3047994091029977e-06,2.4154724087566137e-07,2.255546860396862e-09
83,general,8,9,L8H9,6, productive, un,0.38262197375297546,0.03767118975520134,-0.0033057304099202156
83,general,8,9,L8H9,7,.,productive,0.5518304705619812,0.055788833647966385,-0.00030767079442739487
83,general,8,9,L8H9,8,"
",.,0.7209241986274719,0.07131721079349518,0.0032790126278996468
83,general,8,9,L8H9,9,Sent,"
",0.675269603729248,0.0688907653093338,0.01544620469212532
83,general,8,9,L8H9,10,iment,Sent,0.6818915605545044,0.06961961835622787,-0.008322272449731827
83,general,8,9,L8H9,11,:,iment,0.9682599306106567,0.09723497927188873,-0.01619131863117218
83,general,9,2,L9H2,0,<|endoftext|>,<|endoftext|>,0.0,0.0,0.0
83,general,9,2,L9H2,1,Review,Review,0.0,0.0,0.0
83,general,9,2,L9H2,2,:,:,0.0,0.0,0.0
83,general,9,2,L9H2,3, The, The,4.763347405400964e-08,4.694925337389577e-09,-1.6649437384330668e-09
83,general,9,2,L9H2,4, meeting, meeting,1.3368961049309291e-07,1.3653334463015199e-08,-1.0732037480920553e-09
83,general,9,2,L9H2,5, was, was,1.956702817551559e-06,1.989537850022316e-07,-2.6455381885170937e-08
83,general,9,2,L9H2,6, productive, un,2.6093080043792725,0.24334466457366943,-0.018858496099710464
83,general,9,2,L9H2,7,.,productive,1.3127459287643433,0.12473539263010025,0.010508792474865913
83,general,9,2,L9H2,8,"
",.,1.2353811264038086,0.11804695427417755,-0.009885778650641441
83,general,9,2,L9H2,9,Sent,"
",0.3964126706123352,0.037238266319036484,0.003679834073409438
83,general,9,2,L9H2,10,iment,Sent,0.4848597049713135,0.04720773547887802,0.0007344790501520038
83,general,9,2,L9H2,11,:,iment,1.5519253015518188,0.15210801362991333,0.00964219681918621
84,general,10,4,L10H4,0,<|endoftext|>,<|endoftext|>,0.0,0.0,0.0
84,general,10,4,L10H4,1,Review,Review,0.0,0.0,0.0
84,general,10,4,L10H4,2,:,:,0.0,0.0,0.0
84,general,10,4,L10H4,3, The, The,0.0,0.0,0.0
84,general,10,4,L10H4,4, project, project,0.0,0.0,0.0
84,general,10,4,L10H4,5, was, was,0.0,0.0,0.0
84,general,10,4,L10H4,6, successful, unsuccessful,0.22274768352508545,0.02236970141530037,0.006376512348651886
84,general,10,4,L10H4,7,.,.,0.48263299465179443,0.04959094896912575,0.0050420621410012245
84,general,10,4,L10H4,8,"
","
",0.2061527967453003,0.021113917231559753,-0.0004319844301789999
84,general,10,4,L10H4,9,Sent,Sent,0.02228458970785141,0.0023085197899490595,1.2484088074415922e-06
84,general,10,4,L10H4,10,iment,iment,0.33608782291412354,0.035371795296669006,0.002548328135162592
84,general,10,4,L10H4,11,:,:,0.65433269739151,0.06867963075637817,0.005868229549378157
84,general,8,9,L8H9,0,<|endoftext|>,<|endoftext|>,0.0,0.0,0.0
84,general,8,9,L8H9,1,Review,Review,0.0,0.0,0.0
84,general,8,9,L8H9,2,:,:,0.0,0.0,0.0
84,general,8,9,L8H9,3, The, The,0.0,0.0,0.0
84,general,8,9,L8H9,4, project, project,0.0,0.0,0.0
84,general,8,9,L8H9,5, was, was,0.0,0.0,0.0
84,general,8,9,L8H9,6, successful, unsuccessful,0.6877496242523193,0.07331317663192749,-0.003890134859830141
84,general,8,9,L8H9,7,.,.,1.0249782800674438,0.1087682694196701,0.003595522604882717
84,general,8,9,L8H9,8,"
","
",0.37382104992866516,0.03895096108317375,0.0004815352149307728
84,general,8,9,L8H9,9,Sent,Sent,0.224842369556427,0.02336694858968258,0.0009088208898901939
84,general,8,9,L8H9,10,iment,iment,0.24485202133655548,0.0257684625685215,0.000228578457608819
84,general,8,9,L8H9,11,:,:,0.46206626296043396,0.04785420373082161,-0.0009259249782189727
84,general,9,2,L9H2,0,<|endoftext|>,<|endoftext|>,0.0,0.0,0.0
84,general,9,2,L9H2,1,Review,Review,0.0,0.0,0.0
84,general,9,2,L9H2,2,:,:,0.0,0.0,0.0
84,general,9,2,L9H2,3, The, The,0.0,0.0,0.0
84,general,9,2,L9H2,4, project, project,0.0,0.0,0.0
84,general,9,2,L9H2,5, was, was,0.0,0.0,0.0
84,general,9,2,L9H2,6, successful, unsuccessful,0.14355161786079407,0.01415560208261013,-0.0023336969316005707
84,general,9,2,L9H2,7,.,.,0.4062575101852417,0.0396907702088356,-0.008252447471022606
84,general,9,2,L9H2,8,"
","
",0.01961897499859333,0.001992427743971348,-0.000497969682328403
84,general,9,2,L9H2,9,Sent,Sent,0.20712539553642273,0.019230229780077934,-0.00511204544454813
84,general,9,2,L9H2,10,iment,iment,0.09982747584581375,0.009895975701510906,-0.0022250984329730272
84,general,9,2,L9H2,11,:,:,0.33136069774627686,0.03486187383532524,-0.006343680899590254
89,general,10,4,L10H4,0,<|endoftext|>,<|endoftext|>,0.0,0.0,0.0
89,general,10,4,L10H4,1,Review,Review,0.0,0.0,0.0
89,general,10,4,L10H4,2,:,:,0.0,0.0,0.0
89,general,10,4,L10H4,3, The, The,0.0,0.0,0.0
89,general,10,4,L10H4,4, event, event,0.0,0.0,0.0
89,general,10,4,L10H4,5, was, was,0.0,0.0,0.0
89,general,10,4,L10H4,6, enjoyable, unpleasant,0.4822823405265808,0.04865469038486481,0.0003164138179272413
89,general,10,4,L10H4,7,.,.,0.9347923994064331,0.0960497185587883,-0.004786767065525055
89,general,10,4,L10H4,8,"
","
",0.23642118275165558,0.024566657841205597,-0.005449662450700998
89,general,10,4,L10H4,9,Sent,Sent,0.04421694949269295,0.004653946030884981,-0.000754755106754601
89,general,10,4,L10H4,10,iment,iment,0.33332520723342896,0.035245176404714584,-0.005499081686139107
89,general,10,4,L10H4,11,:,:,1.3876752853393555,0.14613260328769684,-0.020025361329317093
89,general,8,9,L8H9,0,<|endoftext|>,<|endoftext|>,0.0,0.0,0.0
89,general,8,9,L8H9,1,Review,Review,0.0,0.0,0.0
89,general,8,9,L8H9,2,:,:,0.0,0.0,0.0
89,general,8,9,L8H9,3, The, The,0.0,0.0,0.0
89,general,8,9,L8H9,4, event, event,0.0,0.0,0.0
89,general,8,9,L8H9,5, was, was,0.0,0.0,0.0
89,general,8,9,L8H9,6, enjoyable, unpleasant,0.28873005509376526,0.02813349850475788,0.008374747820198536
89,general,8,9,L8H9,7,.,.,0.42255958914756775,0.04135174676775932,0.014915939420461655
89,general,8,9,L8H9,8,"
","
",0.26063257455825806,0.026802772656083107,0.004521808587014675
89,general,8,9,L8H9,9,Sent,Sent,0.3488410413265228,0.0354691781103611,0.004730294458568096
89,general,8,9,L8H9,10,iment,iment,0.6400116682052612,0.06698698550462723,-0.008717944845557213
89,general,8,9,L8H9,11,:,:,1.1563836336135864,0.11920865625143051,-0.012907059863209724
89,general,9,2,L9H2,0,<|endoftext|>,<|endoftext|>,0.0,0.0,0.0
89,general,9,2,L9H2,1,Review,Review,0.0,0.0,0.0
89,general,9,2,L9H2,2,:,:,0.0,0.0,0.0
89,general,9,2,L9H2,3, The, The,0.0,0.0,0.0
89,general,9,2,L9H2,4, event, event,0.0,0.0,0.0
89,general,9,2,L9H2,5, was, was,0.0,0.0,0.0
89,general,9,2,L9H2,6, enjoyable, unpleasant,0.06624675542116165,0.0065864697098731995,0.0004135496565140784
89,general,9,2,L9H2,7,.,.,0.29918360710144043,0.02985483407974243,0.007512944750487804
89,general,9,2,L9H2,8,"
","
",0.06546850502490997,0.006366777699440718,0.001175915589556098
89,general,9,2,L9H2,9,Sent,Sent,0.47518494725227356,0.04740036651492119,0.009039968252182007
89,general,9,2,L9H2,10,iment,iment,0.19779591262340546,0.0194912850856781,0.004768671467900276
89,general,9,2,L9H2,11,:,:,0.7325566411018372,0.07291177660226822,0.014349250122904778
90,general,10,4,L10H4,0,<|endoftext|>,<|endoftext|>,0.0,0.0,0.0
90,general,10,4,L10H4,1,Review,Review,0.0,0.0,0.0
90,general,10,4,L10H4,2,:,:,0.0,0.0,0.0
90,general,10,4,L10H4,3, The, The,0.0,0.0,0.0
90,general,10,4,L10H4,4, discussion, discussion,0.0,0.0,0.0
90,general,10,4,L10H4,5, was, was,0.0,0.0,0.0
90,general,10,4,L10H4,6, constructive, destructive,0.8081245422363281,0.08117139339447021,0.0022951499558985233
90,general,10,4,L10H4,7,.,.,0.8241400122642517,0.08104176074266434,0.01313447579741478
90,general,10,4,L10H4,8,"
","
",0.20499825477600098,0.019544588401913643,0.0018495968542993069
90,general,10,4,L10H4,9,Sent,Sent,0.03200594335794449,0.0033505058381706476,0.0009014116367325187
90,general,10,4,L10H4,10,iment,iment,0.7233574986457825,0.0679784044623375,0.004408387932926416
90,general,10,4,L10H4,11,:,:,1.1621731519699097,0.11175980418920517,0.013769972138106823
90,general,8,9,L8H9,0,<|endoftext|>,<|endoftext|>,0.0,0.0,0.0
90,general,8,9,L8H9,1,Review,Review,0.0,0.0,0.0
90,general,8,9,L8H9,2,:,:,0.0,0.0,0.0
90,general,8,9,L8H9,3, The, The,0.0,0.0,0.0
90,general,8,9,L8H9,4, discussion, discussion,0.0,0.0,0.0
90,general,8,9,L8H9,5, was, was,0.0,0.0,0.0
90,general,8,9,L8H9,6, constructive, destructive,0.7741396427154541,0.07889378815889359,0.00046235742047429085
90,general,8,9,L8H9,7,.,.,0.2764913737773895,0.02806953713297844,0.004479154944419861
90,general,8,9,L8H9,8,"
","
",0.18213579058647156,0.018513545393943787,0.0048174550756812096
90,general,8,9,L8H9,9,Sent,Sent,0.15900477766990662,0.015962600708007812,0.003198720049113035
90,general,8,9,L8H9,10,iment,iment,0.383419394493103,0.041440051048994064,-0.0014099921099841595
90,general,8,9,L8H9,11,:,:,0.7317932844161987,0.07780101150274277,0.0033455537632107735
90,general,9,2,L9H2,0,<|endoftext|>,<|endoftext|>,0.0,0.0,0.0
90,general,9,2,L9H2,1,Review,Review,0.0,0.0,0.0
90,general,9,2,L9H2,2,:,:,0.0,0.0,0.0
90,general,9,2,L9H2,3, The, The,0.0,0.0,0.0
90,general,9,2,L9H2,4, discussion, discussion,0.0,0.0,0.0
90,general,9,2,L9H2,5, was, was,0.0,0.0,0.0
90,general,9,2,L9H2,6, constructive, destructive,0.21924465894699097,0.022202543914318085,0.005316421389579773
90,general,9,2,L9H2,7,.,.,0.32108771800994873,0.032483745366334915,0.007781851105391979
90,general,9,2,L9H2,8,"
","
",0.027890074998140335,0.0029458506032824516,0.0008647145587019622
90,general,9,2,L9H2,9,Sent,Sent,0.3184470534324646,0.032493915408849716,0.006793994922190905
90,general,9,2,L9H2,10,iment,iment,0.6232832074165344,0.06691576540470123,0.014286033809185028
90,general,9,2,L9H2,11,:,:,0.6828263401985168,0.07270824909210205,0.015706893056631088
93,general,10,4,L10H4,0,<|endoftext|>,<|endoftext|>,0.0,0.0,0.0
93,general,10,4,L10H4,1,Review,Review,0.0,0.0,0.0
93,general,10,4,L10H4,2,:,:,0.0,0.0,0.0
93,general,10,4,L10H4,3, The, The,0.0,0.0,0.0
93,general,10,4,L10H4,4, decision, decision,0.0,0.0,0.0
93,general,10,4,L10H4,5, was, was,0.0,0.0,0.0
93,general,10,4,L10H4,6, sensible, foolish,0.45921751856803894,0.047606583684682846,0.007190697826445103
93,general,10,4,L10H4,7,.,.,0.36526355147361755,0.03917151689529419,0.00796761829406023
93,general,10,4,L10H4,8,"
","
",0.07855015993118286,0.007852480746805668,0.0005412907339632511
93,general,10,4,L10H4,9,Sent,Sent,0.010529553517699242,0.0010500341886654496,0.00012071336095687002
93,general,10,4,L10H4,10,iment,iment,0.25341957807540894,0.026870692148804665,0.005173670593649149
93,general,10,4,L10H4,11,:,:,0.764297604560852,0.08083537220954895,0.01343770045787096
93,general,8,9,L8H9,0,<|endoftext|>,<|endoftext|>,0.0,0.0,0.0
93,general,8,9,L8H9,1,Review,Review,0.0,0.0,0.0
93,general,8,9,L8H9,2,:,:,0.0,0.0,0.0
93,general,8,9,L8H9,3, The, The,0.0,0.0,0.0
93,general,8,9,L8H9,4, decision, decision,0.0,0.0,0.0
93,general,8,9,L8H9,5, was, was,0.0,0.0,0.0
93,general,8,9,L8H9,6, sensible, foolish,0.2758885622024536,0.028256356716156006,0.001252907793968916
93,general,8,9,L8H9,7,.,.,0.34031185507774353,0.03498752787709236,0.005849890410900116
93,general,8,9,L8H9,8,"
","
",0.1083463802933693,0.011407710611820221,0.0003516000579111278
93,general,8,9,L8H9,9,Sent,Sent,0.12169297784566879,0.013373755849897861,0.0005117360269650817
93,general,8,9,L8H9,10,iment,iment,0.1727694571018219,0.018243683502078056,-0.0013979608193039894
93,general,8,9,L8H9,11,:,:,0.42194095253944397,0.04481832683086395,0.00046082097105681896
93,general,9,2,L9H2,0,<|endoftext|>,<|endoftext|>,0.0,0.0,0.0
93,general,9,2,L9H2,1,Review,Review,0.0,0.0,0.0
93,general,9,2,L9H2,2,:,:,0.0,0.0,0.0
93,general,9,2,L9H2,3, The, The,0.0,0.0,0.0
93,general,9,2,L9H2,4, decision, decision,0.0,0.0,0.0
93,general,9,2,L9H2,5, was, was,0.0,0.0,0.0
93,general,9,2,L9H2,6, sensible, foolish,0.11610247939825058,0.011713413521647453,-8.321308996528387e-05
93,general,9,2,L9H2,7,.,.,0.15048037469387054,0.0144682377576828,-0.0009461120935156941
93,general,9,2,L9H2,8,"
","
",0.013313297182321548,0.0014100411208346486,0.00013735241373069584
93,general,9,2,L9H2,9,Sent,Sent,0.22084395587444305,0.020566873252391815,-0.0005032384069636464
93,general,9,2,L9H2,10,iment,iment,0.18335653841495514,0.017727186903357506,-0.0009949677623808384
93,general,9,2,L9H2,11,:,:,0.26275038719177246,0.02553141489624977,-0.0022566509433090687
94,general,10,4,L10H4,0,<|endoftext|>,<|endoftext|>,0.0,0.0,0.0
94,general,10,4,L10H4,1,Review,Review,0.0,0.0,0.0
94,general,10,4,L10H4,2,:,:,0.0,0.0,0.0
94,general,10,4,L10H4,3, The, The,0.0,0.0,0.0
94,general,10,4,L10H4,4, process, process,0.0,0.0,0.0
94,general,10,4,L10H4,5, was, was,0.0,0.0,0.0
94,general,10,4,L10H4,6, efficient, inefficient,0.20929931104183197,0.021301962435245514,0.00196139351464808
94,general,10,4,L10H4,7,.,.,0.37282201647758484,0.03947778046131134,0.002412758069112897
94,general,10,4,L10H4,8,"
","
",0.10445986688137054,0.010158385150134563,-0.0009981206385418773
94,general,10,4,L10H4,9,Sent,Sent,0.024550164118409157,0.002481869189068675,-0.00018334839842282236
94,general,10,4,L10H4,10,iment,iment,0.3216341733932495,0.0316055491566658,-0.0017274371348321438
94,general,10,4,L10H4,11,:,:,0.3508586287498474,0.03589360788464546,-0.0035337931476533413
94,general,8,9,L8H9,0,<|endoftext|>,<|endoftext|>,0.0,0.0,0.0
94,general,8,9,L8H9,1,Review,Review,0.0,0.0,0.0
94,general,8,9,L8H9,2,:,:,0.0,0.0,0.0
94,general,8,9,L8H9,3, The, The,0.0,0.0,0.0
94,general,8,9,L8H9,4, process, process,0.0,0.0,0.0
94,general,8,9,L8H9,5, was, was,0.0,0.0,0.0
94,general,8,9,L8H9,6, efficient, inefficient,0.2874441146850586,0.030123405158519745,1.0138493962585926e-05
94,general,8,9,L8H9,7,.,.,0.4976356327533722,0.05217578262090683,-0.000998789444565773
94,general,8,9,L8H9,8,"
","
",0.3991832733154297,0.040814489126205444,0.006314530503004789
94,general,8,9,L8H9,9,Sent,Sent,0.3017193078994751,0.03107316792011261,-0.001446087146177888
94,general,8,9,L8H9,10,iment,iment,0.35818660259246826,0.03749833628535271,-0.0029853060841560364
94,general,8,9,L8H9,11,:,:,0.6595330238342285,0.0673743411898613,0.0008530826307833195
94,general,9,2,L9H2,0,<|endoftext|>,<|endoftext|>,0.0,0.0,0.0
94,general,9,2,L9H2,1,Review,Review,0.0,0.0,0.0
94,general,9,2,L9H2,2,:,:,0.0,0.0,0.0
94,general,9,2,L9H2,3, The, The,0.0,0.0,0.0
94,general,9,2,L9H2,4, process, process,0.0,0.0,0.0
94,general,9,2,L9H2,5, was, was,0.0,0.0,0.0
94,general,9,2,L9H2,6, efficient, inefficient,0.04733666032552719,0.004772715270519257,0.0007267658365890384
94,general,9,2,L9H2,7,.,.,0.21483348309993744,0.02118464931845665,-0.0033556651324033737
94,general,9,2,L9H2,8,"
","
",0.044720038771629333,0.00463382713496685,0.00027398375095799565
94,general,9,2,L9H2,9,Sent,Sent,0.21790190041065216,0.022222332656383514,-0.0023980895057320595
94,general,9,2,L9H2,10,iment,iment,0.15111711621284485,0.015265462920069695,-0.001743869623169303
94,general,9,2,L9H2,11,:,:,0.2472606748342514,0.024176016449928284,-0.005457370076328516
95,general,10,4,L10H4,0,<|endoftext|>,<|endoftext|>,0.0,0.0,0.0
95,general,10,4,L10H4,1,Review,Review,0.0,0.0,0.0
95,general,10,4,L10H4,2,:,:,0.0,0.0,0.0
95,general,10,4,L10H4,3, The, The,0.0,0.0,0.0
95,general,10,4,L10H4,4, outcome, outcome,0.0,0.0,0.0
95,general,10,4,L10H4,5, was, was,0.0,0.0,0.0
95,general,10,4,L10H4,6, favorable, unfavorable,0.10174091905355453,0.01008767168968916,-0.00019833919941447675
95,general,10,4,L10H4,7,.,.,0.2811427712440491,0.02673235908150673,0.0014498819364234805
95,general,10,4,L10H4,8,"
","
",0.1382896900177002,0.0131718460470438,0.00028113904409110546
95,general,10,4,L10H4,9,Sent,Sent,0.024424269795417786,0.002447439357638359,-0.0001722190936561674
95,general,10,4,L10H4,10,iment,iment,0.16837060451507568,0.016710810363292694,-0.0010755424154922366
95,general,10,4,L10H4,11,:,:,0.514534056186676,0.051806382834911346,-0.00228421320207417
95,general,8,9,L8H9,0,<|endoftext|>,<|endoftext|>,0.0,0.0,0.0
95,general,8,9,L8H9,1,Review,Review,0.0,0.0,0.0
95,general,8,9,L8H9,2,:,:,0.0,0.0,0.0
95,general,8,9,L8H9,3, The, The,0.0,0.0,0.0
95,general,8,9,L8H9,4, outcome, outcome,0.0,0.0,0.0
95,general,8,9,L8H9,5, was, was,0.0,0.0,0.0
95,general,8,9,L8H9,6, favorable, unfavorable,0.37083449959754944,0.03582574427127838,-0.0029997266829013824
95,general,8,9,L8H9,7,.,.,0.25354212522506714,0.024841036647558212,0.0009966932702809572
95,general,8,9,L8H9,8,"
","
",0.15577656030654907,0.014804033562541008,0.0006141329649835825
95,general,8,9,L8H9,9,Sent,Sent,0.13347062468528748,0.013208064250648022,0.0003788016038015485
95,general,8,9,L8H9,10,iment,iment,0.1944839507341385,0.019760582596063614,-0.0007783550536260009
95,general,8,9,L8H9,11,:,:,0.5404871702194214,0.05383005738258362,-0.000753697007894516
95,general,9,2,L9H2,0,<|endoftext|>,<|endoftext|>,0.0,0.0,0.0
95,general,9,2,L9H2,1,Review,Review,0.0,0.0,0.0
95,general,9,2,L9H2,2,:,:,0.0,0.0,0.0
95,general,9,2,L9H2,3, The, The,0.0,0.0,0.0
95,general,9,2,L9H2,4, outcome, outcome,0.0,0.0,0.0
95,general,9,2,L9H2,5, was, was,0.0,0.0,0.0
95,general,9,2,L9H2,6, favorable, unfavorable,0.11793111264705658,0.011333527974784374,0.0009550700196996331
95,general,9,2,L9H2,7,.,.,0.152322456240654,0.015025508590042591,-0.0014516102382913232
95,general,9,2,L9H2,8,"
","
",0.013235902413725853,0.00138592638541013,2.7067690098192543e-05
95,general,9,2,L9H2,9,Sent,Sent,0.27166062593460083,0.02778569795191288,-0.0009925002232193947
95,general,9,2,L9H2,10,iment,iment,0.17941327393054962,0.018508194014430046,9.426003089174628e-05
95,general,9,2,L9H2,11,:,:,0.37502214312553406,0.03640912473201752,-0.0008310070261359215
97,general,10,4,L10H4,0,<|endoftext|>,<|endoftext|>,0.0,0.0,0.0
97,general,10,4,L10H4,1,Review,Review,0.0,0.0,0.0
97,general,10,4,L10H4,2,:,:,0.0,0.0,0.0
97,general,10,4,L10H4,3, The, The,0.0,0.0,0.0
97,general,10,4,L10H4,4, overall, overall,0.0,0.0,0.0
97,general,10,4,L10H4,5, result, result,0.0,0.0,0.0
97,general,10,4,L10H4,6, exceeded, fell,0.4459821879863739,0.04293375834822655,0.0046202256344258785
97,general,10,4,L10H4,7, expectations, below,1.9530178308486938,0.1905803084373474,0.00016840733587741852
97,general,10,4,L10H4,8,., expectations,1.6315196752548218,0.15605248510837555,0.00046779587864875793
97,general,10,4,L10H4,9,"
",.,0.36136651039123535,0.036228008568286896,-0.00806775689125061
97,general,10,4,L10H4,10,Sent,"
",0.22165080904960632,0.02052115462720394,-0.003281431272625923
97,general,10,4,L10H4,11,iment,Sent,1.0236859321594238,0.09694474935531616,0.020379511639475822
97,general,10,4,L10H4,12,:,iment,0.6967084407806396,0.07148813456296921,0.0009094793349504471
97,general,8,9,L8H9,0,<|endoftext|>,<|endoftext|>,0.0,0.0,0.0
97,general,8,9,L8H9,1,Review,Review,0.0,0.0,0.0
97,general,8,9,L8H9,2,:,:,0.0,0.0,0.0
97,general,8,9,L8H9,3, The, The,0.0,0.0,0.0
97,general,8,9,L8H9,4, overall, overall,0.0,0.0,0.0
97,general,8,9,L8H9,5, result, result,0.0,0.0,0.0
97,general,8,9,L8H9,6, exceeded, fell,0.5905178189277649,0.05855251103639603,-0.0023932179901748896
97,general,8,9,L8H9,7, expectations, below,0.8623238205909729,0.08481468260288239,0.007110815495252609
97,general,8,9,L8H9,8,., expectations,1.2086766958236694,0.12828055024147034,0.005476304329931736
97,general,8,9,L8H9,9,"
",.,0.3324553072452545,0.03375387564301491,0.007160513661801815
97,general,8,9,L8H9,10,Sent,"
",0.48633691668510437,0.04881991446018219,-0.004112154245376587
97,general,8,9,L8H9,11,iment,Sent,0.6353265643119812,0.0625418871641159,-0.006794649176299572
97,general,8,9,L8H9,12,:,iment,1.0399200916290283,0.10347577184438705,-0.01060317363590002
97,general,9,2,L9H2,0,<|endoftext|>,<|endoftext|>,0.0,0.0,0.0
97,general,9,2,L9H2,1,Review,Review,0.0,0.0,0.0
97,general,9,2,L9H2,2,:,:,0.0,0.0,0.0
97,general,9,2,L9H2,3, The, The,0.0,0.0,0.0
97,general,9,2,L9H2,4, overall, overall,0.0,0.0,0.0
97,general,9,2,L9H2,5, result, result,0.0,0.0,0.0
97,general,9,2,L9H2,6, exceeded, fell,0.3616769015789032,0.0356183759868145,0.007974378764629364
97,general,9,2,L9H2,7, expectations, below,0.8380966186523438,0.08104795217514038,-0.0210430771112442
97,general,9,2,L9H2,8,., expectations,0.4096836745738983,0.043357934802770615,0.005684214644134045
97,general,9,2,L9H2,9,"
",.,0.4628065526485443,0.04489917308092117,-0.01087793055921793
97,general,9,2,L9H2,10,Sent,"
",0.41797178983688354,0.04318980500102043,0.006376806180924177
97,general,9,2,L9H2,11,iment,Sent,0.374429851770401,0.03840415179729462,0.005700550973415375
97,general,9,2,L9H2,12,:,iment,0.35447555780410767,0.03622815012931824,0.0023062166292220354
99,general,10,4,L10H4,0,<|endoftext|>,<|endoftext|>,0.0,0.0,0.0
99,general,10,4,L10H4,1,Review,Review,0.0,0.0,0.0
99,general,10,4,L10H4,2,:,:,0.0,0.0,0.0
99,general,10,4,L10H4,3, The, The,0.0,0.0,0.0
99,general,10,4,L10H4,4, project, project,0.0,0.0,0.0
99,general,10,4,L10H4,5, progressed, progressed,0.0,0.0,0.0
99,general,10,4,L10H4,6, smoothly, poorly,0.1383271962404251,0.013916987925767899,0.0023523252457380295
99,general,10,4,L10H4,7,.,.,0.4520098567008972,0.04558822885155678,-0.0036307964473962784
99,general,10,4,L10H4,8,"
","
",0.13554692268371582,0.013452203013002872,-0.00390432495623827
99,general,10,4,L10H4,9,Sent,Sent,0.041701849550008774,0.004084157291799784,-0.001275249756872654
99,general,10,4,L10H4,10,iment,iment,0.707163393497467,0.0713043138384819,-0.016519352793693542
99,general,10,4,L10H4,11,:,:,0.9058185815811157,0.09174482524394989,-0.017823075875639915
99,general,8,9,L8H9,0,<|endoftext|>,<|endoftext|>,0.0,0.0,0.0
99,general,8,9,L8H9,1,Review,Review,0.0,0.0,0.0
99,general,8,9,L8H9,2,:,:,0.0,0.0,0.0
99,general,8,9,L8H9,3, The, The,0.0,0.0,0.0
99,general,8,9,L8H9,4, project, project,0.0,0.0,0.0
99,general,8,9,L8H9,5, progressed, progressed,0.0,0.0,0.0
99,general,8,9,L8H9,6, smoothly, poorly,0.7833473086357117,0.07888508588075638,-0.013173951767385006
99,general,8,9,L8H9,7,.,.,0.678180456161499,0.06997458636760712,-0.008341334760189056
99,general,8,9,L8H9,8,"
","
",0.3271317183971405,0.03280968964099884,0.0007675460074096918
99,general,8,9,L8H9,9,Sent,Sent,0.21420824527740479,0.021908460184931755,0.0003780483966693282
99,general,8,9,L8H9,10,iment,iment,0.3715697228908539,0.037710435688495636,-0.0033963825553655624
99,general,8,9,L8H9,11,:,:,0.453058660030365,0.046632103621959686,0.003019761759787798
99,general,9,2,L9H2,0,<|endoftext|>,<|endoftext|>,0.0,0.0,0.0
99,general,9,2,L9H2,1,Review,Review,0.0,0.0,0.0
99,general,9,2,L9H2,2,:,:,0.0,0.0,0.0
99,general,9,2,L9H2,3, The, The,0.0,0.0,0.0
99,general,9,2,L9H2,4, project, project,0.0,0.0,0.0
99,general,9,2,L9H2,5, progressed, progressed,0.0,0.0,0.0
99,general,9,2,L9H2,6, smoothly, poorly,0.06526824831962585,0.006641688756644726,0.0010806522332131863
99,general,9,2,L9H2,7,.,.,0.18187175691127777,0.018480170518159866,-0.0041128238663077354
99,general,9,2,L9H2,8,"
","
",0.01538948155939579,0.0014544124715030193,-0.00012316895299591124
99,general,9,2,L9H2,9,Sent,Sent,0.10261420905590057,0.010069545358419418,-0.001566507387906313
99,general,9,2,L9H2,10,iment,iment,0.1235073134303093,0.012687930837273598,-0.0013670041225850582
99,general,9,2,L9H2,11,:,:,0.33398646116256714,0.034011051058769226,-0.005490768700838089
100,general,10,4,L10H4,0,<|endoftext|>,<|endoftext|>,0.0,0.0,0.0
100,general,10,4,L10H4,1,Review,Review,0.0,0.0,0.0
100,general,10,4,L10H4,2,:,:,0.0,0.0,0.0
100,general,10,4,L10H4,3, The, The,0.0,0.0,0.0
100,general,10,4,L10H4,4, final, final,0.0,0.0,0.0
100,general,10,4,L10H4,5, result, result,0.0,0.0,0.0
100,general,10,4,L10H4,6, was, was,0.0,0.0,0.0
100,general,10,4,L10H4,7, remarkably, remarkably,0.0,0.0,0.0
100,general,10,4,L10H4,8, successful, unsuccessful,0.23213578760623932,0.021783076226711273,0.0014407895505428314
100,general,10,4,L10H4,9,.,.,0.20883041620254517,0.020408187061548233,0.0009038825519382954
100,general,10,4,L10H4,10,"
","
",0.056421566754579544,0.005763042718172073,-0.0005462639965116978
100,general,10,4,L10H4,11,Sent,Sent,0.015407155267894268,0.0015471181832253933,7.362669566646218e-05
100,general,10,4,L10H4,12,iment,iment,0.22393250465393066,0.023074982687830925,0.0013012171257287264
100,general,10,4,L10H4,13,:,:,0.4160572588443756,0.043135032057762146,0.001897395122796297
100,general,8,9,L8H9,0,<|endoftext|>,<|endoftext|>,0.0,0.0,0.0
100,general,8,9,L8H9,1,Review,Review,0.0,0.0,0.0
100,general,8,9,L8H9,2,:,:,0.0,0.0,0.0
100,general,8,9,L8H9,3, The, The,0.0,0.0,0.0
100,general,8,9,L8H9,4, final, final,0.0,0.0,0.0
100,general,8,9,L8H9,5, result, result,0.0,0.0,0.0
100,general,8,9,L8H9,6, was, was,0.0,0.0,0.0
100,general,8,9,L8H9,7, remarkably, remarkably,0.0,0.0,0.0
100,general,8,9,L8H9,8, successful, unsuccessful,0.1830490678548813,0.018350031226873398,-0.002166240941733122
100,general,8,9,L8H9,9,.,.,0.16650021076202393,0.017024027183651924,-0.0013748770579695702
100,general,8,9,L8H9,10,"
","
",0.11796697974205017,0.012187324464321136,-0.0008302212227135897
100,general,8,9,L8H9,11,Sent,Sent,0.127262145280838,0.013039486482739449,-0.001250334084033966
100,general,8,9,L8H9,12,iment,iment,0.206327423453331,0.021322209388017654,-8.369272109121084e-05
100,general,8,9,L8H9,13,:,:,0.4052625596523285,0.04243551939725876,-0.00015017390251159668
100,general,9,2,L9H2,0,<|endoftext|>,<|endoftext|>,0.0,0.0,0.0
100,general,9,2,L9H2,1,Review,Review,0.0,0.0,0.0
100,general,9,2,L9H2,2,:,:,0.0,0.0,0.0
100,general,9,2,L9H2,3, The, The,0.0,0.0,0.0
100,general,9,2,L9H2,4, final, final,0.0,0.0,0.0
100,general,9,2,L9H2,5, result, result,0.0,0.0,0.0
100,general,9,2,L9H2,6, was, was,0.0,0.0,0.0
100,general,9,2,L9H2,7, remarkably, remarkably,0.0,0.0,0.0
100,general,9,2,L9H2,8, successful, unsuccessful,0.055172260850667953,0.005486032459884882,0.00033713853918015957
100,general,9,2,L9H2,9,.,.,0.2532156705856323,0.025301558896899223,-0.009234338998794556
100,general,9,2,L9H2,10,"
","
",0.01432118657976389,0.0015033750096336007,-0.0002515228989068419
100,general,9,2,L9H2,11,Sent,Sent,0.19199725985527039,0.01870320551097393,-0.004468822386115789
100,general,9,2,L9H2,12,iment,iment,0.1892682909965515,0.018217651173472404,-0.004102384205907583
100,general,9,2,L9H2,13,:,:,0.26323720812797546,0.02581791579723358,-0.00784282386302948
