pair_id,layer,head,head_label,clean_ld,corrupted_ld,patched_ld,behavioral_gap,recovery
1,0,0,L0H0,1.0762939453125,-0.21822357177734375,-0.216156005859375,1.2945175170898438,0.0015971710623250332
2,0,0,L0H0,1.0695114135742188,-0.5381088256835938,-0.533203125,1.6076202392578125,0.0030515295613960155
3,0,0,L0H0,1.0176162719726562,-0.01616668701171875,-0.0163116455078125,1.033782958984375,-0.00014022140221402215
4,0,0,L0H0,1.1721267700195312,-0.171600341796875,-0.1694793701171875,1.3437271118164062,0.0015784244144783535
5,0,0,L0H0,0.8647003173828125,0.14643096923828125,0.14772796630859375,0.7182693481445312,0.001805725211110521
6,0,0,L0H0,1.33782958984375,0.42436981201171875,0.4246063232421875,0.9134597778320312,0.0002589180566111802
7,0,0,L0H0,0.7145462036132812,-0.17333984375,-0.17132568359375,0.8878860473632812,0.0022684894781614924
8,0,0,L0H0,0.9897918701171875,-0.269012451171875,-0.2683563232421875,1.2588043212890625,0.0005212310750693965
9,0,0,L0H0,0.9612808227539062,-0.08667755126953125,-0.08452606201171875,1.0479583740234375,0.0020530293102695146
10,0,0,L0H0,1.1173248291015625,-0.10051727294921875,-0.098419189453125,1.2178421020507812,0.0017227877838684417
11,0,0,L0H0,1.19085693359375,0.0048065185546875,0.0039825439453125,1.1860504150390625,-0.0006947214038518443
12,0,0,L0H0,0.45844268798828125,-0.6960830688476562,-0.6917953491210938,1.1545257568359375,0.003713836353303464
13,0,0,L0H0,0.9303741455078125,0.20587921142578125,0.20603179931640625,0.7244949340820312,0.0002106127778772338
14,0,0,L0H0,0.9232177734375,0.32161712646484375,0.3178863525390625,0.6016006469726562,-0.006201412755380264
15,0,0,L0H0,0.989288330078125,0.3269500732421875,0.3238372802734375,0.6623382568359375,-0.00469970281291036
16,0,0,L0H0,0.924041748046875,-0.5454788208007812,-0.5427627563476562,1.4695205688476562,0.0018482656933851817
17,0,0,L0H0,1.2387847900390625,0.278106689453125,0.28104400634765625,0.9606781005859375,0.0030575453866802204
18,0,0,L0H0,0.9242019653320312,-0.08154296875,-0.07576751708984375,1.0057449340820312,0.0057424615968139575
19,0,0,L0H0,1.2661972045898438,0.3300018310546875,0.33045196533203125,0.9361953735351562,0.0004808123283540735
20,0,0,L0H0,0.8046112060546875,-0.3928375244140625,-0.39482879638671875,1.19744873046875,-0.0016629287935164892
1,0,1,L0H1,1.0762939453125,-0.21822357177734375,-0.21823883056640625,1.2945175170898438,-1.1787240312361869e-05
2,0,1,L0H1,1.0695114135742188,-0.5381088256835938,-0.538116455078125,1.6076202392578125,-4.745769146805622e-06
3,0,1,L0H1,1.0176162719726562,-0.01616668701171875,-0.01619720458984375,1.033782958984375,-2.952029520295203e-05
4,0,1,L0H1,1.1721267700195312,-0.171600341796875,-0.1716156005859375,1.3437271118164062,-1.13555713271824e-05
5,0,1,L0H1,0.8647003173828125,0.14643096923828125,0.14642333984375,0.7182693481445312,-1.0621913006532477e-05
6,0,1,L0H1,1.33782958984375,0.42436981201171875,0.42435455322265625,0.9134597778320312,-1.67043907491084e-05
7,0,1,L0H1,0.7145462036132812,-0.17333984375,-0.173370361328125,0.8878860473632812,-3.4371052699416554e-05
8,0,1,L0H1,0.9897918701171875,-0.269012451171875,-0.269012451171875,1.2588043212890625,0.0
9,0,1,L0H1,0.9612808227539062,-0.08667755126953125,-0.08666229248046875,1.0479583740234375,1.456049156219514e-05
10,0,1,L0H1,1.1173248291015625,-0.10051727294921875,-0.1005096435546875,1.2178421020507812,6.2646828504306965e-06
11,0,1,L0H1,1.19085693359375,0.0048065185546875,0.00478363037109375,1.1860504150390625,-1.929781677366234e-05
12,0,1,L0H1,0.45844268798828125,-0.6960830688476562,-0.6960983276367188,1.1545257568359375,-1.3216499477948271e-05
13,0,1,L0H1,0.9303741455078125,0.20587921142578125,0.20586395263671875,0.7244949340820312,-2.106127778772338e-05
14,0,1,L0H1,0.9232177734375,0.32161712646484375,0.33245849609375,0.6016006469726562,0.018020874285062077
15,0,1,L0H1,0.989288330078125,0.3269500732421875,0.32694244384765625,0.6623382568359375,-1.1518879443407745e-05
16,0,1,L0H1,0.924041748046875,-0.5454788208007812,-0.54547119140625,1.4695205688476562,5.1917575656887124e-06
17,0,1,L0H1,1.2387847900390625,0.278106689453125,0.2825164794921875,0.9606781005859375,0.004590288918184851
18,0,1,L0H1,0.9242019653320312,-0.08154296875,-0.08154296875,1.0057449340820312,0.0
19,0,1,L0H1,1.2661972045898438,0.3300018310546875,0.33002471923828125,0.9361953735351562,2.4448084492580006e-05
20,0,1,L0H1,0.8046112060546875,-0.3928375244140625,-0.39282989501953125,1.19744873046875,6.371374687802641e-06
1,0,2,L0H2,1.0762939453125,-0.21822357177734375,-0.21759033203125,1.2945175170898438,0.0004891704729630175
2,0,2,L0H2,1.0695114135742188,-0.5381088256835938,-0.5380477905273438,1.6076202392578125,3.796615317444498e-05
3,0,2,L0H2,1.0176162719726562,-0.01616668701171875,-0.01781463623046875,1.033782958984375,-0.0015940959409594096
4,0,2,L0H2,1.1721267700195312,-0.171600341796875,-0.16933441162109375,1.3437271118164062,0.0016863023420865863
5,0,2,L0H2,0.8647003173828125,0.14643096923828125,0.14475250244140625,0.7182693481445312,-0.002336820861437145
6,0,2,L0H2,1.33782958984375,0.42436981201171875,0.42243194580078125,0.9134597778320312,-0.002121457625136767
7,0,2,L0H2,0.7145462036132812,-0.17333984375,-0.172882080078125,0.8878860473632812,0.0005155657904912483
8,0,2,L0H2,0.9897918701171875,-0.269012451171875,-0.2663421630859375,1.2588043212890625,0.0021212892590033576
9,0,2,L0H2,0.9612808227539062,-0.08667755126953125,-0.0865936279296875,1.0479583740234375,8.008270359207327e-05
10,0,2,L0H2,1.1173248291015625,-0.10051727294921875,-0.10143280029296875,1.2178421020507812,-0.0007517619420516836
11,0,2,L0H2,1.19085693359375,0.0048065185546875,0.0038909912109375,1.1860504150390625,-0.0007719126709464936
12,0,2,L0H2,0.45844268798828125,-0.6960830688476562,-0.695068359375,1.1545257568359375,0.00087889721528356
13,0,2,L0H2,0.9303741455078125,0.20587921142578125,0.20709991455078125,0.7244949340820312,0.0016849022230178705
14,0,2,L0H2,0.9232177734375,0.32161712646484375,0.3249664306640625,0.6016006469726562,0.0055673214715990516
15,0,2,L0H2,0.989288330078125,0.3269500732421875,0.32476806640625,0.6623382568359375,-0.0032943995208146153
16,0,2,L0H2,0.924041748046875,-0.5454788208007812,-0.54156494140625,1.4695205688476562,0.0026633716311983096
17,0,2,L0H2,1.2387847900390625,0.278106689453125,0.278411865234375,0.9606781005859375,0.00031766705316158136
18,0,2,L0H2,0.9242019653320312,-0.08154296875,-0.08225250244140625,1.0057449340820312,-0.0007054807509956382
19,0,2,L0H2,1.2661972045898438,0.3300018310546875,0.33110809326171875,0.9361953735351562,0.001181657417141367
20,0,2,L0H2,0.8046112060546875,-0.3928375244140625,-0.39391326904296875,1.19744873046875,-0.0008983638309801723
1,0,3,L0H3,1.0762939453125,-0.21822357177734375,-0.218292236328125,1.2945175170898438,-5.3042581405628406e-05
2,0,3,L0H3,1.0695114135742188,-0.5381088256835938,-0.5384902954101562,1.6076202392578125,-0.00023728845734028115
3,0,3,L0H3,1.0176162719726562,-0.01616668701171875,-0.01618194580078125,1.033782958984375,-1.4760147601476015e-05
4,0,3,L0H3,1.1721267700195312,-0.171600341796875,-0.17181396484375,1.3437271118164062,-0.0001589779985805536
5,0,3,L0H3,0.8647003173828125,0.14643096923828125,0.1462860107421875,0.7182693481445312,-0.00020181634712411706
6,0,3,L0H3,1.33782958984375,0.42436981201171875,0.4243927001953125,0.9134597778320312,2.5056586123662604e-05
7,0,3,L0H3,0.7145462036132812,-0.17333984375,-0.1734466552734375,0.8878860473632812,-0.00012029868444795792
8,0,3,L0H3,0.9897918701171875,-0.269012451171875,-0.26763153076171875,1.2588043212890625,0.0010970095882274506
9,0,3,L0H3,0.9612808227539062,-0.08667755126953125,-0.0869140625,1.0479583740234375,-0.00022568761921402467
10,0,3,L0H3,1.1173248291015625,-0.10051727294921875,-0.1005859375,1.2178421020507812,-5.638214565387627e-05
11,0,3,L0H3,1.19085693359375,0.0048065185546875,0.00496673583984375,1.1860504150390625,0.0001350847174156364
12,0,3,L0H3,0.45844268798828125,-0.6960830688476562,-0.6968307495117188,1.1545257568359375,-0.0006476084744194652
13,0,3,L0H3,0.9303741455078125,0.20587921142578125,0.2061920166015625,0.7244949340820312,0.0004317561946483293
14,0,3,L0H3,0.9232177734375,0.32161712646484375,0.29853057861328125,0.6016006469726562,-0.03837520449443902
15,0,3,L0H3,0.989288330078125,0.3269500732421875,0.32659912109375,0.6623382568359375,-0.0005298684543967563
16,0,3,L0H3,0.924041748046875,-0.5454788208007812,-0.5440826416015625,1.4695205688476562,0.0009500916345210344
17,0,3,L0H3,1.2387847900390625,0.278106689453125,0.2701416015625,0.9606781005859375,-0.008291110087517274
18,0,3,L0H3,0.9242019653320312,-0.08154296875,-0.08173370361328125,1.0057449340820312,-0.00018964536317087047
19,0,3,L0H3,1.2661972045898438,0.3300018310546875,0.32976531982421875,0.9361953735351562,-0.0002526302064233267
20,0,3,L0H3,0.8046112060546875,-0.3928375244140625,-0.3928680419921875,1.19744873046875,-2.5485498751210563e-05
1,0,4,L0H4,1.0762939453125,-0.21822357177734375,-0.2165679931640625,1.2945175170898438,0.0012789155738912627
2,0,4,L0H4,1.0695114135742188,-0.5381088256835938,-0.5355148315429688,1.6076202392578125,0.0016135615099139118
3,0,4,L0H4,1.0176162719726562,-0.01616668701171875,-0.0145416259765625,1.033782958984375,0.0015719557195571956
4,0,4,L0H4,1.1721267700195312,-0.171600341796875,-0.1685638427734375,1.3437271118164062,0.0022597586941092975
5,0,4,L0H4,0.8647003173828125,0.14643096923828125,0.1431427001953125,0.7182693481445312,-0.004578044505815497
6,0,4,L0H4,1.33782958984375,0.42436981201171875,0.4245758056640625,0.9134597778320312,0.00022550927511296346
7,0,4,L0H4,0.7145462036132812,-0.17333984375,-0.170166015625,0.8878860473632812,0.003574589480739321
8,0,4,L0H4,0.9897918701171875,-0.269012451171875,-0.2677001953125,1.2588043212890625,0.001042462150138793
9,0,4,L0H4,0.9612808227539062,-0.08667755126953125,-0.08696746826171875,1.0479583740234375,-0.00027664933968170763
10,0,4,L0H4,1.1173248291015625,-0.10051727294921875,-0.09941864013671875,1.2178421020507812,0.0009021143304620204
11,0,4,L0H4,1.19085693359375,0.0048065185546875,0.00276947021484375,1.1860504150390625,-0.0017175056928559482
12,0,4,L0H4,0.45844268798828125,-0.6960830688476562,-0.6950836181640625,1.1545257568359375,0.0008656807158056117
13,0,4,L0H4,0.9303741455078125,0.20587921142578125,0.2093658447265625,0.7244949340820312,0.004812501974494792
14,0,4,L0H4,0.9232177734375,0.32161712646484375,0.31966400146484375,0.6016006469726562,-0.0032465473729598113
15,0,4,L0H4,0.989288330078125,0.3269500732421875,0.3196258544921875,0.6623382568359375,-0.011058124265671435
16,0,4,L0H4,0.924041748046875,-0.5454788208007812,-0.5425338745117188,1.4695205688476562,0.0020040184203558432
17,0,4,L0H4,1.2387847900390625,0.278106689453125,0.2756805419921875,0.9606781005859375,-0.0025254530726345715
18,0,4,L0H4,0.9242019653320312,-0.08154296875,-0.08115386962890625,1.0057449340820312,0.00038687654086857576
19,0,4,L0H4,1.2661972045898438,0.3300018310546875,0.3322906494140625,0.9361953735351562,0.0024448084492580007
20,0,4,L0H4,0.8046112060546875,-0.3928375244140625,-0.39298248291015625,1.19744873046875,-0.00012105611906825016
1,0,5,L0H5,1.0762939453125,-0.21822357177734375,-0.218170166015625,1.2945175170898438,4.125534109326654e-05
2,0,5,L0H5,1.0695114135742188,-0.5381088256835938,-0.5381011962890625,1.6076202392578125,4.745769146805622e-06
3,0,5,L0H5,1.0176162719726562,-0.01616668701171875,-0.016021728515625,1.033782958984375,0.00014022140221402215
4,0,5,L0H5,1.1721267700195312,-0.171600341796875,-0.17159271240234375,1.3437271118164062,5.6777856635912e-06
5,0,5,L0H5,0.8647003173828125,0.14643096923828125,0.1464385986328125,0.7182693481445312,1.0621913006532477e-05
6,0,5,L0H5,1.33782958984375,0.42436981201171875,0.42436981201171875,0.9134597778320312,0.0
7,0,5,L0H5,0.7145462036132812,-0.17333984375,-0.17333221435546875,0.8878860473632812,8.592763174854138e-06
8,0,5,L0H5,0.9897918701171875,-0.269012451171875,-0.268951416015625,1.2588043212890625,4.8486611634362464e-05
9,0,5,L0H5,0.9612808227539062,-0.08667755126953125,-0.08663177490234375,1.0479583740234375,4.368147468658542e-05
10,0,5,L0H5,1.1173248291015625,-0.10051727294921875,-0.10040283203125,1.2178421020507812,9.397024275646045e-05
11,0,5,L0H5,1.19085693359375,0.0048065185546875,0.00482940673828125,1.1860504150390625,1.929781677366234e-05
12,0,5,L0H5,0.45844268798828125,-0.6960830688476562,-0.6960525512695312,1.1545257568359375,2.6432998955896543e-05
13,0,5,L0H5,0.9303741455078125,0.20587921142578125,0.2059326171875,0.7244949340820312,7.371447225703184e-05
14,0,5,L0H5,0.9232177734375,0.32161712646484375,0.32204437255859375,0.6016006469726562,0.0007101822378349587
15,0,5,L0H5,0.989288330078125,0.3269500732421875,0.32695770263671875,0.6623382568359375,1.1518879443407745e-05
16,0,5,L0H5,0.924041748046875,-0.5454788208007812,-0.5454788208007812,1.4695205688476562,0.0
17,0,5,L0H5,1.2387847900390625,0.278106689453125,0.2779541015625,0.9606781005859375,-0.00015883352658079068
18,0,5,L0H5,0.9242019653320312,-0.08154296875,-0.08154296875,1.0057449340820312,0.0
19,0,5,L0H5,1.2661972045898438,0.3300018310546875,0.33001708984375,0.9361953735351562,1.6298722995053338e-05
20,0,5,L0H5,0.8046112060546875,-0.3928375244140625,-0.39276123046875,1.19744873046875,6.37137468780264e-05
1,0,6,L0H6,1.0762939453125,-0.21822357177734375,-0.21923828125,1.2945175170898438,-0.0007838514807720642
2,0,6,L0H6,1.0695114135742188,-0.5381088256835938,-0.5337905883789062,1.6076202392578125,0.0026861053370919826
3,0,6,L0H6,1.0176162719726562,-0.01616668701171875,-0.01145172119140625,1.033782958984375,0.004560885608856089
4,0,6,L0H6,1.1721267700195312,-0.171600341796875,-0.17095184326171875,1.3437271118164062,0.00048261178140525195
5,0,6,L0H6,0.8647003173828125,0.14643096923828125,0.15196990966796875,0.7182693481445312,0.007711508842742578
6,0,6,L0H6,1.33782958984375,0.42436981201171875,0.4253387451171875,0.9134597778320312,0.0010607288125683836
7,0,6,L0H6,0.7145462036132812,-0.17333984375,-0.1665496826171875,0.8878860473632812,0.007647559225620183
8,0,6,L0H6,0.9897918701171875,-0.269012451171875,-0.2665252685546875,1.2588043212890625,0.0019758294241002702
9,0,6,L0H6,0.9612808227539062,-0.08667755126953125,-0.0893707275390625,1.0479583740234375,-0.002569926760727442
10,0,6,L0H6,1.1173248291015625,-0.10051727294921875,-0.101837158203125,1.2178421020507812,-0.0010837901331245106
11,0,6,L0H6,1.19085693359375,0.0048065185546875,0.0063934326171875,1.1860504150390625,0.0013379819629739222
12,0,6,L0H6,0.45844268798828125,-0.6960830688476562,-0.695465087890625,1.1545257568359375,0.000535268228856905
13,0,6,L0H6,0.9303741455078125,0.20587921142578125,0.2083587646484375,0.7244949340820312,0.0034224576405050494
14,0,6,L0H6,0.9232177734375,0.32161712646484375,0.323089599609375,0.6016006469726562,0.0024475923553954827
15,0,6,L0H6,0.989288330078125,0.3269500732421875,0.32765960693359375,0.6623382568359375,0.0010712557882369203
16,0,6,L0H6,0.924041748046875,-0.5454788208007812,-0.5387725830078125,1.4695205688476562,0.004563554900240378
17,0,6,L0H6,1.2387847900390625,0.278106689453125,0.2961578369140625,0.9606781005859375,0.018790006194507537
18,0,6,L0H6,0.9242019653320312,-0.08154296875,-0.08303070068359375,1.0057449340820312,-0.0014792338327327898
19,0,6,L0H6,1.2661972045898438,0.3300018310546875,0.3241119384765625,0.9361953735351562,-0.006291307076090588
20,0,6,L0H6,0.8046112060546875,-0.3928375244140625,-0.3917388916015625,1.19744873046875,0.0009174779550435802
1,0,7,L0H7,1.0762939453125,-0.21822357177734375,-0.21674346923828125,1.2945175170898438,0.0011433623102991013
2,0,7,L0H7,1.0695114135742188,-0.5381088256835938,-0.5350112915039062,1.6076202392578125,0.0019267822736030828
3,0,7,L0H7,1.0176162719726562,-0.01616668701171875,-0.0126953125,1.033782958984375,0.0033579335793357933
4,0,7,L0H7,1.1721267700195312,-0.171600341796875,-0.16973876953125,1.3437271118164062,0.0013853797019162527
5,0,7,L0H7,0.8647003173828125,0.14643096923828125,0.14833831787109375,0.7182693481445312,0.002655478251633119
6,0,7,L0H7,1.33782958984375,0.42436981201171875,0.4246826171875,0.9134597778320312,0.00034244001035672227
7,0,7,L0H7,0.7145462036132812,-0.17333984375,-0.17230224609375,0.8878860473632812,0.0011686157917801627
8,0,7,L0H7,0.9897918701171875,-0.269012451171875,-0.265594482421875,1.2588043212890625,0.0027152502515242977
9,0,7,L0H7,0.9612808227539062,-0.08667755126953125,-0.08699798583984375,1.0479583740234375,-0.00030577032280609795
10,0,7,L0H7,1.1173248291015625,-0.10051727294921875,-0.09812164306640625,1.2178421020507812,0.001967110415035239
11,0,7,L0H7,1.19085693359375,0.0048065185546875,0.00591278076171875,1.1860504150390625,0.000932727810727013
12,0,7,L0H7,0.45844268798828125,-0.6960830688476562,-0.6932907104492188,1.1545257568359375,0.0024186194044645334
13,0,7,L0H7,0.9303741455078125,0.20587921142578125,0.2081451416015625,0.7244949340820312,0.003127599751476922
14,0,7,L0H7,0.9232177734375,0.32161712646484375,0.32590484619140625,0.6016006469726562,0.007127186029700835
15,0,7,L0H7,0.989288330078125,0.3269500732421875,0.3256072998046875,0.6623382568359375,-0.002027322782039763
16,0,7,L0H7,0.924041748046875,-0.5454788208007812,-0.5440826416015625,1.4695205688476562,0.0009500916345210344
17,0,7,L0H7,1.2387847900390625,0.278106689453125,0.27931976318359375,0.9606781005859375,0.0012627265363172858
18,0,7,L0H7,0.9242019653320312,-0.08154296875,-0.08269500732421875,1.0057449340820312,-0.0011454579935520576
19,0,7,L0H7,1.2661972045898438,0.3300018310546875,0.32993316650390625,0.9361953735351562,-7.334425347774001e-05
20,0,7,L0H7,0.8046112060546875,-0.3928375244140625,-0.3913421630859375,1.19744873046875,0.0012487894388093176
1,0,8,L0H8,1.0762939453125,-0.21822357177734375,-0.21826171875,1.2945175170898438,-2.946810078090467e-05
2,0,8,L0H8,1.0695114135742188,-0.5381088256835938,-0.53802490234375,1.6076202392578125,5.220346061486185e-05
3,0,8,L0H8,1.0176162719726562,-0.01616668701171875,-0.0160980224609375,1.033782958984375,6.642066420664207e-05
4,0,8,L0H8,1.1721267700195312,-0.171600341796875,-0.1715545654296875,1.3437271118164062,3.40667139815472e-05
5,0,8,L0H8,0.8647003173828125,0.14643096923828125,0.14630889892578125,0.7182693481445312,-0.00016995060810451963
6,0,8,L0H8,1.33782958984375,0.42436981201171875,0.4246063232421875,0.9134597778320312,0.0002589180566111802
7,0,8,L0H8,0.7145462036132812,-0.17333984375,-0.17356109619140625,0.8878860473632812,-0.00024919013207077
8,0,8,L0H8,0.9897918701171875,-0.269012451171875,-0.26824951171875,1.2588043212890625,0.0006060826454295308
9,0,8,L0H8,0.9612808227539062,-0.08667755126953125,-0.0869903564453125,1.0479583740234375,-0.00029849007702500036
10,0,8,L0H8,1.1173248291015625,-0.10051727294921875,-0.10031890869140625,1.2178421020507812,0.00016288175411119813
11,0,8,L0H8,1.19085693359375,0.0048065185546875,0.0050811767578125,1.1860504150390625,0.00023157380128394807
12,0,8,L0H8,0.45844268798828125,-0.6960830688476562,-0.6958236694335938,1.1545257568359375,0.0002246804911251206
13,0,8,L0H8,0.9303741455078125,0.20587921142578125,0.2062835693359375,0.7244949340820312,0.0005581238613746696
14,0,8,L0H8,0.9232177734375,0.32161712646484375,0.32091522216796875,0.6016006469726562,-0.0011667279621574323
15,0,8,L0H8,0.989288330078125,0.3269500732421875,0.3269805908203125,0.6623382568359375,4.607551777363098e-05
16,0,8,L0H8,0.924041748046875,-0.5454788208007812,-0.5455322265625,1.4695205688476562,-3.6342302959820986e-05
17,0,8,L0H8,1.2387847900390625,0.278106689453125,0.27787017822265625,0.9606781005859375,-0.00024619196620022556
18,0,8,L0H8,0.9242019653320312,-0.08154296875,-0.08159637451171875,1.0057449340820312,-5.310070168784373e-05
19,0,8,L0H8,1.2661972045898438,0.3300018310546875,0.33001708984375,0.9361953735351562,1.6298722995053338e-05
20,0,8,L0H8,0.8046112060546875,-0.3928375244140625,-0.392852783203125,1.19744873046875,-1.2742749375605281e-05
1,0,9,L0H9,1.0762939453125,-0.21822357177734375,-0.2223968505859375,1.2945175170898438,-0.003223810225430971
2,0,9,L0H9,1.0695114135742188,-0.5381088256835938,-0.532562255859375,1.6076202392578125,0.003450174169727688
3,0,9,L0H9,1.0176162719726562,-0.01616668701171875,-0.0209808349609375,1.033782958984375,-0.004656826568265683
4,0,9,L0H9,1.1721267700195312,-0.171600341796875,-0.1719512939453125,1.3437271118164062,-0.0002611781405251952
5,0,9,L0H9,0.8647003173828125,0.14643096923828125,0.14443206787109375,0.7182693481445312,-0.0027829412077115087
6,0,9,L0H9,1.33782958984375,0.42436981201171875,0.4204559326171875,0.9134597778320312,-0.0042846762271463055
7,0,9,L0H9,0.7145462036132812,-0.17333984375,-0.1745452880859375,0.8878860473632812,-0.0013576565816269537
8,0,9,L0H9,0.9897918701171875,-0.269012451171875,-0.265655517578125,1.2588043212890625,0.0026667636398899353
9,0,9,L0H9,0.9612808227539062,-0.08667755126953125,-0.0919036865234375,1.0479583740234375,-0.004986968360051835
10,0,9,L0H9,1.1173248291015625,-0.10051727294921875,-0.1063079833984375,1.2178421020507812,-0.004754894283476899
11,0,9,L0H9,1.19085693359375,0.0048065185546875,0.0023193359375,1.1860504150390625,-0.0020970294227379742
12,0,9,L0H9,0.45844268798828125,-0.6960830688476562,-0.6988983154296875,1.1545257568359375,-0.002438444153681456
13,0,9,L0H9,0.9303741455078125,0.20587921142578125,0.2057342529296875,0.7244949340820312,-0.00020008213898337212
14,0,9,L0H9,0.9232177734375,0.32161712646484375,0.32204437255859375,0.6016006469726562,0.0007101822378349587
15,0,9,L0H9,0.989288330078125,0.3269500732421875,0.332183837890625,0.6623382568359375,0.007901951298177712
16,0,9,L0H9,0.924041748046875,-0.5454788208007812,-0.545440673828125,1.4695205688476562,2.5958787828443563e-05
17,0,9,L0H9,1.2387847900390625,0.278106689453125,0.28749847412109375,0.9606781005859375,0.009776203561047666
18,0,9,L0H9,0.9242019653320312,-0.08154296875,-0.08411407470703125,1.0057449340820312,-0.002556419495543334
19,0,9,L0H9,1.2661972045898438,0.3300018310546875,0.32904052734375,0.9361953735351562,-0.0010268195486883604
20,0,9,L0H9,0.8046112060546875,-0.3928375244140625,-0.39398193359375,1.19744873046875,-0.000955706203170396
1,0,10,L0H10,1.0762939453125,-0.21822357177734375,-0.217529296875,1.2945175170898438,0.000536319434212465
2,0,10,L0H10,1.0695114135742188,-0.5381088256835938,-0.540435791015625,1.6076202392578125,-0.001447459589775715
3,0,10,L0H10,1.0176162719726562,-0.01616668701171875,-0.01570892333984375,1.033782958984375,0.00044280442804428045
4,0,10,L0H10,1.1721267700195312,-0.171600341796875,-0.1710357666015625,1.3437271118164062,0.00042015613910574876
5,0,10,L0H10,0.8647003173828125,0.14643096923828125,0.1476593017578125,0.7182693481445312,0.0017101279940517288
6,0,10,L0H10,1.33782958984375,0.42436981201171875,0.4275360107421875,0.9134597778320312,0.003466161080439994
7,0,10,L0H10,0.7145462036132812,-0.17333984375,-0.1737823486328125,0.8878860473632812,-0.00049838026414154
8,0,10,L0H10,0.9897918701171875,-0.269012451171875,-0.27289581298828125,1.2588043212890625,-0.0030849606652363117
9,0,10,L0H10,0.9612808227539062,-0.08667755126953125,-0.08742523193359375,1.0479583740234375,-0.0007134640865475619
10,0,10,L0H10,1.1173248291015625,-0.10051727294921875,-0.10054779052734375,1.2178421020507812,-2.5058731401722786e-05
11,0,10,L0H10,1.19085693359375,0.0048065185546875,0.0067291259765625,1.1860504150390625,0.0016210166089876364
12,0,10,L0H10,0.45844268798828125,-0.6960830688476562,-0.6962738037109375,1.1545257568359375,-0.00016520624347435338
13,0,10,L0H10,0.9303741455078125,0.20587921142578125,0.2071380615234375,0.7244949340820312,0.001737555417487179
14,0,10,L0H10,0.9232177734375,0.32161712646484375,0.31755828857421875,0.6016006469726562,-0.0067467312594321075
15,0,10,L0H10,0.989288330078125,0.3269500732421875,0.3249664306640625,0.6623382568359375,-0.002994908655286014
16,0,10,L0H10,0.924041748046875,-0.5454788208007812,-0.545440673828125,1.4695205688476562,2.5958787828443563e-05
17,0,10,L0H10,1.2387847900390625,0.278106689453125,0.27535247802734375,0.9606781005859375,-0.002866945154783272
18,0,10,L0H10,0.9242019653320312,-0.08154296875,-0.080413818359375,1.0057449340820312,0.0011227005499715532
19,0,10,L0H10,1.2661972045898438,0.3300018310546875,0.32798004150390625,0.9361953735351562,-0.0021595807968445672
20,0,10,L0H10,0.8046112060546875,-0.3928375244140625,-0.39333343505859375,1.19744873046875,-0.0004141393547071716
1,0,11,L0H11,1.0762939453125,-0.21822357177734375,-0.21527099609375,1.2945175170898438,0.0022808310004420215
2,0,11,L0H11,1.0695114135742188,-0.5381088256835938,-0.535919189453125,1.6076202392578125,0.0013620357451332137
3,0,11,L0H11,1.0176162719726562,-0.01616668701171875,-0.01485443115234375,1.033782958984375,0.0012693726937269372
4,0,11,L0H11,1.1721267700195312,-0.171600341796875,-0.1669769287109375,1.3437271118164062,0.003440738112136267
5,0,11,L0H11,0.8647003173828125,0.14643096923828125,0.1501007080078125,0.7182693481445312,0.005109140156142121
6,0,11,L0H11,1.33782958984375,0.42436981201171875,0.42583465576171875,0.9134597778320312,0.0016036215119144067
7,0,11,L0H11,0.7145462036132812,-0.17333984375,-0.172515869140625,0.8878860473632812,0.0009280184228842469
8,0,11,L0H11,0.9897918701171875,-0.269012451171875,-0.272125244140625,1.2588043212890625,-0.0024728171933524855
9,0,11,L0H11,0.9612808227539062,-0.08667755126953125,-0.08069610595703125,1.0479583740234375,0.005707712692380495
10,0,11,L0H11,1.1173248291015625,-0.10051727294921875,-0.09865570068359375,1.2178421020507812,0.0015285826155050902
11,0,11,L0H11,1.19085693359375,0.0048065185546875,0.00557708740234375,1.1860504150390625,0.0006496931647132988
12,0,11,L0H11,0.45844268798828125,-0.6960830688476562,-0.6925201416015625,1.1545257568359375,0.0030860526281009213
13,0,11,L0H11,0.9303741455078125,0.20587921142578125,0.2105560302734375,0.7244949340820312,0.006455281641937216
14,0,11,L0H11,0.9232177734375,0.32161712646484375,0.32535552978515625,0.6016006469726562,0.006214094581055889
15,0,11,L0H11,0.989288330078125,0.3269500732421875,0.3270111083984375,0.6623382568359375,9.215103554726196e-05
16,0,11,L0H11,0.924041748046875,-0.5454788208007812,-0.5467758178710938,1.4695205688476562,-0.0008825987861670812
17,0,11,L0H11,1.2387847900390625,0.278106689453125,0.28038787841796875,0.9606781005859375,0.0023745612223828204
18,0,11,L0H11,0.9242019653320312,-0.08154296875,-0.0781402587890625,1.0057449340820312,0.0033832732789683293
19,0,11,L0H11,1.2661972045898438,0.3300018310546875,0.332794189453125,0.9361953735351562,0.0029826663080947608
20,0,11,L0H11,0.8046112060546875,-0.3928375244140625,-0.39086151123046875,1.19744873046875,0.0016501860441408838
1,1,0,L1H0,1.0762939453125,-0.21822357177734375,-0.218353271484375,1.2945175170898438,-0.00010019154265507588
2,1,0,L1H0,1.0695114135742188,-0.5381088256835938,-0.5412216186523438,1.6076202392578125,-0.001936273811896694
3,1,0,L1H0,1.0176162719726562,-0.01616668701171875,-0.0200958251953125,1.033782958984375,-0.0038007380073800737
4,1,0,L1H0,1.1721267700195312,-0.171600341796875,-0.17505645751953125,1.3437271118164062,-0.0025720369056068133
5,1,0,L1H0,0.8647003173828125,0.14643096923828125,0.14593505859375,0.7182693481445312,-0.0006904243454246109
6,1,0,L1H0,1.33782958984375,0.42436981201171875,0.42836761474609375,0.9134597778320312,0.004376550376266402
7,1,0,L1H0,0.7145462036132812,-0.17333984375,-0.17444610595703125,0.8878860473632812,-0.00124595066035385
8,1,0,L1H0,0.9897918701171875,-0.269012451171875,-0.264801025390625,1.2588043212890625,0.00334557620277101
9,1,0,L1H0,0.9612808227539062,-0.08667755126953125,-0.08046722412109375,1.0479583740234375,0.0059261200658134216
10,1,0,L1H0,1.1173248291015625,-0.10051727294921875,-0.1070556640625,1.2178421020507812,-0.005368833202819107
11,1,0,L1H0,1.19085693359375,0.0048065185546875,0.00423431396484375,1.1860504150390625,-0.0004824454193415585
12,1,0,L1H0,0.45844268798828125,-0.6960830688476562,-0.6924209594726562,1.1545257568359375,0.003171959874707585
13,1,0,L1H0,0.9303741455078125,0.20587921142578125,0.20348358154296875,0.7244949340820312,-0.003306620612672571
14,1,0,L1H0,0.9232177734375,0.32161712646484375,0.322296142578125,0.6016006469726562,0.0011286824851305594
15,1,0,L1H0,0.989288330078125,0.3269500732421875,0.3197174072265625,0.6623382568359375,-0.010919897712350543
16,1,0,L1H0,0.924041748046875,-0.5454788208007812,-0.5397491455078125,1.4695205688476562,0.003899009931832223
17,1,0,L1H0,1.2387847900390625,0.278106689453125,0.28269195556640625,0.9606781005859375,0.00477294747375276
18,1,0,L1H0,0.9242019653320312,-0.08154296875,-0.08322906494140625,1.0057449340820312,-0.001676465010430495
19,1,0,L1H0,1.2661972045898438,0.3300018310546875,0.33238983154296875,0.9361953735351562,0.0025507501487258472
20,1,0,L1H0,0.8046112060546875,-0.3928375244140625,-0.39379119873046875,1.19744873046875,-0.00079642183597533
1,1,1,L1H1,1.0762939453125,-0.21822357177734375,-0.21633148193359375,1.2945175170898438,0.0014616177987328716
2,1,1,L1H1,1.0695114135742188,-0.5381088256835938,-0.537017822265625,1.6076202392578125,0.000678644987993204
3,1,1,L1H1,1.0176162719726562,-0.01616668701171875,-0.0139007568359375,1.033782958984375,0.0021918819188191884
4,1,1,L1H1,1.1721267700195312,-0.171600341796875,-0.16996002197265625,1.3437271118164062,0.001220723917672108
5,1,1,L1H1,0.8647003173828125,0.14643096923828125,0.1484222412109375,0.7182693481445312,0.0027723192947049762
6,1,1,L1H1,1.33782958984375,0.42436981201171875,0.427093505859375,0.9134597778320312,0.00298173374871585
7,1,1,L1H1,0.7145462036132812,-0.17333984375,-0.17181396484375,0.8878860473632812,0.0017185526349708276
8,1,1,L1H1,0.9897918701171875,-0.269012451171875,-0.27338409423828125,1.2588043212890625,-0.003472853558311211
9,1,1,L1H1,0.9612808227539062,-0.08667755126953125,-0.08587646484375,1.0479583740234375,0.0007644258070152449
10,1,1,L1H1,1.1173248291015625,-0.10051727294921875,-0.1000518798828125,1.2178421020507812,0.00038214565387627254
11,1,1,L1H1,1.19085693359375,0.0048065185546875,0.00513458251953125,1.1860504150390625,0.0002766020404224935
12,1,1,L1H1,0.45844268798828125,-0.6960830688476562,-0.6920623779296875,1.1545257568359375,0.0034825476124393695
13,1,1,L1H1,0.9303741455078125,0.20587921142578125,0.208953857421875,0.7244949340820312,0.004243847474226261
14,1,1,L1H1,0.9232177734375,0.32161712646484375,0.3156585693359375,0.6016006469726562,-0.00990450585266255
15,1,1,L1H1,0.989288330078125,0.3269500732421875,0.330902099609375,0.6623382568359375,0.0059667795516852125
16,1,1,L1H1,0.924041748046875,-0.5454788208007812,-0.548431396484375,1.4695205688476562,-0.0020092101779215317
17,1,1,L1H1,1.2387847900390625,0.278106689453125,0.27991485595703125,0.9606781005859375,0.0018821772899823696
18,1,1,L1H1,0.9242019653320312,-0.08154296875,-0.08371734619140625,1.0057449340820312,-0.0021619571401479236
19,1,1,L1H1,1.2661972045898438,0.3300018310546875,0.3278961181640625,0.9361953735351562,-0.0022492237733173605
20,1,1,L1H1,0.8046112060546875,-0.3928375244140625,-0.3917083740234375,1.19744873046875,0.0009429634537947908
1,1,2,L1H2,1.0762939453125,-0.21822357177734375,-0.219268798828125,1.2945175170898438,-0.000807425961396788
2,1,2,L1H2,1.0695114135742188,-0.5381088256835938,-0.5401229858398438,1.6076202392578125,-0.0012528830547566844
3,1,2,L1H2,1.0176162719726562,-0.01616668701171875,-0.0177459716796875,1.033782958984375,-0.0015276752767527674
4,1,2,L1H2,1.1721267700195312,-0.171600341796875,-0.17316436767578125,1.3437271118164062,-0.001163946061036196
5,1,2,L1H2,0.8647003173828125,0.14643096923828125,0.14537811279296875,0.7182693481445312,-0.0014658239949014817
6,1,2,L1H2,1.33782958984375,0.42436981201171875,0.42546844482421875,0.9134597778320312,0.001202716133935805
7,1,2,L1H2,0.7145462036132812,-0.17333984375,-0.1747589111328125,0.8878860473632812,-0.0015982539505228696
8,1,2,L1H2,0.9897918701171875,-0.269012451171875,-0.2705535888671875,1.2588043212890625,-0.0012242869437676521
9,1,2,L1H2,0.9612808227539062,-0.08667755126953125,-0.0871734619140625,1.0479583740234375,-0.00047321597577134206
10,1,2,L1H2,1.1173248291015625,-0.10051727294921875,-0.1021728515625,1.2178421020507812,-0.0013594361785434612
11,1,2,L1H2,1.19085693359375,0.0048065185546875,0.0054473876953125,1.1860504150390625,0.0005403388696625456
12,1,2,L1H2,0.45844268798828125,-0.6960830688476562,-0.69720458984375,1.1545257568359375,-0.0009714127116291979
13,1,2,L1H2,0.9303741455078125,0.20587921142578125,0.205291748046875,0.7244949340820312,-0.0008108591948273501
14,1,2,L1H2,0.9232177734375,0.32161712646484375,0.32067108154296875,0.6016006469726562,-0.0015725463837774087
15,1,2,L1H2,0.989288330078125,0.3269500732421875,0.32840728759765625,0.6623382568359375,0.002200105973690879
16,1,2,L1H2,0.924041748046875,-0.5454788208007812,-0.5467376708984375,1.4695205688476562,-0.0008566399983386375
17,1,2,L1H2,1.2387847900390625,0.278106689453125,0.2776947021484375,0.9606781005859375,-0.0004288505217681348
18,1,2,L1H2,0.9242019653320312,-0.08154296875,-0.08193206787109375,1.0057449340820312,-0.00038687654086857576
19,1,2,L1H2,1.2661972045898438,0.3300018310546875,0.32874298095703125,0.9361953735351562,-0.0013446446470919003
20,1,2,L1H2,0.8046112060546875,-0.3928375244140625,-0.3939666748046875,1.19744873046875,-0.0009429634537947908
1,1,3,L1H3,1.0762939453125,-0.21822357177734375,-0.2188720703125,1.2945175170898438,-0.0005009577132753794
2,1,3,L1H3,1.0695114135742188,-0.5381088256835938,-0.5376434326171875,1.6076202392578125,0.000289491917955143
3,1,3,L1H3,1.0176162719726562,-0.01616668701171875,-0.01685333251953125,1.033782958984375,-0.0006642066420664206
4,1,3,L1H3,1.1721267700195312,-0.171600341796875,-0.17230987548828125,1.3437271118164062,-0.0005280340667139816
5,1,3,L1H3,0.8647003173828125,0.14643096923828125,0.145843505859375,0.7182693481445312,-0.0008178873015030007
6,1,3,L1H3,1.33782958984375,0.42436981201171875,0.42411041259765625,0.9134597778320312,-0.0002839746427348429
7,1,3,L1H3,0.7145462036132812,-0.17333984375,-0.1731719970703125,0.8878860473632812,0.00018904078984679105
8,1,3,L1H3,0.9897918701171875,-0.269012451171875,-0.269622802734375,1.2588043212890625,-0.0004848661163436246
9,1,3,L1H3,0.9612808227539062,-0.08667755126953125,-0.08541107177734375,1.0479583740234375,0.0012085207996621965
10,1,3,L1H3,1.1173248291015625,-0.10051727294921875,-0.09940338134765625,1.2178421020507812,0.0009146436961628817
11,1,3,L1H3,1.19085693359375,0.0048065185546875,0.00406646728515625,1.1860504150390625,-0.0006239627423484156
12,1,3,L1H3,0.45844268798828125,-0.6960830688476562,-0.6972198486328125,1.1545257568359375,-0.0009846292111071462
13,1,3,L1H3,0.9303741455078125,0.20587921142578125,0.20721435546875,0.7244949340820312,0.0018428618064257958
14,1,3,L1H3,0.9232177734375,0.32161712646484375,0.31369781494140625,0.6016006469726562,-0.013163735051297984
15,1,3,L1H3,0.989288330078125,0.3269500732421875,0.3270416259765625,0.6623382568359375,0.00013822655332089293
16,1,3,L1H3,0.924041748046875,-0.5454788208007812,-0.5459213256835938,1.4695205688476562,-0.0003011219388099453
17,1,3,L1H3,1.2387847900390625,0.278106689453125,0.27777862548828125,0.9606781005859375,-0.00034149208214869994
18,1,3,L1H3,0.9242019653320312,-0.08154296875,-0.08098602294921875,1.0057449340820312,0.0005537644604589418
19,1,3,L1H3,1.2661972045898438,0.3300018310546875,0.33176422119140625,0.9361953735351562,0.0018825025059286604
20,1,3,L1H3,0.8046112060546875,-0.3928375244140625,-0.39229583740234375,1.19744873046875,0.00045236760283398744
1,1,4,L1H4,1.0762939453125,-0.21822357177734375,-0.21659088134765625,1.2945175170898438,0.00126123471342272
2,1,4,L1H4,1.0695114135742188,-0.5381088256835938,-0.5380172729492188,1.6076202392578125,5.6949229761667476e-05
3,1,4,L1H4,1.0176162719726562,-0.01616668701171875,-0.01153564453125,1.033782958984375,0.00447970479704797
4,1,4,L1H4,1.1721267700195312,-0.171600341796875,-0.16851806640625,1.3437271118164062,0.0022938254080908447
5,1,4,L1H4,0.8647003173828125,0.14643096923828125,0.148223876953125,0.7182693481445312,0.002496149556535132
6,1,4,L1H4,1.33782958984375,0.42436981201171875,0.4276885986328125,0.9134597778320312,0.0036332049879310778
7,1,4,L1H4,0.7145462036132812,-0.17333984375,-0.1701812744140625,0.8878860473632812,0.003557403954389613
8,1,4,L1H4,0.9897918701171875,-0.269012451171875,-0.268524169921875,1.2588043212890625,0.0003878928930748997
9,1,4,L1H4,0.9612808227539062,-0.08667755126953125,-0.08957672119140625,1.0479583740234375,-0.0027664933968170767
10,1,4,L1H4,1.1173248291015625,-0.10051727294921875,-0.10040283203125,1.2178421020507812,9.397024275646045e-05
11,1,4,L1H4,1.19085693359375,0.0048065185546875,0.005889892578125,1.1860504150390625,0.0009134299939533507
12,1,4,L1H4,0.45844268798828125,-0.6960830688476562,-0.6961517333984375,1.1545257568359375,-5.9474247650767217e-05
13,1,4,L1H4,0.9303741455078125,0.20587921142578125,0.2090606689453125,0.7244949340820312,0.004391276418740325
14,1,4,L1H4,0.9232177734375,0.32161712646484375,0.32562255859375,0.6016006469726562,0.006657958479702738
15,1,4,L1H4,0.989288330078125,0.3269500732421875,0.332366943359375,0.6623382568359375,0.0081784044048195
16,1,4,L1H4,0.924041748046875,-0.5454788208007812,-0.5438461303710938,1.4695205688476562,0.0011110361190573845
17,1,4,L1H4,1.2387847900390625,0.278106689453125,0.27373504638671875,0.9606781005859375,-0.004550580536539652
18,1,4,L1H4,0.9242019653320312,-0.08154296875,-0.08280181884765625,1.0057449340820312,-0.001251659396927745
19,1,4,L1H4,1.2661972045898438,0.3300018310546875,0.3394775390625,0.9361953735351562,0.010121506979928122
20,1,4,L1H4,0.8046112060546875,-0.3928375244140625,-0.39160919189453125,1.19744873046875,0.0010257913247362252
1,1,5,L1H5,1.0762939453125,-0.21822357177734375,-0.21614837646484375,1.2945175170898438,0.001603064682481214
2,1,5,L1H5,1.0695114135742188,-0.5381088256835938,-0.536590576171875,1.6076202392578125,0.000944408060214319
3,1,5,L1H5,1.0176162719726562,-0.01616668701171875,-0.01342010498046875,1.033782958984375,0.0026568265682656825
4,1,5,L1H5,1.1721267700195312,-0.171600341796875,-0.1703033447265625,1.3437271118164062,0.0009652235628105039
5,1,5,L1H5,0.8647003173828125,0.14643096923828125,0.1478729248046875,0.7182693481445312,0.002007541558234638
6,1,5,L1H5,1.33782958984375,0.42436981201171875,0.42533111572265625,0.9134597778320312,0.0010523766171938293
7,1,5,L1H5,0.7145462036132812,-0.17333984375,-0.17104339599609375,0.8878860473632812,0.0025864217156310954
8,1,5,L1H5,0.9897918701171875,-0.269012451171875,-0.2668304443359375,1.2588043212890625,0.001733396365928458
9,1,5,L1H5,0.9612808227539062,-0.08667755126953125,-0.08516693115234375,1.0479583740234375,0.0014414886646573189
10,1,5,L1H5,1.1173248291015625,-0.10051727294921875,-0.0992584228515625,1.2178421020507812,0.001033672670321065
11,1,5,L1H5,1.19085693359375,0.0048065185546875,0.00647735595703125,1.1860504150390625,0.0014087406244773508
12,1,5,L1H5,0.45844268798828125,-0.6960830688476562,-0.693695068359375,1.1545257568359375,0.0020683821682989044
13,1,5,L1H5,0.9303741455078125,0.20587921142578125,0.20896148681640625,0.7244949340820312,0.004254378113120123
14,1,5,L1H5,0.9232177734375,0.32161712646484375,0.31610107421875,0.6016006469726562,-0.009168959963476341
15,1,5,L1H5,0.989288330078125,0.3269500732421875,0.329864501953125,0.6623382568359375,0.004400211947381758
16,1,5,L1H5,0.924041748046875,-0.5454788208007812,-0.54205322265625,1.4695205688476562,0.002331099146994232
17,1,5,L1H5,1.2387847900390625,0.278106689453125,0.28086090087890625,0.9606781005859375,0.002866945154783272
18,1,5,L1H5,0.9242019653320312,-0.08154296875,-0.0793609619140625,1.0057449340820312,0.002169542954674758
19,1,5,L1H5,1.2661972045898438,0.3300018310546875,0.33037567138671875,0.9361953735351562,0.0003993187133788068
20,1,5,L1H5,0.8046112060546875,-0.3928375244140625,-0.391082763671875,1.19744873046875,0.0014654161781946073
1,1,6,L1H6,1.0762939453125,-0.21822357177734375,-0.2156219482421875,1.2945175170898438,0.0020097244732576987
2,1,6,L1H6,1.0695114135742188,-0.5381088256835938,-0.5355072021484375,1.6076202392578125,0.0016183072790607173
3,1,6,L1H6,1.0176162719726562,-0.01616668701171875,-0.01486968994140625,1.033782958984375,0.0012546125461254613
4,1,6,L1H6,1.1721267700195312,-0.171600341796875,-0.1681365966796875,1.3437271118164062,0.0025777146912704047
5,1,6,L1H6,0.8647003173828125,0.14643096923828125,0.1507568359375,0.7182693481445312,0.006022624674703914
6,1,6,L1H6,1.33782958984375,0.42436981201171875,0.42516326904296875,0.9134597778320312,0.0008686283189536369
7,1,6,L1H6,0.7145462036132812,-0.17333984375,-0.1714324951171875,0.8878860473632812,0.0021481907937135345
8,1,6,L1H6,0.9897918701171875,-0.269012451171875,-0.268341064453125,1.2588043212890625,0.0005333527279779871
9,1,6,L1H6,0.9612808227539062,-0.08667755126953125,-0.08576202392578125,1.0479583740234375,0.0008736294937317084
10,1,6,L1H6,1.1173248291015625,-0.10051727294921875,-0.100128173828125,1.2178421020507812,0.0003194988253719655
11,1,6,L1H6,1.19085693359375,0.0048065185546875,0.008209228515625,1.1860504150390625,0.002868942093684468
12,1,6,L1H6,0.45844268798828125,-0.6960830688476562,-0.6930618286132812,1.1545257568359375,0.0026168668966337575
13,1,6,L1H6,0.9303741455078125,0.20587921142578125,0.20641326904296875,0.7244949340820312,0.0007371447225703184
14,1,6,L1H6,0.9232177734375,0.32161712646484375,0.319915771484375,0.6016006469726562,-0.0028280471256642106
15,1,6,L1H6,0.989288330078125,0.3269500732421875,0.3275299072265625,0.6623382568359375,0.0008754348376989886
16,1,6,L1H6,0.924041748046875,-0.5454788208007812,-0.5404510498046875,1.4695205688476562,0.0034213682357888617
17,1,6,L1H6,1.2387847900390625,0.278106689453125,0.2811279296875,0.9606781005859375,0.0031449038262996555
18,1,6,L1H6,0.9242019653320312,-0.08154296875,-0.08092498779296875,1.0057449340820312,0.0006144509766736203
19,1,6,L1H6,1.2661972045898438,0.3300018310546875,0.33355712890625,0.9361953735351562,0.0037976024578474277
20,1,6,L1H6,0.8046112060546875,-0.3928375244140625,-0.39258575439453125,1.19744873046875,0.00021025536469748712
1,1,7,L1H7,1.0762939453125,-0.21822357177734375,-0.21903228759765625,1.2945175170898438,-0.000624723736555179
2,1,7,L1H7,1.0695114135742188,-0.5381088256835938,-0.5261993408203125,1.6076202392578125,0.007408145638163577
3,1,7,L1H7,1.0176162719726562,-0.01616668701171875,-0.01065826416015625,1.033782958984375,0.005328413284132841
4,1,7,L1H7,1.1721267700195312,-0.171600341796875,-0.167999267578125,1.3437271118164062,0.0026799148332150463
5,1,7,L1H7,0.8647003173828125,0.14643096923828125,0.1599884033203125,0.7182693481445312,0.01887513941260821
6,1,7,L1H7,1.33782958984375,0.42436981201171875,0.41931915283203125,0.9134597778320312,-0.005529153337954881
7,1,7,L1H7,0.7145462036132812,-0.17333984375,-0.1527557373046875,0.8878860473632812,0.023183275045756464
8,1,7,L1H7,0.9897918701171875,-0.269012451171875,-0.25658416748046875,1.2588043212890625,0.009873086294047055
9,1,7,L1H7,0.9612808227539062,-0.08667755126953125,-0.08769989013671875,1.0479583740234375,-0.0009755529346670744
10,1,7,L1H7,1.1173248291015625,-0.10051727294921875,-0.09851837158203125,1.2178421020507812,0.0016413469068128426
11,1,7,L1H7,1.19085693359375,0.0048065185546875,0.005584716796875,1.1860504150390625,0.0006561257703045195
12,1,7,L1H7,0.45844268798828125,-0.6960830688476562,-0.7055816650390625,1.1545257568359375,-0.008227270925022798
13,1,7,L1H7,0.9303741455078125,0.20587921142578125,0.20621490478515625,0.7244949340820312,0.0004633481113299144
14,1,7,L1H7,0.9232177734375,0.32161712646484375,0.331390380859375,0.6016006469726562,0.016245418690474682
15,1,7,L1H7,0.989288330078125,0.3269500732421875,0.3378143310546875,0.6623382568359375,0.016402884327412628
16,1,7,L1H7,0.924041748046875,-0.5454788208007812,-0.5493087768554688,1.4695205688476562,-0.0026062622979757337
17,1,7,L1H7,1.2387847900390625,0.278106689453125,0.3010101318359375,0.9606781005859375,0.02384091233977668
18,1,7,L1H7,0.9242019653320312,-0.08154296875,-0.08713531494140625,1.0057449340820312,-0.005560402048169922
19,1,7,L1H7,1.2661972045898438,0.3300018310546875,0.3259735107421875,0.9361953735351562,-0.004302862870694081
20,1,7,L1H7,0.8046112060546875,-0.3928375244140625,-0.3973541259765625,1.19744873046875,-0.0037718538151791632
1,1,8,L1H8,1.0762939453125,-0.21822357177734375,-0.2217864990234375,1.2945175170898438,-0.002752320612936496
2,1,8,L1H8,1.0695114135742188,-0.5381088256835938,-0.5392303466796875,1.6076202392578125,-0.0006976280645804266
3,1,8,L1H8,1.0176162719726562,-0.01616668701171875,-0.018157958984375,1.033782958984375,-0.0019261992619926198
4,1,8,L1H8,1.1721267700195312,-0.171600341796875,-0.17331695556640625,1.3437271118164062,-0.00127750177430802
5,1,8,L1H8,0.8647003173828125,0.14643096923828125,0.141448974609375,0.7182693481445312,-0.0069361091932657075
6,1,8,L1H8,1.33782958984375,0.42436981201171875,0.42254638671875,0.9134597778320312,-0.0019961746945184543
7,1,8,L1H8,0.7145462036132812,-0.17333984375,-0.1767578125,0.8878860473632812,-0.0038495579023346536
8,1,8,L1H8,0.9897918701171875,-0.269012451171875,-0.27092742919921875,1.2588043212890625,-0.0015212674400281222
9,1,8,L1H8,0.9612808227539062,-0.08667755126953125,-0.0854339599609375,1.0479583740234375,0.0011866800623189038
10,1,8,L1H8,1.1173248291015625,-0.10051727294921875,-0.1016693115234375,1.2178421020507812,-0.0009459671104150352
11,1,8,L1H8,1.19085693359375,0.0048065185546875,0.005889892578125,1.1860504150390625,0.0009134299939533507
12,1,8,L1H8,0.45844268798828125,-0.6960830688476562,-0.6951904296875,1.1545257568359375,0.0007731652194599739
13,1,8,L1H8,0.9303741455078125,0.20587921142578125,0.20072174072265625,0.7244949340820312,-0.0071187118922505024
14,1,8,L1H8,0.9232177734375,0.32161712646484375,0.32001495361328125,0.6016006469726562,-0.0026631833918810952
15,1,8,L1H8,0.989288330078125,0.3269500732421875,0.32791900634765625,0.6623382568359375,0.0014628976893127836
16,1,8,L1H8,0.924041748046875,-0.5454788208007812,-0.547882080078125,1.4695205688476562,-0.0016354036331919445
17,1,8,L1H8,1.2387847900390625,0.278106689453125,0.2730560302734375,0.9606781005859375,-0.005257389729824171
18,1,8,L1H8,0.9242019653320312,-0.08154296875,-0.08020782470703125,1.0057449340820312,0.0013275175421960932
19,1,8,L1H8,1.2661972045898438,0.3300018310546875,0.33138275146484375,0.9361953735351562,0.0014750344310523271
20,1,8,L1H8,0.8046112060546875,-0.3928375244140625,-0.39205169677734375,1.19744873046875,0.000656251592843672
1,1,9,L1H9,1.0762939453125,-0.21822357177734375,-0.21808624267578125,1.2945175170898438,0.00010608516281125681
2,1,9,L1H9,1.0695114135742188,-0.5381088256835938,-0.5384674072265625,1.6076202392578125,-0.00022305114989986427
3,1,9,L1H9,1.0176162719726562,-0.01616668701171875,-0.0184783935546875,1.033782958984375,-0.0022361623616236163
4,1,9,L1H9,1.1721267700195312,-0.171600341796875,-0.17101287841796875,1.3437271118164062,0.00043718949609652236
5,1,9,L1H9,0.8647003173828125,0.14643096923828125,0.1445770263671875,0.7182693481445312,-0.002581124860587392
6,1,9,L1H9,1.33782958984375,0.42436981201171875,0.42635345458984375,0.9134597778320312,0.0021715707973840926
7,1,9,L1H9,0.7145462036132812,-0.17333984375,-0.1719207763671875,0.8878860473632812,0.0015982539505228696
8,1,9,L1H9,0.9897918701171875,-0.269012451171875,-0.2677459716796875,1.2588043212890625,0.0010060971914130211
9,1,9,L1H9,0.9612808227539062,-0.08667755126953125,-0.08783721923828125,1.0479583740234375,-0.0011065973587268305
10,1,9,L1H9,1.1173248291015625,-0.10051727294921875,-0.09940338134765625,1.2178421020507812,0.0009146436961628817
11,1,9,L1H9,1.19085693359375,0.0048065185546875,0.00101470947265625,1.1860504150390625,-0.0031970049788367276
12,1,9,L1H9,0.45844268798828125,-0.6960830688476562,-0.6970672607421875,1.1545257568359375,-0.0008524642163276635
13,1,9,L1H9,0.9303741455078125,0.20587921142578125,0.20867156982421875,0.7244949340820312,0.0038542138351533787
14,1,9,L1H9,0.9232177734375,0.32161712646484375,0.31640625,0.6016006469726562,-0.008661686936451371
15,1,9,L1H9,0.989288330078125,0.3269500732421875,0.3263702392578125,0.6623382568359375,-0.0008754348376989886
16,1,9,L1H9,0.924041748046875,-0.5454788208007812,-0.5475311279296875,1.4695205688476562,-0.0013965827851702636
17,1,9,L1H9,1.2387847900390625,0.278106689453125,0.2790679931640625,0.9606781005859375,0.0010006512174589813
18,1,9,L1H9,0.9242019653320312,-0.08154296875,-0.08063507080078125,1.0057449340820312,0.0009027119286933434
19,1,9,L1H9,1.2661972045898438,0.3300018310546875,0.3304443359375,0.9361953735351562,0.0004726629668565468
20,1,9,L1H9,0.8046112060546875,-0.3928375244140625,-0.3926544189453125,1.19744873046875,0.00015291299250726336
1,1,10,L1H10,1.0762939453125,-0.21822357177734375,-0.21546173095703125,1.2945175170898438,0.0021334904965374982
2,1,10,L1H10,1.0695114135742188,-0.5381088256835938,-0.5376663208007812,1.6076202392578125,0.0002752546105147261
3,1,10,L1H10,1.0176162719726562,-0.01616668701171875,-0.01377105712890625,1.033782958984375,0.002317343173431734
4,1,10,L1H10,1.1721267700195312,-0.171600341796875,-0.170989990234375,1.3437271118164062,0.00045422285308729596
5,1,10,L1H10,0.8647003173828125,0.14643096923828125,0.14762115478515625,0.7182693481445312,0.0016570184290190663
6,1,10,L1H10,1.33782958984375,0.42436981201171875,0.4269561767578125,0.9134597778320312,0.0028313942319738742
7,1,10,L1H10,0.7145462036132812,-0.17333984375,-0.174468994140625,0.8878860473632812,-0.0012717289498784124
8,1,10,L1H10,0.9897918701171875,-0.269012451171875,-0.26703643798828125,1.2588043212890625,0.0015697540516624846
9,1,10,L1H10,0.9612808227539062,-0.08667755126953125,-0.0893707275390625,1.0479583740234375,-0.002569926760727442
10,1,10,L1H10,1.1173248291015625,-0.10051727294921875,-0.10019683837890625,1.2178421020507812,0.00026311667971808925
11,1,10,L1H10,1.19085693359375,0.0048065185546875,0.0065155029296875,1.1860504150390625,0.0014409036524334546
12,1,10,L1H10,0.45844268798828125,-0.6960830688476562,-0.6965560913085938,1.1545257568359375,-0.0004097114838163964
13,1,10,L1H10,0.9303741455078125,0.20587921142578125,0.2081298828125,0.7244949340820312,0.003106538473689199
14,1,10,L1H10,0.9232177734375,0.32161712646484375,0.3272552490234375,0.6016006469726562,0.00937186917428633
15,1,10,L1H10,0.989288330078125,0.3269500732421875,0.3267364501953125,0.6623382568359375,-0.0003225286244154169
16,1,10,L1H10,0.924041748046875,-0.5454788208007812,-0.5434494018554688,1.4695205688476562,0.0013810075124731976
17,1,10,L1H10,1.2387847900390625,0.278106689453125,0.27964019775390625,0.9606781005859375,0.0015962769421369464
18,1,10,L1H10,0.9242019653320312,-0.08154296875,-0.08209991455078125,1.0057449340820312,-0.0005537644604589418
19,1,10,L1H10,1.2661972045898438,0.3300018310546875,0.3260345458984375,0.9361953735351562,-0.004237667978713867
20,1,10,L1H10,0.8046112060546875,-0.3928375244140625,-0.392486572265625,1.19744873046875,0.00029308323563892143
1,1,11,L1H11,1.0762939453125,-0.21822357177734375,-0.2215118408203125,1.2945175170898438,-0.0025401502873139826
2,1,11,L1H11,1.0695114135742188,-0.5381088256835938,-0.5450363159179688,1.6076202392578125,-0.004309158385299505
3,1,11,L1H11,1.0176162719726562,-0.01616668701171875,-0.01827239990234375,1.033782958984375,-0.00203690036900369
4,1,11,L1H11,1.1721267700195312,-0.171600341796875,-0.1723785400390625,1.3437271118164062,-0.0005791341376863024
5,1,11,L1H11,0.8647003173828125,0.14643096923828125,0.14292144775390625,0.7182693481445312,-0.004886079983004939
6,1,11,L1H11,1.33782958984375,0.42436981201171875,0.420806884765625,0.9134597778320312,-0.003900475239916812
7,1,11,L1H11,0.7145462036132812,-0.17333984375,-0.17531585693359375,0.8878860473632812,-0.0022255256622872215
8,1,11,L1H11,0.9897918701171875,-0.269012451171875,-0.27252197265625,1.2588043212890625,-0.0027879801689758414
9,1,11,L1H11,0.9612808227539062,-0.08667755126953125,-0.08544158935546875,1.0479583740234375,0.0011793998165378064
10,1,11,L1H11,1.1173248291015625,-0.10051727294921875,-0.09903717041015625,1.2178421020507812,0.0012153484729835553
11,1,11,L1H11,1.19085693359375,0.0048065185546875,0.00472259521484375,1.1860504150390625,-7.075866150342857e-05
12,1,11,L1H11,0.45844268798828125,-0.6960830688476562,-0.698272705078125,1.1545257568359375,-0.001896567675085577
13,1,11,L1H11,0.9303741455078125,0.20587921142578125,0.20298004150390625,0.7244949340820312,-0.004001642779667442
14,1,11,L1H11,0.9232177734375,0.32161712646484375,0.32216644287109375,0.6016006469726562,0.0009130914486449469
15,1,11,L1H11,0.989288330078125,0.3269500732421875,0.324951171875,0.6623382568359375,-0.0030179464141728294
16,1,11,L1H11,0.924041748046875,-0.5454788208007812,-0.5519256591796875,1.4695205688476562,-0.004387035143006962
17,1,11,L1H11,1.2387847900390625,0.278106689453125,0.27457427978515625,0.9606781005859375,-0.003676996140345304
18,1,11,L1H11,0.9242019653320312,-0.08154296875,-0.0843505859375,1.0057449340820312,-0.0027915797458752134
19,1,11,L1H11,1.2661972045898438,0.3300018310546875,0.330291748046875,0.9361953735351562,0.0003096757369060134
20,1,11,L1H11,0.8046112060546875,-0.3928375244140625,-0.3924560546875,1.19744873046875,0.000318568734390132
1,2,0,L2H0,1.0762939453125,-0.21822357177734375,-0.21431732177734375,1.2945175170898438,0.0030175335199646384
2,2,0,L2H0,1.0695114135742188,-0.5381088256835938,-0.5306549072265625,1.6076202392578125,0.004636616456429094
3,2,0,L2H0,1.0176162719726562,-0.01616668701171875,-0.016510009765625,1.033782958984375,-0.0003321033210332103
4,2,0,L2H0,1.1721267700195312,-0.171600341796875,-0.1758270263671875,1.3437271118164062,-0.0031454932576295246
5,2,0,L2H0,0.8647003173828125,0.14643096923828125,0.1479949951171875,0.7182693481445312,0.0021774921663391578
6,2,0,L2H0,1.33782958984375,0.42436981201171875,0.4207611083984375,0.9134597778320312,-0.0039505884121641376
7,2,0,L2H0,0.7145462036132812,-0.17333984375,-0.1682281494140625,0.8878860473632812,0.005757151327152273
8,2,0,L2H0,0.9897918701171875,-0.269012451171875,-0.2635650634765625,1.2588043212890625,0.00432743008836685
9,2,0,L2H0,0.9612808227539062,-0.08667755126953125,-0.08404541015625,1.0479583740234375,0.0025116847944786614
10,2,0,L2H0,1.1173248291015625,-0.10051727294921875,-0.10121917724609375,1.2178421020507812,-0.0005763508222396241
11,2,0,L2H0,1.19085693359375,0.0048065185546875,0.005767822265625,1.1860504150390625,0.0008105083044938182
12,2,0,L2H0,0.45844268798828125,-0.6960830688476562,-0.68572998046875,1.1545257568359375,0.008967394895787902
13,2,0,L2H0,0.9303741455078125,0.20587921142578125,0.19979095458984375,0.7244949340820312,-0.00840344983730163
14,2,0,L2H0,0.9232177734375,0.32161712646484375,0.301361083984375,0.6016006469726562,-0.03367024716878242
15,2,0,L2H0,0.989288330078125,0.3269500732421875,0.319976806640625,0.6623382568359375,-0.01052825581127468
16,2,0,L2H0,0.924041748046875,-0.5454788208007812,-0.5385665893554688,1.4695205688476562,0.004703732354513973
17,2,0,L2H0,1.2387847900390625,0.278106689453125,0.272003173828125,0.9606781005859375,-0.006353341063231627
18,2,0,L2H0,0.9242019653320312,-0.08154296875,-0.07912445068359375,1.0057449340820312,0.0024047032050066378
19,2,0,L2H0,1.2661972045898438,0.3300018310546875,0.32904815673828125,0.9361953735351562,-0.0010186701871908335
20,2,0,L2H0,0.8046112060546875,-0.3928375244140625,-0.3856964111328125,1.19744873046875,0.005963606707783271
1,2,1,L2H1,1.0762939453125,-0.21822357177734375,-0.1989593505859375,1.2945175170898438,0.014881390894356859
2,2,1,L2H1,1.0695114135742188,-0.5381088256835938,-0.5232162475585938,1.6076202392578125,0.009263741374564576
3,2,1,L2H1,1.0176162719726562,-0.01616668701171875,0.000732421875,1.033782958984375,0.016346863468634686
4,2,1,L2H1,1.1721267700195312,-0.171600341796875,-0.16766357421875,1.3437271118164062,0.002929737402413059
5,2,1,L2H1,0.8647003173828125,0.14643096923828125,0.162567138671875,0.7182693481445312,0.022465346008816188
6,2,1,L2H1,1.33782958984375,0.42436981201171875,0.43933868408203125,0.9134597778320312,0.016387007324875344
7,2,1,L2H1,0.7145462036132812,-0.17333984375,-0.161834716796875,0.8878860473632812,0.01295788686768004
8,2,1,L2H1,0.9897918701171875,-0.269012451171875,-0.26895904541015625,1.2588043212890625,4.242578518006715e-05
9,2,1,L2H1,0.9612808227539062,-0.08667755126953125,-0.07884979248046875,1.0479583740234375,0.007469532171406106
10,2,1,L2H1,1.1173248291015625,-0.10051727294921875,-0.0975189208984375,1.2178421020507812,0.002462020360219264
11,2,1,L2H1,1.19085693359375,0.0048065185546875,0.026611328125,1.1860504150390625,0.018384386779708987
12,2,1,L2H1,0.45844268798828125,-0.6960830688476562,-0.6818923950195312,1.1545257568359375,0.012291344514491891
13,2,1,L2H1,0.9303741455078125,0.20587921142578125,0.21027374267578125,0.7244949340820312,0.006065648002864334
14,2,1,L2H1,0.9232177734375,0.32161712646484375,0.3195648193359375,0.6016006469726562,-0.0034114111067429266
15,2,1,L2H1,0.989288330078125,0.3269500732421875,0.33530426025390625,0.6623382568359375,0.01261317299053148
16,2,1,L2H1,0.924041748046875,-0.5454788208007812,-0.5488815307617188,1.4695205688476562,-0.002315523874297166
17,2,1,L2H1,1.2387847900390625,0.278106689453125,0.28510284423828125,0.9606781005859375,0.007282517193729253
18,2,1,L2H1,0.9242019653320312,-0.08154296875,-0.0671234130859375,1.0057449340820312,0.014337189455717807
19,2,1,L2H1,1.2661972045898438,0.3300018310546875,0.33040618896484375,0.9361953735351562,0.00043191615936891343
20,2,1,L2H1,0.8046112060546875,-0.3928375244140625,-0.383575439453125,1.19744873046875,0.007734848870992406
1,2,2,L2H2,1.0762939453125,-0.21822357177734375,-0.21929931640625,1.2945175170898438,-0.0008310004420215118
2,2,2,L2H2,1.0695114135742188,-0.5381088256835938,-0.5376434326171875,1.6076202392578125,0.000289491917955143
3,2,2,L2H2,1.0176162719726562,-0.01616668701171875,-0.016448974609375,1.033782958984375,-0.0002730627306273063
4,2,2,L2H2,1.1721267700195312,-0.171600341796875,-0.16939544677734375,1.3437271118164062,0.0016408800567778567
5,2,2,L2H2,0.8647003173828125,0.14643096923828125,0.1474151611328125,0.7182693481445312,0.0013702267778426896
6,2,2,L2H2,1.33782958984375,0.42436981201171875,0.4227752685546875,0.9134597778320312,-0.0017456088332818281
7,2,2,L2H2,0.7145462036132812,-0.17333984375,-0.17240142822265625,0.8878860473632812,0.001056909870507059
8,2,2,L2H2,0.9897918701171875,-0.269012451171875,-0.26753997802734375,1.2588043212890625,0.0011697395056789945
9,2,2,L2H2,0.9612808227539062,-0.08667755126953125,-0.08592987060546875,1.0479583740234375,0.0007134640865475619
10,2,2,L2H2,1.1173248291015625,-0.10051727294921875,-0.0999603271484375,1.2178421020507812,0.00045732184808144086
11,2,2,L2H2,1.19085693359375,0.0048065185546875,0.004913330078125,1.1860504150390625,9.005647827709091e-05
12,2,2,L2H2,0.45844268798828125,-0.6960830688476562,-0.6928863525390625,1.1545257568359375,0.0027688566406301627
13,2,2,L2H2,0.9303741455078125,0.20587921142578125,0.2054595947265625,0.7244949340820312,-0.0005791851391623929
14,2,2,L2H2,0.9232177734375,0.32161712646484375,0.325408935546875,0.6016006469726562,0.006302867360785259
15,2,2,L2H2,0.989288330078125,0.3269500732421875,0.328369140625,0.6623382568359375,0.0021425115764738406
16,2,2,L2H2,0.924041748046875,-0.5454788208007812,-0.5445327758789062,1.4695205688476562,0.0006437779381454003
17,2,2,L2H2,1.2387847900390625,0.278106689453125,0.278839111328125,0.9606781005859375,0.0007624009275877952
18,2,2,L2H2,0.9242019653320312,-0.08154296875,-0.0837249755859375,1.0057449340820312,-0.002169542954674758
19,2,2,L2H2,1.2661972045898438,0.3300018310546875,0.329315185546875,0.9361953735351562,-0.0007334425347774002
20,2,2,L2H2,0.8046112060546875,-0.3928375244140625,-0.39383697509765625,1.19744873046875,-0.0008346500841021459
1,2,3,L2H3,1.0762939453125,-0.21822357177734375,-0.2165985107421875,1.2945175170898438,0.001255341093266539
2,2,3,L2H3,1.0695114135742188,-0.5381088256835938,-0.53387451171875,1.6076202392578125,0.0026339018764771206
3,2,3,L2H3,1.0176162719726562,-0.01616668701171875,-0.0147857666015625,1.033782958984375,0.0013357933579335793
4,2,3,L2H3,1.1721267700195312,-0.171600341796875,-0.1706085205078125,1.3437271118164062,0.000738112136266856
5,2,3,L2H3,0.8647003173828125,0.14643096923828125,0.146575927734375,0.7182693481445312,0.00020181634712411706
6,2,3,L2H3,1.33782958984375,0.42436981201171875,0.42084503173828125,0.9134597778320312,-0.003858714263044041
7,2,3,L2H3,0.7145462036132812,-0.17333984375,-0.17165374755859375,0.8878860473632812,0.0018990006616427645
8,2,3,L2H3,0.9897918701171875,-0.269012451171875,-0.2671966552734375,1.2588043212890625,0.0014424766961222833
9,2,3,L2H3,0.9612808227539062,-0.08667755126953125,-0.08608245849609375,1.0479583740234375,0.0005678591709256105
10,2,3,L2H3,1.1173248291015625,-0.10051727294921875,-0.10009765625,1.2178421020507812,0.00034455755677368835
11,2,3,L2H3,1.19085693359375,0.0048065185546875,0.00623321533203125,1.1860504150390625,0.0012028972455582858
12,2,3,L2H3,0.45844268798828125,-0.6960830688476562,-0.6941757202148438,1.1545257568359375,0.0016520624347435339
13,2,3,L2H3,0.9303741455078125,0.20587921142578125,0.20613861083984375,0.7244949340820312,0.00035804172239129747
14,2,3,L2H3,0.9232177734375,0.32161712646484375,0.31992340087890625,0.6016006469726562,-0.0028153652999885863
15,2,3,L2H3,0.989288330078125,0.3269500732421875,0.33032989501953125,0.6623382568359375,0.005102863593429631
16,2,3,L2H3,0.924041748046875,-0.5454788208007812,-0.54144287109375,1.4695205688476562,0.002746439752249329
17,2,3,L2H3,1.2387847900390625,0.278106689453125,0.280731201171875,0.9606781005859375,0.0027319366571895995
18,2,3,L2H3,0.9242019653320312,-0.08154296875,-0.0809326171875,1.0057449340820312,0.0006068651621467855
19,2,3,L2H3,1.2661972045898438,0.3300018310546875,0.3311309814453125,0.9361953735351562,0.001206105501633947
20,2,3,L2H3,0.8046112060546875,-0.3928375244140625,-0.39179229736328125,1.19744873046875,0.0008728783322289617
1,2,4,L2H4,1.0762939453125,-0.21822357177734375,-0.21225738525390625,1.2945175170898438,0.004608810962133491
2,2,4,L2H4,1.0695114135742188,-0.5381088256835938,-0.53582763671875,1.6076202392578125,0.0014189849748948813
3,2,4,L2H4,1.0176162719726562,-0.01616668701171875,-0.01275634765625,1.033782958984375,0.0032988929889298893
4,2,4,L2H4,1.1721267700195312,-0.171600341796875,-0.16729736328125,1.3437271118164062,0.0032022711142654365
5,2,4,L2H4,0.8647003173828125,0.14643096923828125,0.14543914794921875,0.7182693481445312,-0.0013808486908492219
6,2,4,L2H4,1.33782958984375,0.42436981201171875,0.430633544921875,0.9134597778320312,0.006857152402508999
7,2,4,L2H4,0.7145462036132812,-0.17333984375,-0.1716766357421875,0.8878860473632812,0.001873222372118202
8,2,4,L2H4,0.9897918701171875,-0.269012451171875,-0.271087646484375,1.2588043212890625,-0.0016485447955683237
9,2,4,L2H4,0.9612808227539062,-0.08667755126953125,-0.09220123291015625,1.0479583740234375,-0.005270897945514641
10,2,4,L2H4,1.1173248291015625,-0.10051727294921875,-0.1014251708984375,1.2178421020507812,-0.0007454972592012529
11,2,4,L2H4,1.19085693359375,0.0048065185546875,0.0062255859375,1.1860504150390625,0.001196464639967065
12,2,4,L2H4,0.45844268798828125,-0.6960830688476562,-0.6933746337890625,1.1545257568359375,0.002345928657335818
13,2,4,L2H4,0.9303741455078125,0.20587921142578125,0.20673370361328125,0.7244949340820312,0.0011794315561125094
14,2,4,L2H4,0.9232177734375,0.32161712646484375,0.32266998291015625,0.6016006469726562,0.0017500919432361483
15,2,4,L2H4,0.989288330078125,0.3269500732421875,0.32118988037109375,0.6623382568359375,-0.008696753979772848
16,2,4,L2H4,0.924041748046875,-0.5454788208007812,-0.5436553955078125,1.4695205688476562,0.0012408300581996023
17,2,4,L2H4,1.2387847900390625,0.278106689453125,0.28118133544921875,0.9606781005859375,0.003200495560602932
18,2,4,L2H4,0.9242019653320312,-0.08154296875,-0.091094970703125,1.0057449340820312,-0.009497439787597194
19,2,4,L2H4,1.2661972045898438,0.3300018310546875,0.3299713134765625,0.9361953735351562,-3.2597445990106675e-05
20,2,4,L2H4,0.8046112060546875,-0.3928375244140625,-0.389190673828125,1.19744873046875,0.003045517100769662
1,2,5,L2H5,1.0762939453125,-0.21822357177734375,-0.21797943115234375,1.2945175170898438,0.0001885958449977899
2,2,5,L2H5,1.0695114135742188,-0.5381088256835938,-0.53802490234375,1.6076202392578125,5.220346061486185e-05
3,2,5,L2H5,1.0176162719726562,-0.01616668701171875,-0.016845703125,1.033782958984375,-0.0006568265682656827
4,2,5,L2H5,1.1721267700195312,-0.171600341796875,-0.1710205078125,1.3437271118164062,0.00043151171043293116
5,2,5,L2H5,0.8647003173828125,0.14643096923828125,0.14327239990234375,0.7182693481445312,-0.004397471984704446
6,2,5,L2H5,1.33782958984375,0.42436981201171875,0.4244842529296875,0.9134597778320312,0.000125282930618313
7,2,5,L2H5,0.7145462036132812,-0.17333984375,-0.17389678955078125,0.8878860473632812,-0.0006272717117643521
8,2,5,L2H5,0.9897918701171875,-0.269012451171875,-0.27166748046875,1.2588043212890625,-0.002109167606094767
9,2,5,L2H5,0.9612808227539062,-0.08667755126953125,-0.0885009765625,1.0479583740234375,-0.0017399787416823192
10,2,5,L2H5,1.1173248291015625,-0.10051727294921875,-0.0982513427734375,1.2178421020507812,0.001860610806577917
11,2,5,L2H5,1.19085693359375,0.0048065185546875,0.0035552978515625,1.1860504150390625,-0.001054947316960208
12,2,5,L2H5,0.45844268798828125,-0.6960830688476562,-0.6955108642578125,1.1545257568359375,0.0004956187304230601
13,2,5,L2H5,0.9303741455078125,0.20587921142578125,0.20742034912109375,0.7244949340820312,0.0021271890565600616
14,2,5,L2H5,0.9232177734375,0.32161712646484375,0.31304168701171875,0.6016006469726562,-0.01425437205940167
15,2,5,L2H5,0.989288330078125,0.3269500732421875,0.32944488525390625,0.6623382568359375,0.003766673577994333
16,2,5,L2H5,0.924041748046875,-0.5454788208007812,-0.550689697265625,1.4695205688476562,-0.003545970417365391
17,2,5,L2H5,1.2387847900390625,0.278106689453125,0.276275634765625,0.9606781005859375,-0.0019060023189694881
18,2,5,L2H5,0.9242019653320312,-0.08154296875,-0.082763671875,1.0057449340820312,-0.001213730324293571
19,2,5,L2H5,1.2661972045898438,0.3300018310546875,0.3313751220703125,0.9361953735351562,0.0014668850695548003
20,2,5,L2H5,0.8046112060546875,-0.3928375244140625,-0.3930816650390625,1.19744873046875,-0.0002038839900096845
1,2,6,L2H6,1.0762939453125,-0.21822357177734375,-0.22210693359375,1.2945175170898438,-0.0029998526594960957
2,2,6,L2H6,1.0695114135742188,-0.5381088256835938,-0.5404205322265625,1.6076202392578125,-0.0014379680514821037
3,2,6,L2H6,1.0176162719726562,-0.01616668701171875,-0.024932861328125,1.033782958984375,-0.00847970479704797
4,2,6,L2H6,1.1721267700195312,-0.171600341796875,-0.17877197265625,1.3437271118164062,-0.005337118523775728
5,2,6,L2H6,0.8647003173828125,0.14643096923828125,0.14456939697265625,0.7182693481445312,-0.0025917467735939244
6,2,6,L2H6,1.33782958984375,0.42436981201171875,0.41986846923828125,0.9134597778320312,-0.004927795270986979
7,2,6,L2H6,0.7145462036132812,-0.17333984375,-0.184967041015625,0.8878860473632812,-0.013095371078477707
8,2,6,L2H6,0.9897918701171875,-0.269012451171875,-0.2709503173828125,1.2588043212890625,-0.0015394499193910082
9,2,6,L2H6,0.9612808227539062,-0.08667755126953125,-0.08765411376953125,1.0479583740234375,-0.0009318714599804889
10,2,6,L2H6,1.1173248291015625,-0.10051727294921875,-0.10717010498046875,1.2178421020507812,-0.005462803445575567
11,2,6,L2H6,1.19085693359375,0.0048065185546875,-0.0001220703125,1.1860504150390625,-0.004155463211928624
12,2,6,L2H6,0.45844268798828125,-0.6960830688476562,-0.6968917846679688,1.1545257568359375,-0.0007004744723312584
13,2,6,L2H6,0.9303741455078125,0.20587921142578125,0.20392608642578125,0.7244949340820312,-0.0026958435568285926
14,2,6,L2H6,0.9232177734375,0.32161712646484375,0.32163238525390625,0.6016006469726562,2.5363651351248526e-05
15,2,6,L2H6,0.989288330078125,0.3269500732421875,0.3246917724609375,0.6623382568359375,-0.0034095883152486925
16,2,6,L2H6,0.924041748046875,-0.5454788208007812,-0.552032470703125,1.4695205688476562,-0.004459719748926604
17,2,6,L2H6,1.2387847900390625,0.278106689453125,0.26644134521484375,0.9606781005859375,-0.012142823107101446
18,2,6,L2H6,0.9242019653320312,-0.08154296875,-0.079376220703125,1.0057449340820312,0.0021543713256210887
19,2,6,L2H6,1.2661972045898438,0.3300018310546875,0.33025360107421875,0.9361953735351562,0.0002689289294183801
20,2,6,L2H6,0.8046112060546875,-0.3928375244140625,-0.3937530517578125,1.19744873046875,-0.0007645649625363168
1,2,7,L2H7,1.0762939453125,-0.21822357177734375,-0.21219635009765625,1.2945175170898438,0.004655959923382938
2,2,7,L2H7,1.0695114135742188,-0.5381088256835938,-0.53558349609375,1.6076202392578125,0.0015708495875926612
3,2,7,L2H7,1.0176162719726562,-0.01616668701171875,-0.01520538330078125,1.033782958984375,0.000929889298892989
4,2,7,L2H7,1.1721267700195312,-0.171600341796875,-0.16949462890625,1.3437271118164062,0.001567068843151171
5,2,7,L2H7,0.8647003173828125,0.14643096923828125,0.14238739013671875,0.7182693481445312,-0.0056296138934622125
6,2,7,L2H7,1.33782958984375,0.42436981201171875,0.4278717041015625,0.9134597778320312,0.0038336576769203786
7,2,7,L2H7,0.7145462036132812,-0.17333984375,-0.17010498046875,0.8878860473632812,0.0036433315861381546
8,2,7,L2H7,0.9897918701171875,-0.269012451171875,-0.26468658447265625,1.2588043212890625,0.0034364885995854396
9,2,7,L2H7,0.9612808227539062,-0.08667755126953125,-0.09168243408203125,1.0479583740234375,-0.004775841232400006
10,2,7,L2H7,1.1173248291015625,-0.10051727294921875,-0.097381591796875,1.2178421020507812,0.0025747846515270165
11,2,7,L2H7,1.19085693359375,0.0048065185546875,0.00455474853515625,1.1860504150390625,-0.00021227598451028574
12,2,7,L2H7,0.45844268798828125,-0.6960830688476562,-0.6959609985351562,1.1545257568359375,0.00010573199582358617
13,2,7,L2H7,0.9303741455078125,0.20587921142578125,0.20682525634765625,0.7244949340820312,0.0013057992228388497
14,2,7,L2H7,0.9232177734375,0.32161712646484375,0.31377410888671875,0.6016006469726562,-0.013036916794541742
15,2,7,L2H7,0.989288330078125,0.3269500732421875,0.32689666748046875,0.6623382568359375,-8.063215610385422e-05
16,2,7,L2H7,0.924041748046875,-0.5454788208007812,-0.539764404296875,1.4695205688476562,0.0038886264167008458
17,2,7,L2H7,1.2387847900390625,0.278106689453125,0.27184295654296875,0.9606781005859375,-0.006520116266141457
18,2,7,L2H7,0.9242019653320312,-0.08154296875,-0.0872650146484375,1.0057449340820312,-0.005689360895126114
19,2,7,L2H7,1.2661972045898438,0.3300018310546875,0.3324737548828125,0.9361953735351562,0.0026403931251986405
20,2,7,L2H7,0.8046112060546875,-0.3928375244140625,-0.38545989990234375,1.19744873046875,0.006161119323105153
1,2,8,L2H8,1.0762939453125,-0.21822357177734375,-0.22081756591796875,1.2945175170898438,-0.0020038308531015177
2,2,8,L2H8,1.0695114135742188,-0.5381088256835938,-0.5381546020507812,1.6076202392578125,-2.8474614880833738e-05
3,2,8,L2H8,1.0176162719726562,-0.01616668701171875,-0.0196685791015625,1.033782958984375,-0.0033874538745387456
4,2,8,L2H8,1.1721267700195312,-0.171600341796875,-0.1677093505859375,1.3437271118164062,0.002895670688431512
5,2,8,L2H8,0.8647003173828125,0.14643096923828125,0.14485931396484375,0.7182693481445312,-0.0021881140793456903
6,2,8,L2H8,1.33782958984375,0.42436981201171875,0.4239044189453125,0.9134597778320312,-0.0005094839178478063
7,2,8,L2H8,0.7145462036132812,-0.17333984375,-0.1843109130859375,0.8878860473632812,-0.012356393445440251
8,2,8,L2H8,0.9897918701171875,-0.269012451171875,-0.268798828125,1.2588043212890625,0.0001697031407202686
9,2,8,L2H8,0.9612808227539062,-0.08667755126953125,-0.09130096435546875,1.0479583740234375,-0.004411828943345127
10,2,8,L2H8,1.1173248291015625,-0.10051727294921875,-0.1092681884765625,1.2178421020507812,-0.00718559122944401
11,2,8,L2H8,1.19085693359375,0.0048065185546875,0.00101470947265625,1.1860504150390625,-0.0031970049788367276
12,2,8,L2H8,0.45844268798828125,-0.6960830688476562,-0.7016983032226562,1.1545257568359375,-0.004863671807884964
13,2,8,L2H8,0.9303741455078125,0.20587921142578125,0.200042724609375,0.7244949340820312,-0.008055938753804193
14,2,8,L2H8,0.9232177734375,0.32161712646484375,0.3152618408203125,0.6016006469726562,-0.01056396078779501
15,2,8,L2H8,0.989288330078125,0.3269500732421875,0.323974609375,0.6623382568359375,-0.004492362982929021
16,2,8,L2H8,0.924041748046875,-0.5454788208007812,-0.543914794921875,1.4695205688476562,0.0010643103009661862
17,2,8,L2H8,1.2387847900390625,0.278106689453125,0.27356719970703125,0.9606781005859375,-0.0047252974157785226
18,2,8,L2H8,0.9242019653320312,-0.08154296875,-0.08208465576171875,1.0057449340820312,-0.0005385928314052722
19,2,8,L2H8,1.2661972045898438,0.3300018310546875,0.3270263671875,0.9361953735351562,-0.003178250984035401
20,2,8,L2H8,0.8046112060546875,-0.3928375244140625,-0.4003143310546875,1.19744873046875,-0.0062439471940465875
1,2,9,L2H9,1.0762939453125,-0.21822357177734375,-0.214080810546875,1.2945175170898438,0.003200235744806247
2,2,9,L2H9,1.0695114135742188,-0.5381088256835938,-0.5381927490234375,1.6076202392578125,-5.220346061486185e-05
3,2,9,L2H9,1.0176162719726562,-0.01616668701171875,-0.0167388916015625,1.033782958984375,-0.0005535055350553505
4,2,9,L2H9,1.1721267700195312,-0.171600341796875,-0.17134857177734375,1.3437271118164062,0.0001873669268985096
5,2,9,L2H9,0.8647003173828125,0.14643096923828125,0.1529083251953125,0.7182693481445312,0.009018004142546072
6,2,9,L2H9,1.33782958984375,0.42436981201171875,0.43280029296875,0.9134597778320312,0.009229175888882392
7,2,9,L2H9,0.7145462036132812,-0.17333984375,-0.17156982421875,0.8878860473632812,0.00199352105656616
8,2,9,L2H9,0.9897918701171875,-0.269012451171875,-0.27475738525390625,1.2588043212890625,-0.004563802320084367
9,2,9,L2H9,0.9612808227539062,-0.08667755126953125,-0.08782958984375,1.0479583740234375,-0.001099317112945733
10,2,9,L2H9,1.1173248291015625,-0.10051727294921875,-0.10085296630859375,1.2178421020507812,-0.00027564604541895066
11,2,9,L2H9,1.19085693359375,0.0048065185546875,0.00594329833984375,1.1860504150390625,0.0009584582330918962
12,2,9,L2H9,0.45844268798828125,-0.6960830688476562,-0.6966552734375,1.1545257568359375,-0.0004956187304230601
13,2,9,L2H9,0.9303741455078125,0.20587921142578125,0.2110748291015625,0.7244949340820312,0.007171365086719811
14,2,9,L2H9,0.9232177734375,0.32161712646484375,0.3085174560546875,0.6016006469726562,-0.02177469468504686
15,2,9,L2H9,0.989288330078125,0.3269500732421875,0.31976318359375,0.6623382568359375,-0.010850784435690096
16,2,9,L2H9,0.924041748046875,-0.5454788208007812,-0.5554656982421875,1.4695205688476562,-0.006796010653486525
17,2,9,L2H9,1.2387847900390625,0.278106689453125,0.27199554443359375,0.9606781005859375,-0.006361282739560666
18,2,9,L2H9,0.9242019653320312,-0.08154296875,-0.09137725830078125,1.0057449340820312,-0.009778114925090082
19,2,9,L2H9,1.2661972045898438,0.3300018310546875,0.33154296875,0.9361953735351562,0.001646171022500387
20,2,9,L2H9,0.8046112060546875,-0.3928375244140625,-0.39275360107421875,1.19744873046875,7.008512156582905e-05
1,2,10,L2H10,1.0762939453125,-0.21822357177734375,-0.21471405029296875,1.2945175170898438,0.0027110652718432297
2,2,10,L2H10,1.0695114135742188,-0.5381088256835938,-0.5392074584960938,1.6076202392578125,-0.0006833907571400097
3,2,10,L2H10,1.0176162719726562,-0.01616668701171875,-0.0072021484375,1.033782958984375,0.00867158671586716
4,2,10,L2H10,1.1721267700195312,-0.171600341796875,-0.16387939453125,1.3437271118164062,0.005745919091554294
5,2,10,L2H10,0.8647003173828125,0.14643096923828125,0.15570831298828125,0.7182693481445312,0.012916246215943492
6,2,10,L2H10,1.33782958984375,0.42436981201171875,0.43500518798828125,0.9134597778320312,0.011642960352128556
7,2,10,L2H10,0.7145462036132812,-0.17333984375,-0.16561126708984375,0.8878860473632812,0.008704469096127241
8,2,10,L2H10,0.9897918701171875,-0.269012451171875,-0.26318359375,1.2588043212890625,0.0046304714110816155
9,2,10,L2H10,0.9612808227539062,-0.08667755126953125,-0.08087158203125,1.0479583740234375,0.00554026703941525
10,2,10,L2H10,1.1173248291015625,-0.10051727294921875,-0.09204864501953125,1.2178421020507812,0.006953797963978074
11,2,10,L2H10,1.19085693359375,0.0048065185546875,0.0090484619140625,1.1860504150390625,0.0035765287087187536
12,2,10,L2H10,0.45844268798828125,-0.6960830688476562,-0.6868362426757812,1.1545257568359375,0.008009198683636653
13,2,10,L2H10,0.9303741455078125,0.20587921142578125,0.21024322509765625,0.7244949340820312,0.006023525447288887
14,2,10,L2H10,0.9232177734375,0.32161712646484375,0.3165283203125,0.6016006469726562,-0.008458777725641383
15,2,10,L2H10,0.989288330078125,0.3269500732421875,0.33557891845703125,0.6623382568359375,0.01302785265049416
16,2,10,L2H10,0.924041748046875,-0.5454788208007812,-0.54681396484375,1.4695205688476562,-0.0009085575739955247
17,2,10,L2H10,1.2387847900390625,0.278106689453125,0.26981353759765625,0.9606781005859375,-0.008632602169665974
18,2,10,L2H10,0.9242019653320312,-0.08154296875,-0.077178955078125,1.0057449340820312,0.004339085909349516
19,2,10,L2H10,1.2661972045898438,0.3300018310546875,0.33652496337890625,0.9361953735351562,0.006967704080385302
20,2,10,L2H10,0.8046112060546875,-0.3928375244140625,-0.3821868896484375,1.19744873046875,0.008894439064172486
1,2,11,L2H11,1.0762939453125,-0.21822357177734375,-0.2178192138671875,1.2945175170898438,0.0003123618682775895
2,2,11,L2H11,1.0695114135742188,-0.5381088256835938,-0.5400009155273438,1.6076202392578125,-0.0011769507484077945
3,2,11,L2H11,1.0176162719726562,-0.01616668701171875,-0.0181427001953125,1.033782958984375,-0.001911439114391144
4,2,11,L2H11,1.1721267700195312,-0.171600341796875,-0.17259979248046875,1.3437271118164062,-0.0007437899219304471
5,2,11,L2H11,0.8647003173828125,0.14643096923828125,0.14723968505859375,0.7182693481445312,0.0011259227786924425
6,2,11,L2H11,1.33782958984375,0.42436981201171875,0.42061614990234375,0.9134597778320312,-0.004109280124280667
7,2,11,L2H11,0.7145462036132812,-0.17333984375,-0.17769622802734375,0.8878860473632812,-0.004906467772841713
8,2,11,L2H11,0.9897918701171875,-0.269012451171875,-0.27353668212890625,1.2588043212890625,-0.0035940700873971173
9,2,11,L2H11,0.9612808227539062,-0.08667755126953125,-0.08936309814453125,1.0479583740234375,-0.0025626465149463447
10,2,11,L2H11,1.1173248291015625,-0.10051727294921875,-0.099334716796875,1.2178421020507812,0.000971025841816758
11,2,11,L2H11,1.19085693359375,0.0048065185546875,0.0012664794921875,1.1860504150390625,-0.002984728994326442
12,2,11,L2H11,0.45844268798828125,-0.6960830688476562,-0.6974639892578125,1.1545257568359375,-0.0011960932027543184
13,2,11,L2H11,0.9303741455078125,0.20587921142578125,0.2037506103515625,0.7244949340820312,-0.0029380482513874117
14,2,11,L2H11,0.9232177734375,0.32161712646484375,0.32372283935546875,0.6016006469726562,0.0035001838864722966
15,2,11,L2H11,0.989288330078125,0.3269500732421875,0.3258819580078125,0.6623382568359375,-0.0016126431220770843
16,2,11,L2H11,0.924041748046875,-0.5454788208007812,-0.5458984375,1.4695205688476562,-0.0002855466661128792
17,2,11,L2H11,1.2387847900390625,0.278106689453125,0.27127838134765625,0.9606781005859375,-0.007107800314490383
18,2,11,L2H11,0.9242019653320312,-0.08154296875,-0.08370208740234375,1.0057449340820312,-0.0021467855110942537
19,2,11,L2H11,1.2661972045898438,0.3300018310546875,0.32730865478515625,0.9361953735351562,-0.0028767246086269143
20,2,11,L2H11,0.8046112060546875,-0.3928375244140625,-0.39166259765625,1.19744873046875,0.0009811917019216065
1,3,0,L3H0,1.0762939453125,-0.21822357177734375,-0.2176513671875,1.2945175170898438,0.0004420215117135701
2,3,0,L3H0,1.0695114135742188,-0.5381088256835938,-0.5375823974609375,1.6076202392578125,0.000327458071129588
3,3,0,L3H0,1.0176162719726562,-0.01616668701171875,-0.01543426513671875,1.033782958984375,0.0007084870848708487
4,3,0,L3H0,1.1721267700195312,-0.171600341796875,-0.17093658447265625,1.3437271118164062,0.0004939673527324344
5,3,0,L3H0,0.8647003173828125,0.14643096923828125,0.1457366943359375,0.7182693481445312,-0.0009665940835944553
6,3,0,L3H0,1.33782958984375,0.42436981201171875,0.4243011474609375,0.9134597778320312,-7.516975837098782e-05
7,3,0,L3H0,0.7145462036132812,-0.17333984375,-0.1724853515625,0.8878860473632812,0.0009623894755836634
8,3,0,L3H0,0.9897918701171875,-0.269012451171875,-0.2677459716796875,1.2588043212890625,0.0010060971914130211
9,3,0,L3H0,0.9612808227539062,-0.08667755126953125,-0.08747100830078125,1.0479583740234375,-0.0007571455612341472
10,3,0,L3H0,1.1173248291015625,-0.10051727294921875,-0.10125732421875,1.2178421020507812,-0.0006076742364917777
11,3,0,L3H0,1.19085693359375,0.0048065185546875,0.0049285888671875,1.1860504150390625,0.00010292168945953247
12,3,0,L3H0,0.45844268798828125,-0.6960830688476562,-0.6964111328125,1.1545257568359375,-0.0002841547387758878
13,3,0,L3H0,0.9303741455078125,0.20587921142578125,0.20660400390625,0.7244949340820312,0.0010004106949168606
14,3,0,L3H0,0.9232177734375,0.32161712646484375,0.3244781494140625,0.6016006469726562,0.004755684628359099
15,3,0,L3H0,0.989288330078125,0.3269500732421875,0.32666778564453125,0.6623382568359375,-0.00042619853940608656
16,3,0,L3H0,0.924041748046875,-0.5454788208007812,-0.5445404052734375,1.4695205688476562,0.0006385861805797117
17,3,0,L3H0,1.2387847900390625,0.278106689453125,0.279693603515625,0.9606781005859375,0.001651868676440223
18,3,0,L3H0,0.9242019653320312,-0.08154296875,-0.0821685791015625,1.0057449340820312,-0.0006220367912004552
19,3,0,L3H0,1.2661972045898438,0.3300018310546875,0.32874298095703125,0.9361953735351562,-0.0013446446470919003
20,3,0,L3H0,0.8046112060546875,-0.3928375244140625,-0.39141845703125,1.19744873046875,0.0011850756919312912
1,3,1,L3H1,1.0762939453125,-0.21822357177734375,-0.239471435546875,1.2945175170898438,-0.0164137321349639
2,3,1,L3H1,1.0695114135742188,-0.5381088256835938,-0.5596389770507812,1.6076202392578125,-0.013392560532285467
3,3,1,L3H1,1.0176162719726562,-0.01616668701171875,-0.0333099365234375,1.033782958984375,-0.016583025830258304
4,3,1,L3H1,1.1721267700195312,-0.171600341796875,-0.190582275390625,1.3437271118164062,-0.014126330731014904
5,3,1,L3H1,0.8647003173828125,0.14643096923828125,0.133819580078125,0.7182693481445312,-0.017558022199798184
6,3,1,L3H1,1.33782958984375,0.42436981201171875,0.4061279296875,0.9134597778320312,-0.019970099140559097
7,3,1,L3H1,0.7145462036132812,-0.17333984375,-0.17730712890625,0.8878860473632812,-0.004468236850924152
8,3,1,L3H1,0.9897918701171875,-0.269012451171875,-0.2856903076171875,1.2588043212890625,-0.013248966629089542
9,3,1,L3H1,0.9612808227539062,-0.08667755126953125,-0.09378814697265625,1.0479583740234375,-0.006785189067982935
10,3,1,L3H1,1.1173248291015625,-0.10051727294921875,-0.108062744140625,1.2178421020507812,-0.006195771339075959
11,3,1,L3H1,1.19085693359375,0.0048065185546875,-0.006134033203125,1.1860504150390625,-0.009224356417810598
12,3,1,L3H1,0.45844268798828125,-0.6960830688476562,-0.7081146240234375,1.1545257568359375,-0.010421209838362212
13,3,1,L3H1,0.9303741455078125,0.20587921142578125,0.18968963623046875,0.7244949340820312,-0.022346015732774508
14,3,1,L3H1,0.9232177734375,0.32161712646484375,0.3270721435546875,0.6016006469726562,0.009067505358071349
15,3,1,L3H1,0.989288330078125,0.3269500732421875,0.31679534912109375,0.6623382568359375,-0.01533162853917571
16,3,1,L3H1,0.924041748046875,-0.5454788208007812,-0.5650253295898438,1.4695205688476562,-0.013301282883294482
17,3,1,L3H1,1.2387847900390625,0.278106689453125,0.2588043212890625,0.9606781005859375,-0.02009244111247002
18,3,1,L3H1,0.9242019653320312,-0.08154296875,-0.0991668701171875,1.0057449340820312,-0.01752323155698843
19,3,1,L3H1,1.2661972045898438,0.3300018310546875,0.31441497802734375,0.9361953735351562,-0.016649145539446984
20,3,1,L3H1,0.8046112060546875,-0.3928375244140625,-0.4097442626953125,1.19744873046875,-0.01411896630817065
1,3,2,L3H2,1.0762939453125,-0.21822357177734375,-0.219635009765625,1.2945175170898438,-0.0010903197288934729
2,3,2,L3H2,1.0695114135742188,-0.5381088256835938,-0.537811279296875,1.6076202392578125,0.0001850849967254193
3,3,2,L3H2,1.0176162719726562,-0.01616668701171875,-0.01705169677734375,1.033782958984375,-0.0008560885608856089
4,3,2,L3H2,1.1721267700195312,-0.171600341796875,-0.17437744140625,1.3437271118164062,-0.002066713981547197
5,3,2,L3H2,0.8647003173828125,0.14643096923828125,0.1455535888671875,0.7182693481445312,-0.0012215199957512348
6,3,2,L3H2,1.33782958984375,0.42436981201171875,0.41997528076171875,0.9134597778320312,-0.00481086453574322
7,3,2,L3H2,0.7145462036132812,-0.17333984375,-0.17516326904296875,0.8878860473632812,-0.002053670398790139
8,3,2,L3H2,0.9897918701171875,-0.269012451171875,-0.27924346923828125,1.2588043212890625,-0.008127568275210008
9,3,2,L3H2,0.9612808227539062,-0.08667755126953125,-0.08234405517578125,1.0479583740234375,0.00413517960366342
10,3,2,L3H2,1.1173248291015625,-0.10051727294921875,-0.100616455078125,1.2178421020507812,-8.144087705559907e-05
11,3,2,L3H2,1.19085693359375,0.0048065185546875,0.002655029296875,1.1860504150390625,-0.00181399477672426
12,3,2,L3H2,0.45844268798828125,-0.6960830688476562,-0.6930389404296875,1.1545257568359375,0.00263669164585068
13,3,2,L3H2,0.9303741455078125,0.20587921142578125,0.201751708984375,0.7244949340820312,-0.0056970756415791746
14,3,2,L3H2,0.9232177734375,0.32161712646484375,0.31822967529296875,0.6016006469726562,-0.005630730599977173
15,3,2,L3H2,0.989288330078125,0.3269500732421875,0.3274993896484375,0.6623382568359375,0.0008293593199253577
16,3,2,L3H2,0.924041748046875,-0.5454788208007812,-0.5503616333007812,1.4695205688476562,-0.003322724842040776
17,3,2,L3H2,1.2387847900390625,0.278106689453125,0.2776641845703125,0.9606781005859375,-0.00046061722708429296
18,3,2,L3H2,0.9242019653320312,-0.08154296875,-0.0799560546875,1.0057449340820312,0.0015778494215816423
19,3,2,L3H2,1.2661972045898438,0.3300018310546875,0.3315582275390625,0.9361953735351562,0.0016624697454954405
20,3,2,L3H2,0.8046112060546875,-0.3928375244140625,-0.396026611328125,1.19744873046875,-0.0026632346195015035
1,3,3,L3H3,1.0762939453125,-0.21822357177734375,-0.2137298583984375,1.2945175170898438,0.0034713422719905703
2,3,3,L3H3,1.0695114135742188,-0.5381088256835938,-0.5347671508789062,1.6076202392578125,0.002078646886300863
3,3,3,L3H3,1.0176162719726562,-0.01616668701171875,-0.01508331298828125,1.033782958984375,0.001047970479704797
4,3,3,L3H3,1.1721267700195312,-0.171600341796875,-0.17144012451171875,1.3437271118164062,0.00011923349893541519
5,3,3,L3H3,0.8647003173828125,0.14643096923828125,0.146575927734375,0.7182693481445312,0.00020181634712411706
6,3,3,L3H3,1.33782958984375,0.42436981201171875,0.423065185546875,0.9134597778320312,-0.0014282254090487684
7,3,3,L3H3,0.7145462036132812,-0.17333984375,-0.1750640869140625,0.8878860473632812,-0.001941964477517035
8,3,3,L3H3,0.9897918701171875,-0.269012451171875,-0.2672271728515625,1.2588043212890625,0.001418233390305102
9,3,3,L3H3,0.9612808227539062,-0.08667755126953125,-0.0862274169921875,1.0479583740234375,0.0004295345010847566
10,3,3,L3H3,1.1173248291015625,-0.10051727294921875,-0.10773468017578125,1.2178421020507812,-0.005926389976507439
11,3,3,L3H3,1.19085693359375,0.0048065185546875,0.002716064453125,1.1860504150390625,-0.0017625339319944937
12,3,3,L3H3,0.45844268798828125,-0.6960830688476562,-0.6943588256835938,1.1545257568359375,0.0014934644410081546
13,3,3,L3H3,0.9303741455078125,0.20587921142578125,0.20124053955078125,0.7244949340820312,-0.006402628447467908
14,3,3,L3H3,0.9232177734375,0.32161712646484375,0.3183441162109375,0.6016006469726562,-0.005440503214842809
15,3,3,L3H3,0.989288330078125,0.3269500732421875,0.3184967041015625,0.6623382568359375,-0.012762918423295782
16,3,3,L3H3,0.924041748046875,-0.5454788208007812,-0.5380096435546875,1.4695205688476562,0.00508273065680925
17,3,3,L3H3,1.2387847900390625,0.278106689453125,0.26383209228515625,0.9606781005859375,-0.014858876411632967
18,3,3,L3H3,0.9242019653320312,-0.08154296875,-0.07833099365234375,1.0057449340820312,0.003193627915797459
19,3,3,L3H3,1.2661972045898438,0.3300018310546875,0.3313140869140625,0.9361953735351562,0.0014016901775745871
20,3,3,L3H3,0.8046112060546875,-0.3928375244140625,-0.390289306640625,1.19744873046875,0.0021280391457260818
1,3,4,L3H4,1.0762939453125,-0.21822357177734375,-0.223388671875,1.2945175170898438,-0.003989980845734493
2,3,4,L3H4,1.0695114135742188,-0.5381088256835938,-0.5410919189453125,1.6076202392578125,-0.0018555957364009986
3,3,4,L3H4,1.0176162719726562,-0.01616668701171875,-0.0222930908203125,1.033782958984375,-0.00592619926199262
4,3,4,L3H4,1.1721267700195312,-0.171600341796875,-0.1745758056640625,1.3437271118164062,-0.002214336408800568
5,3,4,L3H4,0.8647003173828125,0.14643096923828125,0.1504364013671875,0.7182693481445312,0.00557650432842955
6,3,4,L3H4,1.33782958984375,0.42436981201171875,0.4231109619140625,0.9134597778320312,-0.0013781122368014432
7,3,4,L3H4,0.7145462036132812,-0.17333984375,-0.180450439453125,0.8878860473632812,-0.008008455278964056
8,3,4,L3H4,0.9897918701171875,-0.269012451171875,-0.27248382568359375,1.2588043212890625,-0.002757676036704365
9,3,4,L3H4,0.9612808227539062,-0.08667755126953125,-0.0864410400390625,1.0479583740234375,0.00022568761921402467
10,3,4,L3H4,1.1173248291015625,-0.10051727294921875,-0.10247039794921875,1.2178421020507812,-0.0016037588097102583
11,3,4,L3H4,1.19085693359375,0.0048065185546875,0.00439453125,1.1860504150390625,-0.0003473607019259221
12,3,4,L3H4,0.45844268798828125,-0.6960830688476562,-0.6981430053710938,1.1545257568359375,-0.0017842274295230165
13,3,4,L3H4,0.9303741455078125,0.20587921142578125,0.2051849365234375,0.7244949340820312,-0.0009582881393414138
14,3,4,L3H4,0.9232177734375,0.32161712646484375,0.3216094970703125,0.6016006469726562,-1.2681825675624263e-05
15,3,4,L3H4,0.989288330078125,0.3269500732421875,0.320404052734375,0.6623382568359375,-0.009883198562443846
16,3,4,L3H4,0.924041748046875,-0.5454788208007812,-0.5486602783203125,1.4695205688476562,-0.002164962904892193
17,3,4,L3H4,1.2387847900390625,0.278106689453125,0.2785797119140625,0.9606781005859375,0.0004923839324004511
18,3,4,L3H4,0.9242019653320312,-0.08154296875,-0.082916259765625,1.0057449340820312,-0.0013654466148302674
19,3,4,L3H4,1.2661972045898438,0.3300018310546875,0.32961273193359375,0.9361953735351562,-0.00041561743637386013
20,3,4,L3H4,0.8046112060546875,-0.3928375244140625,-0.398956298828125,1.19744873046875,-0.005109842499617718
1,3,5,L3H5,1.0762939453125,-0.21822357177734375,-0.20720672607421875,1.2945175170898438,0.008510387505525269
2,3,5,L3H5,1.0695114135742188,-0.5381088256835938,-0.526092529296875,1.6076202392578125,0.0074745864062188555
3,3,5,L3H5,1.0176162719726562,-0.01616668701171875,-0.00555419921875,1.033782958984375,0.010265682656826569
4,3,5,L3H5,1.1721267700195312,-0.171600341796875,-0.165802001953125,1.3437271118164062,0.004315117104329312
5,3,5,L3H5,0.8647003173828125,0.14643096923828125,0.1518096923828125,0.7182693481445312,0.007488448669605396
6,3,5,L3H5,1.33782958984375,0.42436981201171875,0.4409942626953125,0.9134597778320312,0.018199433721153607
7,3,5,L3H5,0.7145462036132812,-0.17333984375,-0.15737152099609375,0.8878860473632812,0.01798465332496971
8,3,5,L3H5,0.9897918701171875,-0.269012451171875,-0.26061248779296875,1.2588043212890625,0.006672969926179134
9,3,5,L3H5,0.9612808227539062,-0.08667755126953125,-0.066558837890625,1.0479583740234375,0.019198008124754293
10,3,5,L3H5,1.1173248291015625,-0.10051727294921875,-0.084014892578125,1.2178421020507812,0.013550509005481598
11,3,5,L3H5,1.19085693359375,0.0048065185546875,0.00493621826171875,1.1860504150390625,0.00010935429505075326
12,3,5,L3H5,0.45844268798828125,-0.6960830688476562,-0.6716842651367188,1.1545257568359375,0.021133182665239284
13,3,5,L3H5,0.9303741455078125,0.20587921142578125,0.22167205810546875,0.7244949340820312,0.0217984225102937
14,3,5,L3H5,0.9232177734375,0.32161712646484375,0.3293609619140625,0.6016006469726562,0.012872053060758627
15,3,5,L3H5,0.989288330078125,0.3269500732421875,0.33443450927734375,0.6623382568359375,0.011300020733982999
16,3,5,L3H5,0.924041748046875,-0.5454788208007812,-0.5338363647460938,1.4695205688476562,0.007922622045240975
17,3,5,L3H5,1.2387847900390625,0.278106689453125,0.28565216064453125,0.9606781005859375,0.0078543178894201
18,3,5,L3H5,0.9242019653320312,-0.08154296875,-0.0703277587890625,1.0057449340820312,0.011151147354447184
19,3,5,L3H5,1.2661972045898438,0.3300018310546875,0.33831787109375,0.9361953735351562,0.008882804032304068
20,3,5,L3H5,0.8046112060546875,-0.3928375244140625,-0.38680267333984375,1.19744873046875,0.005039757378051888
1,3,6,L3H6,1.0762939453125,-0.21822357177734375,-0.2183837890625,1.2945175170898438,-0.00012376602327979962
2,3,6,L3H6,1.0695114135742188,-0.5381088256835938,-0.540313720703125,1.6076202392578125,-0.001371527283426825
3,3,6,L3H6,1.0176162719726562,-0.01616668701171875,-0.01538848876953125,1.033782958984375,0.0007527675276752767
4,3,6,L3H6,1.1721267700195312,-0.171600341796875,-0.16739654541015625,1.3437271118164062,0.0031284599006387507
5,3,6,L3H6,0.8647003173828125,0.14643096923828125,0.1486053466796875,0.7182693481445312,0.0030272452068617556
6,3,6,L3H6,1.33782958984375,0.42436981201171875,0.4209136962890625,0.9134597778320312,-0.003783544504673053
7,3,6,L3H6,0.7145462036132812,-0.17333984375,-0.1697235107421875,0.8878860473632812,0.004072969744880861
8,3,6,L3H6,0.9897918701171875,-0.269012451171875,-0.271240234375,1.2588043212890625,-0.0017697613246542298
9,3,6,L3H6,0.9612808227539062,-0.08667755126953125,-0.08300018310546875,1.0479583740234375,0.0035090784664890285
10,3,6,L3H6,1.1173248291015625,-0.10051727294921875,-0.09729766845703125,1.2178421020507812,0.002643696162881754
11,3,6,L3H6,1.19085693359375,0.0048065185546875,0.007110595703125,1.1860504150390625,0.0019426468885486755
12,3,6,L3H6,0.45844268798828125,-0.6960830688476562,-0.6990737915039062,1.1545257568359375,-0.002590433897677861
13,3,6,L3H6,0.9303741455078125,0.20587921142578125,0.20932769775390625,0.7244949340820312,0.004759848780025484
14,3,6,L3H6,0.9232177734375,0.32161712646484375,0.33172607421875,0.6016006469726562,0.01680341902020215
15,3,6,L3H6,0.989288330078125,0.3269500732421875,0.3284149169921875,0.6623382568359375,0.002211624853134287
16,3,6,L3H6,0.924041748046875,-0.5454788208007812,-0.5477294921875,1.4695205688476562,-0.0015315684818781703
17,3,6,L3H6,1.2387847900390625,0.278106689453125,0.279815673828125,0.9606781005859375,0.0017789354977048556
18,3,6,L3H6,0.9242019653320312,-0.08154296875,-0.0836944580078125,1.0057449340820312,-0.002139199696567419
19,3,6,L3H6,1.2661972045898438,0.3300018310546875,0.33161163330078125,0.9361953735351562,0.001719515275978127
20,3,6,L3H6,0.8046112060546875,-0.3928375244140625,-0.39455413818359375,1.19744873046875,-0.001433559304755594
1,3,7,L3H7,1.0762939453125,-0.21822357177734375,-0.22052764892578125,1.2945175170898438,-0.0017798732871666422
2,3,7,L3H7,1.0695114135742188,-0.5381088256835938,-0.542388916015625,1.6076202392578125,-0.0026623764913579545
3,3,7,L3H7,1.0176162719726562,-0.01616668701171875,-0.020843505859375,1.033782958984375,-0.004523985239852399
4,3,7,L3H7,1.1721267700195312,-0.171600341796875,-0.17242431640625,1.3437271118164062,-0.0006132008516678496
5,3,7,L3H7,0.8647003173828125,0.14643096923828125,0.15604400634765625,0.7182693481445312,0.01338361038823092
6,3,7,L3H7,1.33782958984375,0.42436981201171875,0.424346923828125,0.9134597778320312,-2.5056586123662604e-05
7,3,7,L3H7,0.7145462036132812,-0.17333984375,-0.1759796142578125,0.8878860473632812,-0.0029730960584995318
8,3,7,L3H7,0.9897918701171875,-0.269012451171875,-0.25902557373046875,1.2588043212890625,0.007933621828672558
9,3,7,L3H7,0.9612808227539062,-0.08667755126953125,-0.09363555908203125,1.0479583740234375,-0.006639584152360984
10,3,7,L3H7,1.1173248291015625,-0.10051727294921875,-0.0989227294921875,1.2178421020507812,0.0013093187157400157
11,3,7,L3H7,1.19085693359375,0.0048065185546875,0.00785064697265625,1.1860504150390625,0.002566609630897091
12,3,7,L3H7,0.45844268798828125,-0.6960830688476562,-0.6978378295898438,1.1545257568359375,-0.0015198974399640512
13,3,7,L3H7,0.9303741455078125,0.20587921142578125,0.2072296142578125,0.7244949340820312,0.0018639230842135192
14,3,7,L3H7,0.9232177734375,0.32161712646484375,0.3182830810546875,0.6016006469726562,-0.005541957820247803
15,3,7,L3H7,0.989288330078125,0.3269500732421875,0.3236236572265625,0.6623382568359375,-0.0050222314373257766
16,3,7,L3H7,0.924041748046875,-0.5454788208007812,-0.5500640869140625,1.4695205688476562,-0.0031202462969789164
17,3,7,L3H7,1.2387847900390625,0.278106689453125,0.2781829833984375,0.9606781005859375,7.941676329039534e-05
18,3,7,L3H7,0.9242019653320312,-0.08154296875,-0.09037017822265625,1.0057449340820312,-0.008776787407547886
19,3,7,L3H7,1.2661972045898438,0.3300018310546875,0.33173370361328125,0.9361953735351562,0.001849905059938554
20,3,7,L3H7,0.8046112060546875,-0.3928375244140625,-0.39379119873046875,1.19744873046875,-0.00079642183597533
1,3,8,L3H8,1.0762939453125,-0.21822357177734375,-0.22135162353515625,1.2945175170898438,-0.002416384264034183
2,3,8,L3H8,1.0695114135742188,-0.5381088256835938,-0.5356216430664062,1.6076202392578125,0.001547120741858633
3,3,8,L3H8,1.0176162719726562,-0.01616668701171875,-0.01587677001953125,1.033782958984375,0.0002804428044280443
4,3,8,L3H8,1.1721267700195312,-0.171600341796875,-0.171844482421875,1.3437271118164062,-0.0001816891412349184
5,3,8,L3H8,0.8647003173828125,0.14643096923828125,0.13843536376953125,0.7182693481445312,-0.011131764830846035
6,3,8,L3H8,1.33782958984375,0.42436981201171875,0.42034149169921875,0.9134597778320312,-0.004409959157764619
7,3,8,L3H8,0.7145462036132812,-0.17333984375,-0.173431396484375,0.8878860473632812,-0.00010311315809824965
8,3,8,L3H8,0.9897918701171875,-0.269012451171875,-0.2637939453125,1.2588043212890625,0.00414560529473799
9,3,8,L3H8,0.9612808227539062,-0.08667755126953125,-0.09064483642578125,1.0479583740234375,-0.0037857278061707365
10,3,8,L3H8,1.1173248291015625,-0.10051727294921875,-0.098602294921875,1.2178421020507812,0.001572435395458105
11,3,8,L3H8,1.19085693359375,0.0048065185546875,0.00281524658203125,1.1860504150390625,-0.0016789100593086236
12,3,8,L3H8,0.45844268798828125,-0.6960830688476562,-0.6948089599609375,1.1545257568359375,0.0011035777064086806
13,3,8,L3H8,0.9303741455078125,0.20587921142578125,0.208404541015625,0.7244949340820312,0.0034856414738682197
14,3,8,L3H8,0.9232177734375,0.32161712646484375,0.31481170654296875,0.6016006469726562,-0.011312188502656842
15,3,8,L3H8,0.989288330078125,0.3269500732421875,0.33168792724609375,0.6623382568359375,0.00715322413435621
16,3,8,L3H8,0.924041748046875,-0.5454788208007812,-0.5473098754882812,1.4695205688476562,-0.001246021815765291
17,3,8,L3H8,1.2387847900390625,0.278106689453125,0.26605224609375,0.9606781005859375,-0.012547848599882463
18,3,8,L3H8,0.9242019653320312,-0.08154296875,-0.0837554931640625,1.0057449340820312,-0.0021998862127820974
19,3,8,L3H8,1.2661972045898438,0.3300018310546875,0.32340240478515625,0.9361953735351562,-0.007049197695360569
20,3,8,L3H8,0.8046112060546875,-0.3928375244140625,-0.3920135498046875,1.19744873046875,0.0006881084662826852
1,3,9,L3H9,1.0762939453125,-0.21822357177734375,-0.20835113525390625,1.2945175170898438,0.007626344482098129
2,3,9,L3H9,1.0695114135742188,-0.5381088256835938,-0.535003662109375,1.6076202392578125,0.0019315280427498885
3,3,9,L3H9,1.0176162719726562,-0.01616668701171875,-0.008026123046875,1.033782958984375,0.007874538745387454
4,3,9,L3H9,1.1721267700195312,-0.171600341796875,-0.1627655029296875,1.3437271118164062,0.006574875798438609
5,3,9,L3H9,0.8647003173828125,0.14643096923828125,0.1382904052734375,0.7182693481445312,-0.011333581177970153
6,3,9,L3H9,1.33782958984375,0.42436981201171875,0.4307403564453125,0.9134597778320312,0.006974083137752759
7,3,9,L3H9,0.7145462036132812,-0.17333984375,-0.17301177978515625,0.8878860473632812,0.0003694888165187279
8,3,9,L3H9,0.9897918701171875,-0.269012451171875,-0.270111083984375,1.2588043212890625,-0.0008727590094185243
9,3,9,L3H9,0.9612808227539062,-0.08667755126953125,-0.0878143310546875,1.0479583740234375,-0.0010847566213835378
10,3,9,L3H9,1.1173248291015625,-0.10051727294921875,-0.1139068603515625,1.2178421020507812,-0.010994518402505872
11,3,9,L3H9,1.19085693359375,0.0048065185546875,-0.00034332275390625,1.1860504150390625,-0.004342008774074027
12,3,9,L3H9,0.45844268798828125,-0.6960830688476562,-0.697174072265625,1.1545257568359375,-0.0009449797126733013
13,3,9,L3H9,0.9303741455078125,0.20587921142578125,0.2051544189453125,0.7244949340820312,-0.0010004106949168606
14,3,9,L3H9,0.9232177734375,0.32161712646484375,0.3119354248046875,0.6016006469726562,-0.01609323678236719
15,3,9,L3H9,0.989288330078125,0.3269500732421875,0.32556915283203125,0.6623382568359375,-0.002084917179256802
16,3,9,L3H9,0.924041748046875,-0.5454788208007812,-0.5475234985351562,1.4695205688476562,-0.001391391027604575
17,3,9,L3H9,1.2387847900390625,0.278106689453125,0.28429412841796875,0.9606781005859375,0.006440699502851061
18,3,9,L3H9,0.9242019653320312,-0.08154296875,-0.07933807373046875,1.0057449340820312,0.002192300398255263
19,3,9,L3H9,1.2661972045898438,0.3300018310546875,0.32640838623046875,0.9361953735351562,-0.003838349265335061
20,3,9,L3H9,0.8046112060546875,-0.3928375244140625,-0.3847808837890625,1.19744873046875,0.006728171670319588
1,3,10,L3H10,1.0762939453125,-0.21822357177734375,-0.22888946533203125,1.2945175170898438,-0.008239280978340946
2,3,10,L3H10,1.0695114135742188,-0.5381088256835938,-0.53753662109375,1.6076202392578125,0.0003559326860104217
3,3,10,L3H10,1.0176162719726562,-0.01616668701171875,-0.02501678466796875,1.033782958984375,-0.008560885608856088
4,3,10,L3H10,1.1721267700195312,-0.171600341796875,-0.17236328125,1.3437271118164062,-0.00056777856635912
5,3,10,L3H10,0.8647003173828125,0.14643096923828125,0.1305084228515625,0.7182693481445312,-0.02216793244463328
6,3,10,L3H10,1.33782958984375,0.42436981201171875,0.4086151123046875,0.9134597778320312,-0.017247283448454425
7,3,10,L3H10,0.7145462036132812,-0.17333984375,-0.17574310302734375,0.8878860473632812,-0.0027067204000790534
8,3,10,L3H10,0.9897918701171875,-0.269012451171875,-0.27085113525390625,1.2588043212890625,-0.0014606591754851692
9,3,10,L3H10,0.9612808227539062,-0.08667755126953125,-0.1049957275390625,1.0479583740234375,-0.017479870120415266
10,3,10,L3H10,1.1173248291015625,-0.10051727294921875,-0.1016082763671875,1.2178421020507812,-0.0008958496476115897
11,3,10,L3H10,1.19085693359375,0.0048065185546875,-0.00492095947265625,1.1860504150390625,-0.008201572128806494
12,3,10,L3H10,0.45844268798828125,-0.6960830688476562,-0.7087783813476562,1.1545257568359375,-0.010996127565652962
13,3,10,L3H10,0.9303741455078125,0.20587921142578125,0.19208526611328125,0.7244949340820312,-0.019039395120101936
14,3,10,L3H10,0.9232177734375,0.32161712646484375,0.327423095703125,0.6016006469726562,0.009650869339150063
15,3,10,L3H10,0.989288330078125,0.3269500732421875,0.327178955078125,0.6623382568359375,0.00034556638330223235
16,3,10,L3H10,0.924041748046875,-0.5454788208007812,-0.5448074340820312,1.4695205688476562,0.0004568746657806067
17,3,10,L3H10,1.2387847900390625,0.278106689453125,0.2750701904296875,0.9606781005859375,-0.0031607871789577345
18,3,10,L3H10,0.9242019653320312,-0.08154296875,-0.086029052734375,1.0057449340820312,-0.004460458941778873
19,3,10,L3H10,1.2661972045898438,0.3300018310546875,0.32752227783203125,0.9361953735351562,-0.0026485424866961676
20,3,10,L3H10,0.8046112060546875,-0.3928375244140625,-0.40004730224609375,1.19744873046875,-0.006020949079973495
1,3,11,L3H11,1.0762939453125,-0.21822357177734375,-0.20610809326171875,1.2945175170898438,0.009359068808015323
2,3,11,L3H11,1.0695114135742188,-0.5381088256835938,-0.5306243896484375,1.6076202392578125,0.004655599533016316
3,3,11,L3H11,1.0176162719726562,-0.01616668701171875,-0.01050567626953125,1.033782958984375,0.0054760147601476015
4,3,11,L3H11,1.1721267700195312,-0.171600341796875,-0.1702423095703125,1.3437271118164062,0.0010106458481192336
5,3,11,L3H11,0.8647003173828125,0.14643096923828125,0.13848114013671875,0.7182693481445312,-0.01106803335280684
6,3,11,L3H11,1.33782958984375,0.42436981201171875,0.4323577880859375,0.9134597778320312,0.008744748557158248
7,3,11,L3H11,0.7145462036132812,-0.17333984375,-0.17737579345703125,0.8878860473632812,-0.004545571719497839
8,3,11,L3H11,0.9897918701171875,-0.269012451171875,-0.2573394775390625,1.2588043212890625,0.009273064475071821
9,3,11,L3H11,0.9612808227539062,-0.08667755126953125,-0.0870513916015625,1.0479583740234375,-0.00035673204327378095
10,3,11,L3H11,1.1173248291015625,-0.10051727294921875,-0.11304473876953125,1.2178421020507812,-0.010286609240407205
11,3,11,L3H11,1.19085693359375,0.0048065185546875,-0.001617431640625,1.1860504150390625,-0.005416253907807897
12,3,11,L3H11,0.45844268798828125,-0.6960830688476562,-0.6908798217773438,1.1545257568359375,0.00450682632198036
13,3,11,L3H11,0.9303741455078125,0.20587921142578125,0.195526123046875,0.7244949340820312,-0.014290076978970313
14,3,11,L3H11,0.9232177734375,0.32161712646484375,0.316925048828125,0.6016006469726562,-0.007799322790508921
15,3,11,L3H11,0.989288330078125,0.3269500732421875,0.33087158203125,0.6623382568359375,0.005920704033911581
16,3,11,L3H11,0.924041748046875,-0.5454788208007812,-0.5391998291015625,1.4695205688476562,0.0042728164765618104
17,3,11,L3H11,1.2387847900390625,0.278106689453125,0.284759521484375,0.9606781005859375,0.006925141758922474
18,3,11,L3H11,0.9242019653320312,-0.08154296875,-0.082000732421875,1.0057449340820312,-0.0004551488716100891
19,3,11,L3H11,1.2661972045898438,0.3300018310546875,0.32825469970703125,0.9361953735351562,-0.0018662037829336071
20,3,11,L3H11,0.8046112060546875,-0.3928375244140625,-0.3890838623046875,1.19744873046875,0.003134716346398899
1,4,0,L4H0,1.0762939453125,-0.21822357177734375,-0.218353271484375,1.2945175170898438,-0.00010019154265507588
2,4,0,L4H0,1.0695114135742188,-0.5381088256835938,-0.543365478515625,1.6076202392578125,-0.003269834942149074
3,4,0,L4H0,1.0176162719726562,-0.01616668701171875,-0.0189971923828125,1.033782958984375,-0.0027380073800738008
4,4,0,L4H0,1.1721267700195312,-0.171600341796875,-0.172607421875,1.3437271118164062,-0.0007494677075940383
5,4,0,L4H0,0.8647003173828125,0.14643096923828125,0.13716888427734375,0.7182693481445312,-0.012895002389930426
6,4,0,L4H0,1.33782958984375,0.42436981201171875,0.42412567138671875,0.9134597778320312,-0.0002672702519857344
7,4,0,L4H0,0.7145462036132812,-0.17333984375,-0.180633544921875,0.8878860473632812,-0.008214681595160556
8,4,0,L4H0,0.9897918701171875,-0.269012451171875,-0.2734375,1.2588043212890625,-0.0035152793434912784
9,4,0,L4H0,0.9612808227539062,-0.08667755126953125,-0.092742919921875,1.0479583740234375,-0.005787795395972568
10,4,0,L4H0,1.1173248291015625,-0.10051727294921875,-0.10419464111328125,1.2178421020507812,-0.003019577133907596
11,4,0,L4H0,1.19085693359375,0.0048065185546875,0.0024261474609375,1.1860504150390625,-0.0020069729444608833
12,4,0,L4H0,0.45844268798828125,-0.6960830688476562,-0.700469970703125,1.1545257568359375,-0.0037997435999101276
13,4,0,L4H0,0.9303741455078125,0.20587921142578125,0.19709014892578125,0.7244949340820312,-0.012131296005728667
14,4,0,L4H0,0.9232177734375,0.32161712646484375,0.31415557861328125,0.6016006469726562,-0.012402825510760529
15,4,0,L4H0,0.989288330078125,0.3269500732421875,0.3289947509765625,0.6623382568359375,0.0030870596908332756
16,4,0,L4H0,0.924041748046875,-0.5454788208007812,-0.5472869873046875,1.4695205688476562,-0.0012304465430682248
17,4,0,L4H0,1.2387847900390625,0.278106689453125,0.276947021484375,0.9606781005859375,-0.0012071348020140091
18,4,0,L4H0,0.9242019653320312,-0.08154296875,-0.0848541259765625,1.0057449340820312,-0.0032922435046463115
19,4,0,L4H0,1.2661972045898438,0.3300018310546875,0.32682037353515625,0.9361953735351562,-0.003398283744468621
20,4,0,L4H0,0.8046112060546875,-0.3928375244140625,-0.39472198486328125,1.19744873046875,-0.0015737295478872521
1,4,1,L4H1,1.0762939453125,-0.21822357177734375,-0.2036590576171875,1.2945175170898438,0.011250920878149403
2,4,1,L4H1,1.0695114135742188,-0.5381088256835938,-0.5233993530273438,1.6076202392578125,0.00914984291504124
3,4,1,L4H1,1.0176162719726562,-0.01616668701171875,-0.0022735595703125,1.033782958984375,0.013439114391143911
4,4,1,L4H1,1.1721267700195312,-0.171600341796875,-0.1659393310546875,1.3437271118164062,0.00421291696238467
5,4,1,L4H1,0.8647003173828125,0.14643096923828125,0.15052032470703125,0.7182693481445312,0.005693345371501408
6,4,1,L4H1,1.33782958984375,0.42436981201171875,0.4296722412109375,0.9134597778320312,0.00580477578531517
7,4,1,L4H1,0.7145462036132812,-0.17333984375,-0.1630096435546875,0.8878860473632812,0.011634601338752503
8,4,1,L4H1,0.9897918701171875,-0.269012451171875,-0.259857177734375,1.2588043212890625,0.007272991745154369
9,4,1,L4H1,0.9612808227539062,-0.08667755126953125,-0.07703399658203125,1.0479583740234375,0.009202230667307328
10,4,1,L4H1,1.1173248291015625,-0.10051727294921875,-0.1048431396484375,1.2178421020507812,-0.003552075176194205
11,4,1,L4H1,1.19085693359375,0.0048065185546875,0.01279449462890625,1.1860504150390625,0.006734938054008157
12,4,1,L4H1,0.45844268798828125,-0.6960830688476562,-0.6891937255859375,1.1545257568359375,0.005967249514293644
13,4,1,L4H1,0.9303741455078125,0.20587921142578125,0.2146759033203125,0.7244949340820312,0.012141826644622529
14,4,1,L4H1,0.9232177734375,0.32161712646484375,0.31689453125,0.6016006469726562,-0.007850050093211419
15,4,1,L4H1,0.989288330078125,0.3269500732421875,0.32170867919921875,0.6623382568359375,-0.007913470177621122
16,4,1,L4H1,0.924041748046875,-0.5454788208007812,-0.5311126708984375,1.4695205688476562,0.009776079496191846
17,4,1,L4H1,1.2387847900390625,0.278106689453125,0.2997894287109375,0.9606781005859375,0.022570244127130355
18,4,1,L4H1,0.9242019653320312,-0.08154296875,-0.07585906982421875,1.0057449340820312,0.00565143182249194
19,4,1,L4H1,1.2661972045898438,0.3300018310546875,0.33579254150390625,0.9361953735351562,0.006185365376622742
20,4,1,L4H1,0.8046112060546875,-0.3928375244140625,-0.3818817138671875,1.19744873046875,0.009149294051684591
1,4,2,L4H2,1.0762939453125,-0.21822357177734375,-0.2033843994140625,1.2945175170898438,0.011463091203771918
2,4,2,L4H2,1.0695114135742188,-0.5381088256835938,-0.5287017822265625,1.6076202392578125,0.005851533358011333
3,4,2,L4H2,1.0176162719726562,-0.01616668701171875,-0.01358795166015625,1.033782958984375,0.0024944649446494464
4,4,2,L4H2,1.1721267700195312,-0.171600341796875,-0.161529541015625,1.3437271118164062,0.007494677075940383
5,4,2,L4H2,0.8647003173828125,0.14643096923828125,0.15317535400390625,0.7182693481445312,0.00938977109777471
6,4,2,L4H2,1.33782958984375,0.42436981201171875,0.4298095703125,0.9134597778320312,0.005955115302057145
7,4,2,L4H2,0.7145462036132812,-0.17333984375,-0.178131103515625,0.8878860473632812,-0.005396255273808399
8,4,2,L4H2,0.9897918701171875,-0.269012451171875,-0.26569366455078125,1.2588043212890625,0.002636459507618459
9,4,2,L4H2,0.9612808227539062,-0.08667755126953125,-0.0887451171875,1.0479583740234375,-0.0019729466066774415
10,4,2,L4H2,1.1173248291015625,-0.10051727294921875,-0.1049652099609375,1.2178421020507812,-0.0036523101018010964
11,4,2,L4H2,1.19085693359375,0.0048065185546875,0.00933837890625,1.1860504150390625,0.003820967721185143
12,4,2,L4H2,0.45844268798828125,-0.6960830688476562,-0.7077484130859375,1.1545257568359375,-0.010104013850891453
13,4,2,L4H2,0.9303741455078125,0.20587921142578125,0.2088775634765625,0.7244949340820312,0.004138541085287644
14,4,2,L4H2,0.9232177734375,0.32161712646484375,0.32839202880859375,0.6016006469726562,0.011261461199954345
15,4,2,L4H2,0.989288330078125,0.3269500732421875,0.31574249267578125,0.6623382568359375,-0.016921233902365978
16,4,2,L4H2,0.924041748046875,-0.5454788208007812,-0.5448684692382812,1.4695205688476562,0.000415340605255097
17,4,2,L4H2,1.2387847900390625,0.278106689453125,0.2827911376953125,0.9606781005859375,0.004876189266030274
18,4,2,L4H2,0.9242019653320312,-0.08154296875,-0.08802032470703125,1.0057449340820312,-0.006440356533282761
19,4,2,L4H2,1.2661972045898438,0.3300018310546875,0.3456878662109375,0.9361953735351562,0.01675508723891483
20,4,2,L4H2,0.8046112060546875,-0.3928375244140625,-0.39111328125,1.19744873046875,0.0014399306794433968
1,4,3,L4H3,1.0762939453125,-0.21822357177734375,-0.22843170166015625,1.2945175170898438,-0.00788566376897009
2,4,3,L4H3,1.0695114135742188,-0.5381088256835938,-0.5521240234375,1.6076202392578125,-0.00871797792268193
3,4,3,L4H3,1.0176162719726562,-0.01616668701171875,-0.0235137939453125,1.033782958984375,-0.007107011070110701
4,4,3,L4H3,1.1721267700195312,-0.171600341796875,-0.180328369140625,1.3437271118164062,-0.006495386799148332
5,4,3,L4H3,0.8647003173828125,0.14643096923828125,0.14061737060546875,0.7182693481445312,-0.008093897710977746
6,4,3,L4H3,1.33782958984375,0.42436981201171875,0.4124755859375,0.9134597778320312,-0.01302107258893
7,4,3,L4H3,0.7145462036132812,-0.17333984375,-0.18093109130859375,0.8878860473632812,-0.008549799358979867
8,4,3,L4H3,0.9897918701171875,-0.269012451171875,-0.27014923095703125,1.2588043212890625,-0.0009030631416900008
9,4,3,L4H3,0.9612808227539062,-0.08667755126953125,-0.092254638671875,1.0479583740234375,-0.005321859665982324
10,4,3,L4H3,1.1173248291015625,-0.10051727294921875,-0.10845947265625,1.2178421020507812,-0.0065215348472983554
11,4,3,L4H3,1.19085693359375,0.0048065185546875,0.007598876953125,1.1860504150390625,0.0023543336463868053
12,4,3,L4H3,0.45844268798828125,-0.6960830688476562,-0.6981658935546875,1.1545257568359375,-0.0018040521787399389
13,4,3,L4H3,0.9303741455078125,0.20587921142578125,0.20172882080078125,0.7244949340820312,-0.0057286675582607595
14,4,3,L4H3,0.9232177734375,0.32161712646484375,0.3278045654296875,0.6016006469726562,0.010284960622931277
15,4,3,L4H3,0.989288330078125,0.3269500732421875,0.3275299072265625,0.6623382568359375,0.0008754348376989886
16,4,3,L4H3,0.924041748046875,-0.5454788208007812,-0.5595932006835938,1.4695205688476562,-0.009604751496524119
17,4,3,L4H3,1.2387847900390625,0.278106689453125,0.28005218505859375,0.9606781005859375,0.0020251274639050813
18,4,3,L4H3,0.9242019653320312,-0.08154296875,-0.0912017822265625,1.0057449340820312,-0.009603641190972881
19,4,3,L4H3,1.2661972045898438,0.3300018310546875,0.32330322265625,0.9361953735351562,-0.007155139394828415
20,4,3,L4H3,0.8046112060546875,-0.3928375244140625,-0.39972686767578125,1.19744873046875,-0.005753351343085784
1,4,4,L4H4,1.0762939453125,-0.21822357177734375,-0.2219696044921875,1.2945175170898438,-0.002893767496684839
2,4,4,L4H4,1.0695114135742188,-0.5381088256835938,-0.5438613891601562,1.6076202392578125,-0.0035783099366914397
3,4,4,L4H4,1.0176162719726562,-0.01616668701171875,-0.0164794921875,1.033782958984375,-0.00030258302583025833
4,4,4,L4H4,1.1721267700195312,-0.171600341796875,-0.1782073974609375,1.3437271118164062,-0.004916962384669979
5,4,4,L4H4,0.8647003173828125,0.14643096923828125,0.143707275390625,0.7182693481445312,-0.0037920229433320942
6,4,4,L4H4,1.33782958984375,0.42436981201171875,0.4237060546875,0.9134597778320312,-0.0007266409975862155
7,4,4,L4H4,0.7145462036132812,-0.17333984375,-0.173919677734375,0.8878860473632812,-0.0006530500012889145
8,4,4,L4H4,0.9897918701171875,-0.269012451171875,-0.2747955322265625,1.2588043212890625,-0.0045941064523558435
9,4,4,L4H4,0.9612808227539062,-0.08667755126953125,-0.0837554931640625,1.0479583740234375,0.0027883341341603694
10,4,4,L4H4,1.1173248291015625,-0.10051727294921875,-0.0967864990234375,1.2178421020507812,0.0030634299138606108
11,4,4,L4H4,1.19085693359375,0.0048065185546875,0.00323486328125,1.1860504150390625,-0.0013251167517914807
12,4,4,L4H4,0.45844268798828125,-0.6960830688476562,-0.69512939453125,1.1545257568359375,0.0008260312173717669
13,4,4,L4H4,0.9303741455078125,0.20587921142578125,0.205718994140625,0.7244949340820312,-0.0002211434167710955
14,4,4,L4H4,0.9232177734375,0.32161712646484375,0.316314697265625,0.6016006469726562,-0.008813868844558863
15,4,4,L4H4,0.989288330078125,0.3269500732421875,0.3282470703125,0.6623382568359375,0.0019582095053793168
16,4,4,L4H4,0.924041748046875,-0.5454788208007812,-0.5528564453125,1.4695205688476562,-0.005020429566020985
17,4,4,L4H4,1.2387847900390625,0.278106689453125,0.27515411376953125,0.9606781005859375,-0.0030734287393382994
18,4,4,L4H4,0.9242019653320312,-0.08154296875,-0.07989501953125,1.0057449340820312,0.0016385359377963208
19,4,4,L4H4,1.2661972045898438,0.3300018310546875,0.3256072998046875,0.9361953735351562,-0.004694032222575361
20,4,4,L4H4,0.8046112060546875,-0.3928375244140625,-0.39362335205078125,1.19744873046875,-0.000656251592843672
1,4,5,L4H5,1.0762939453125,-0.21822357177734375,-0.21936798095703125,1.2945175170898438,-0.0008840430234271402
2,4,5,L4H5,1.0695114135742188,-0.5381088256835938,-0.5382003784179688,1.6076202392578125,-5.6949229761667476e-05
3,4,5,L4H5,1.0176162719726562,-0.01616668701171875,-0.01558685302734375,1.033782958984375,0.0005608856088560886
4,4,5,L4H5,1.1721267700195312,-0.171600341796875,-0.1714019775390625,1.3437271118164062,0.0001476224272533712
5,4,5,L4H5,0.8647003173828125,0.14643096923828125,0.1482696533203125,0.7182693481445312,0.002559881034574327
6,4,5,L4H5,1.33782958984375,0.42436981201171875,0.42365264892578125,0.9134597778320312,-0.0007851063652080949
7,4,5,L4H5,0.7145462036132812,-0.17333984375,-0.1724395751953125,0.8878860473632812,0.0010139460546327883
8,4,5,L4H5,0.9897918701171875,-0.269012451171875,-0.27225494384765625,1.2588043212890625,-0.0025758512430755056
9,4,5,L4H5,0.9612808227539062,-0.08667755126953125,-0.082061767578125,1.0479583740234375,0.004404548697564029
10,4,5,L4H5,1.1173248291015625,-0.10051727294921875,-0.099884033203125,1.2178421020507812,0.0005199686765857478
11,4,5,L4H5,1.19085693359375,0.0048065185546875,0.00439453125,1.1860504150390625,-0.0003473607019259221
12,4,5,L4H5,0.45844268798828125,-0.6960830688476562,-0.6959686279296875,1.1545257568359375,9.912374608461203e-05
13,4,5,L4H5,0.9303741455078125,0.20587921142578125,0.206268310546875,0.7244949340820312,0.0005370625835869462
14,4,5,L4H5,0.9232177734375,0.32161712646484375,0.31935882568359375,0.6016006469726562,-0.003753820399984782
15,4,5,L4H5,0.989288330078125,0.3269500732421875,0.32794189453125,0.6623382568359375,0.001497454327643007
16,4,5,L4H5,0.924041748046875,-0.5454788208007812,-0.5513229370117188,1.4695205688476562,-0.003976886295317554
17,4,5,L4H5,1.2387847900390625,0.278106689453125,0.28086090087890625,0.9606781005859375,0.002866945154783272
18,4,5,L4H5,0.9242019653320312,-0.08154296875,-0.0803070068359375,1.0057449340820312,0.0012289019533472407
19,4,5,L4H5,1.2661972045898438,0.3300018310546875,0.32952880859375,0.9361953735351562,-0.0005052604128466535
20,4,5,L4H5,0.8046112060546875,-0.3928375244140625,-0.39449310302734375,1.19744873046875,-0.001382588307253173
1,4,6,L4H6,1.0762939453125,-0.21822357177734375,-0.207977294921875,1.2945175170898438,0.007915131869750994
2,4,6,L4H6,1.0695114135742188,-0.5381088256835938,-0.5249710083007812,1.6076202392578125,0.008172214470799282
3,4,6,L4H6,1.0176162719726562,-0.01616668701171875,-0.01030731201171875,1.033782958984375,0.0056678966789667894
4,4,6,L4H6,1.1721267700195312,-0.171600341796875,-0.16567230224609375,1.3437271118164062,0.004411639460610362
5,4,6,L4H6,0.8647003173828125,0.14643096923828125,0.1500396728515625,0.7182693481445312,0.005024164852089862
6,4,6,L4H6,1.33782958984375,0.42436981201171875,0.4292449951171875,0.9134597778320312,0.005337052844340134
7,4,6,L4H6,0.7145462036132812,-0.17333984375,-0.159454345703125,0.8878860473632812,0.015638828978234532
8,4,6,L4H6,0.9897918701171875,-0.269012451171875,-0.25498199462890625,1.2588043212890625,0.011145859849449071
9,4,6,L4H6,0.9612808227539062,-0.08667755126953125,-0.0801544189453125,1.0479583740234375,0.006224610142838422
10,4,6,L4H6,1.1173248291015625,-0.10051727294921875,-0.0916748046875,1.2178421020507812,0.007260767423649178
11,4,6,L4H6,1.19085693359375,0.0048065185546875,0.0083160400390625,1.1860504150390625,0.002958998571961559
12,4,6,L4H6,0.45844268798828125,-0.6960830688476562,-0.675048828125,1.1545257568359375,0.01821894453035169
13,4,6,L4H6,0.9303741455078125,0.20587921142578125,0.21031951904296875,0.7244949340820312,0.006128831836227504
14,4,6,L4H6,0.9232177734375,0.32161712646484375,0.3238525390625,0.6016006469726562,0.003715774922957909
15,4,6,L4H6,0.989288330078125,0.3269500732421875,0.32623291015625,0.6623382568359375,-0.001082774667680328
16,4,6,L4H6,0.924041748046875,-0.5454788208007812,-0.524871826171875,1.4695205688476562,0.014022937184925213
17,4,6,L4H6,1.2387847900390625,0.278106689453125,0.28948211669921875,0.9606781005859375,0.011841039406597944
18,4,6,L4H6,0.9242019653320312,-0.08154296875,-0.06478118896484375,1.0057449340820312,0.016666034515456098
19,4,6,L4H6,1.2661972045898438,0.3300018310546875,0.3394927978515625,0.9361953735351562,0.010137805702923176
20,4,6,L4H6,0.8046112060546875,-0.3928375244140625,-0.3843536376953125,1.19744873046875,0.007084968652836536
1,4,7,L4H7,1.0762939453125,-0.21822357177734375,-0.23090362548828125,1.2945175170898438,-0.009795196699572713
2,4,7,L4H7,1.0695114135742188,-0.5381088256835938,-0.5443267822265625,1.6076202392578125,-0.0038678018546465824
3,4,7,L4H7,1.0176162719726562,-0.01616668701171875,-0.02825927734375,1.033782958984375,-0.011697416974169742
4,4,7,L4H7,1.1721267700195312,-0.171600341796875,-0.1786346435546875,1.3437271118164062,-0.005234918381831086
5,4,7,L4H7,0.8647003173828125,0.14643096923828125,0.1392059326171875,0.7182693481445312,-0.010058951617186255
6,4,7,L4H7,1.33782958984375,0.42436981201171875,0.412322998046875,0.9134597778320312,-0.013188116496421085
7,4,7,L4H7,0.7145462036132812,-0.17333984375,-0.18505859375,0.8878860473632812,-0.013198484236575955
8,4,7,L4H7,0.9897918701171875,-0.269012451171875,-0.28182220458984375,1.2588043212890625,-0.010176127616761822
9,4,7,L4H7,0.9612808227539062,-0.08667755126953125,-0.1006622314453125,1.0479583740234375,-0.013344690516751846
10,4,7,L4H7,1.1173248291015625,-0.10051727294921875,-0.102081298828125,1.2178421020507812,-0.0012842599843382928
11,4,7,L4H7,1.19085693359375,0.0048065185546875,-0.00431060791015625,1.1860504150390625,-0.007686963681508832
12,4,7,L4H7,0.45844268798828125,-0.6960830688476562,-0.7083511352539062,1.1545257568359375,-0.01062606558027041
13,4,7,L4H7,0.9303741455078125,0.20587921142578125,0.2021026611328125,0.7244949340820312,-0.005212666252461537
14,4,7,L4H7,0.9232177734375,0.32161712646484375,0.313720703125,0.6016006469726562,-0.013125689574271113
15,4,7,L4H7,0.989288330078125,0.3269500732421875,0.319091796875,0.6623382568359375,-0.011864445826709978
16,4,7,L4H7,0.924041748046875,-0.5454788208007812,-0.5659408569335938,1.4695205688476562,-0.013924293791177126
17,4,7,L4H7,1.2387847900390625,0.278106689453125,0.27756500244140625,0.9606781005859375,-0.0005638590193618069
18,4,7,L4H7,0.9242019653320312,-0.08154296875,-0.09325408935546875,1.0057449340820312,-0.011644225298691448
19,4,7,L4H7,1.2661972045898438,0.3300018310546875,0.31746673583984375,0.9361953735351562,-0.013389400940436317
20,4,7,L4H7,0.8046112060546875,-0.3928375244140625,-0.40703582763671875,1.19744873046875,-0.011857128294000714
1,4,8,L4H8,1.0762939453125,-0.21822357177734375,-0.21036529541015625,1.2945175170898438,0.006070428760866362
2,4,8,L4H8,1.0695114135742188,-0.5381088256835938,-0.5262451171875,1.6076202392578125,0.007379671023282744
3,4,8,L4H8,1.0176162719726562,-0.01616668701171875,-0.01296234130859375,1.033782958984375,0.0030996309963099633
4,4,8,L4H8,1.1721267700195312,-0.171600341796875,-0.15618896484375,1.3437271118164062,0.011469127040454222
5,4,8,L4H8,0.8647003173828125,0.14643096923828125,0.1477508544921875,0.7182693481445312,0.0018375909501301185
6,4,8,L4H8,1.33782958984375,0.42436981201171875,0.424530029296875,0.9134597778320312,0.00017539610286563823
7,4,8,L4H8,0.7145462036132812,-0.17333984375,-0.175201416015625,0.8878860473632812,-0.0020966342146644095
8,4,8,L4H8,0.9897918701171875,-0.269012451171875,-0.25565338134765625,1.2588043212890625,0.010612507121471083
9,4,8,L4H8,0.9612808227539062,-0.08667755126953125,-0.09525299072265625,1.0479583740234375,-0.008182996257953669
10,4,8,L4H8,1.1173248291015625,-0.10051727294921875,-0.104339599609375,1.2178421020507812,-0.0031386061080657794
11,4,8,L4H8,1.19085693359375,0.0048065185546875,-0.0120391845703125,1.1860504150390625,-0.014203193145415483
12,4,8,L4H8,0.45844268798828125,-0.6960830688476562,-0.68328857421875,1.1545257568359375,0.011082034812259625
13,4,8,L4H8,0.9303741455078125,0.20587921142578125,0.2052459716796875,0.7244949340820312,-0.0008740430281905204
14,4,8,L4H8,0.9232177734375,0.32161712646484375,0.326629638671875,0.6016006469726562,0.00833195946888514
15,4,8,L4H8,0.989288330078125,0.3269500732421875,0.32846832275390625,0.6623382568359375,0.0022922570092381413
16,4,8,L4H8,0.924041748046875,-0.5454788208007812,-0.5194854736328125,1.4695205688476562,0.017688318026301445
17,4,8,L4H8,1.2387847900390625,0.278106689453125,0.282196044921875,0.9606781005859375,0.00425673851236519
18,4,8,L4H8,0.9242019653320312,-0.08154296875,-0.0823974609375,1.0057449340820312,-0.0008496112270054997
19,4,8,L4H8,1.2661972045898438,0.3300018310546875,0.33074188232421875,0.9361953735351562,0.0007904880652600868
20,4,8,L4H8,0.8046112060546875,-0.3928375244140625,-0.38628387451171875,1.19744873046875,0.005473010856822468
1,4,9,L4H9,1.0762939453125,-0.21822357177734375,-0.2121124267578125,1.2945175170898438,0.004720789745100928
2,4,9,L4H9,1.0695114135742188,-0.5381088256835938,-0.5329132080078125,1.6076202392578125,0.0032318687889746293
3,4,9,L4H9,1.0176162719726562,-0.01616668701171875,-0.00606536865234375,1.033782958984375,0.009771217712177122
4,4,9,L4H9,1.1721267700195312,-0.171600341796875,-0.17079925537109375,1.3437271118164062,0.000596167494677076
5,4,9,L4H9,0.8647003173828125,0.14643096923828125,0.1537322998046875,0.7182693481445312,0.01016517074725158
6,4,9,L4H9,1.33782958984375,0.42436981201171875,0.4322509765625,0.9134597778320312,0.00862781782191449
7,4,9,L4H9,0.7145462036132812,-0.17333984375,-0.15306854248046875,0.8878860473632812,0.022830971755587445
8,4,9,L4H9,0.9897918701171875,-0.269012451171875,-0.2598419189453125,1.2588043212890625,0.0072851133980629595
9,4,9,L4H9,0.9612808227539062,-0.08667755126953125,-0.0829315185546875,1.0479583740234375,0.0035746006785189067
10,4,9,L4H9,1.1173248291015625,-0.10051727294921875,-0.09751129150390625,1.2178421020507812,0.0024682850430696947
11,4,9,L4H9,1.19085693359375,0.0048065185546875,0.01123809814453125,1.1860504150390625,0.005422686513399118
12,4,9,L4H9,0.45844268798828125,-0.6960830688476562,-0.6890945434570312,1.1545257568359375,0.006053156760900308
13,4,9,L4H9,0.9303741455078125,0.20587921142578125,0.20401763916015625,0.7244949340820312,-0.0025694758901022526
14,4,9,L4H9,0.9232177734375,0.32161712646484375,0.34250640869140625,0.6016006469726562,0.03472283869985923
15,4,9,L4H9,0.989288330078125,0.3269500732421875,0.3234405517578125,0.6623382568359375,-0.0052986845439675625
16,4,9,L4H9,0.924041748046875,-0.5454788208007812,-0.5295944213867188,1.4695205688476562,0.0108092392517639
17,4,9,L4H9,1.2387847900390625,0.278106689453125,0.28397369384765625,0.9606781005859375,0.006107149097031401
18,4,9,L4H9,0.9242019653320312,-0.08154296875,-0.0797119140625,1.0057449340820312,0.0018205954864403565
19,4,9,L4H9,1.2661972045898438,0.3300018310546875,0.3378143310546875,0.9361953735351562,0.008344946173467309
20,4,9,L4H9,0.8046112060546875,-0.3928375244140625,-0.38541412353515625,1.19744873046875,0.006199347571231969
1,4,10,L4H10,1.0762939453125,-0.21822357177734375,-0.21884918212890625,1.2945175170898438,-0.0004832768528068366
2,4,10,L4H10,1.0695114135742188,-0.5381088256835938,-0.5387649536132812,1.6076202392578125,-0.00040813614662528355
3,4,10,L4H10,1.0176162719726562,-0.01616668701171875,-0.0164947509765625,1.033782958984375,-0.0003173431734317343
4,4,10,L4H10,1.1721267700195312,-0.171600341796875,-0.1732177734375,1.3437271118164062,-0.0012036905606813344
5,4,10,L4H10,0.8647003173828125,0.14643096923828125,0.1474761962890625,0.7182693481445312,0.0014552020818949492
6,4,10,L4H10,1.33782958984375,0.42436981201171875,0.423675537109375,0.9134597778320312,-0.0007600497790844323
7,4,10,L4H10,0.7145462036132812,-0.17333984375,-0.1727142333984375,0.8878860473632812,0.0007046065803380393
8,4,10,L4H10,0.9897918701171875,-0.269012451171875,-0.2700042724609375,1.2588043212890625,-0.00078790743905839
9,4,10,L4H10,0.9612808227539062,-0.08667755126953125,-0.08394622802734375,1.0479583740234375,0.00260632798963293
10,4,10,L4H10,1.1173248291015625,-0.10051727294921875,-0.09539794921875,1.2178421020507812,0.0042036021926389975
11,4,10,L4H10,1.19085693359375,0.0048065185546875,0.004058837890625,1.1860504150390625,-0.0006303953479396365
12,4,10,L4H10,0.45844268798828125,-0.6960830688476562,-0.6962738037109375,1.1545257568359375,-0.00016520624347435338
13,4,10,L4H10,0.9303741455078125,0.20587921142578125,0.20568084716796875,0.7244949340820312,-0.000273796611240404
14,4,10,L4H10,0.9232177734375,0.32161712646484375,0.32209014892578125,0.6016006469726562,0.0007862731918887043
15,4,10,L4H10,0.989288330078125,0.3269500732421875,0.3280029296875,0.6623382568359375,0.0015896053631902689
16,4,10,L4H10,0.924041748046875,-0.5454788208007812,-0.5455780029296875,1.4695205688476562,-6.749284835395326e-05
17,4,10,L4H10,1.2387847900390625,0.278106689453125,0.2794647216796875,0.9606781005859375,0.001413618386569037
18,4,10,L4H10,0.9242019653320312,-0.08154296875,-0.08007049560546875,1.0057449340820312,0.0014640622036791201
19,4,10,L4H10,1.2661972045898438,0.3300018310546875,0.3304901123046875,0.9361953735351562,0.0005215591358417068
20,4,10,L4H10,0.8046112060546875,-0.3928375244140625,-0.39361572265625,1.19744873046875,-0.0006498802181558693
1,4,11,L4H11,1.0762939453125,-0.21822357177734375,-0.21417236328125,1.2945175170898438,0.0031295123029320762
2,4,11,L4H11,1.0695114135742188,-0.5381088256835938,-0.5363082885742188,1.6076202392578125,0.001120001518646127
3,4,11,L4H11,1.0176162719726562,-0.01616668701171875,-0.01906585693359375,1.033782958984375,-0.002804428044280443
4,4,11,L4H11,1.1721267700195312,-0.171600341796875,-0.17383575439453125,1.3437271118164062,-0.0016635911994322215
5,4,11,L4H11,0.8647003173828125,0.14643096923828125,0.1443328857421875,0.7182693481445312,-0.002921026076796431
6,4,11,L4H11,1.33782958984375,0.42436981201171875,0.4259490966796875,0.9134597778320312,0.0017289044425327197
7,4,11,L4H11,0.7145462036132812,-0.17333984375,-0.16902923583984375,0.8878860473632812,0.004854911193792588
8,4,11,L4H11,0.9897918701171875,-0.269012451171875,-0.25592803955078125,1.2588043212890625,0.010394317369116453
9,4,11,L4H11,0.9612808227539062,-0.08667755126953125,-0.0766448974609375,1.0479583740234375,0.009573523202143304
10,4,11,L4H11,1.1173248291015625,-0.10051727294921875,-0.10602569580078125,1.2178421020507812,-0.004523101018010963
11,4,11,L4H11,1.19085693359375,0.0048065185546875,0.0070037841796875,1.1860504150390625,0.0018525904102715846
12,4,11,L4H11,0.45844268798828125,-0.6960830688476562,-0.69244384765625,1.1545257568359375,0.0031521351254906625
13,4,11,L4H11,0.9303741455078125,0.20587921142578125,0.2108001708984375,0.7244949340820312,0.0067922620865407905
14,4,11,L4H11,0.9232177734375,0.32161712646484375,0.327239990234375,0.6016006469726562,0.009346505522935082
15,4,11,L4H11,0.989288330078125,0.3269500732421875,0.3155670166015625,0.6623382568359375,-0.017186168129564357
16,4,11,L4H11,0.924041748046875,-0.5454788208007812,-0.5422439575195312,1.4695205688476562,0.002201305207852014
17,4,11,L4H11,1.2387847900390625,0.278106689453125,0.27414703369140625,0.9606781005859375,-0.004121730014771518
18,4,11,L4H11,0.9242019653320312,-0.08154296875,-0.0782928466796875,1.0057449340820312,0.003231556988431633
19,4,11,L4H11,1.2661972045898438,0.3300018310546875,0.3377685546875,0.9361953735351562,0.008296050004482148
20,4,11,L4H11,0.8046112060546875,-0.3928375244140625,-0.39080810546875,1.19744873046875,0.0016947856669555024
1,5,0,L5H0,1.0762939453125,-0.21822357177734375,-0.2155609130859375,1.2945175170898438,0.002056873434507146
2,5,0,L5H0,1.0695114135742188,-0.5381088256835938,-0.5344009399414062,1.6076202392578125,0.0023064438053475326
3,5,0,L5H0,1.0176162719726562,-0.01616668701171875,-0.012969970703125,1.033782958984375,0.003092250922509225
4,5,0,L5H0,1.1721267700195312,-0.171600341796875,-0.1712799072265625,1.3437271118164062,0.00023846699787083038
5,5,0,L5H0,0.8647003173828125,0.14643096923828125,0.143463134765625,0.7182693481445312,-0.004131924159541133
6,5,0,L5H0,1.33782958984375,0.42436981201171875,0.4319000244140625,0.9134597778320312,0.008243616834684997
7,5,0,L5H0,0.7145462036132812,-0.17333984375,-0.16892242431640625,0.8878860473632812,0.004975209878240546
8,5,0,L5H0,0.9897918701171875,-0.269012451171875,-0.26682281494140625,1.2588043212890625,0.0017394571923827534
9,5,0,L5H0,0.9612808227539062,-0.08667755126953125,-0.08582305908203125,1.0479583740234375,0.0008153875274829278
10,5,0,L5H0,1.1173248291015625,-0.10051727294921875,-0.0991363525390625,1.2178421020507812,0.001133907595927956
11,5,0,L5H0,1.19085693359375,0.0048065185546875,0.007965087890625,1.1860504150390625,0.0026630987147654027
12,5,0,L5H0,0.45844268798828125,-0.6960830688476562,-0.69366455078125,1.1545257568359375,0.002094815167254801
13,5,0,L5H0,0.9303741455078125,0.20587921142578125,0.209136962890625,0.7244949340820312,0.004496582807678942
14,5,0,L5H0,0.9232177734375,0.32161712646484375,0.31516265869140625,0.6016006469726562,-0.010728824521578126
15,5,0,L5H0,0.989288330078125,0.3269500732421875,0.32806396484375,0.6623382568359375,0.0016817563987375308
16,5,0,L5H0,0.924041748046875,-0.5454788208007812,-0.5427780151367188,1.4695205688476562,0.0018378821782538042
17,5,0,L5H0,1.2387847900390625,0.278106689453125,0.27886962890625,0.9606781005859375,0.0007941676329039533
18,5,0,L5H0,0.9242019653320312,-0.08154296875,-0.0780792236328125,1.0057449340820312,0.003443959795183008
19,5,0,L5H0,1.2661972045898438,0.3300018310546875,0.3374786376953125,0.9361953735351562,0.007986374267576136
20,5,0,L5H0,0.8046112060546875,-0.3928375244140625,-0.3893280029296875,1.19744873046875,0.0029308323563892145
1,5,1,L5H1,1.0762939453125,-0.21822357177734375,-0.21807098388671875,1.2945175170898438,0.00011787240312361869
2,5,1,L5H1,1.0695114135742188,-0.5381088256835938,-0.538177490234375,1.6076202392578125,-4.271192232125061e-05
3,5,1,L5H1,1.0176162719726562,-0.01616668701171875,-0.01617431640625,1.033782958984375,-7.380073800738008e-06
4,5,1,L5H1,1.1721267700195312,-0.171600341796875,-0.1716461181640625,1.3437271118164062,-3.40667139815472e-05
5,5,1,L5H1,0.8647003173828125,0.14643096923828125,0.146484375,0.7182693481445312,7.435339104572733e-05
6,5,1,L5H1,1.33782958984375,0.42436981201171875,0.4245147705078125,0.9134597778320312,0.00015869171211652984
7,5,1,L5H1,0.7145462036132812,-0.17333984375,-0.1735076904296875,0.8878860473632812,-0.00018904078984679105
8,5,1,L5H1,0.9897918701171875,-0.269012451171875,-0.269317626953125,1.2588043212890625,-0.0002424330581718123
9,5,1,L5H1,0.9612808227539062,-0.08667755126953125,-0.08650970458984375,1.0479583740234375,0.00016016540718414654
10,5,1,L5H1,1.1173248291015625,-0.10051727294921875,-0.1006622314453125,1.2178421020507812,-0.00011902897415818324
11,5,1,L5H1,1.19085693359375,0.0048065185546875,0.00498199462890625,1.1860504150390625,0.00014794992859807794
12,5,1,L5H1,0.45844268798828125,-0.6960830688476562,-0.6960296630859375,1.1545257568359375,4.625774817281895e-05
13,5,1,L5H1,0.9303741455078125,0.20587921142578125,0.2058563232421875,0.7244949340820312,-3.159191668158507e-05
14,5,1,L5H1,0.9232177734375,0.32161712646484375,0.3217010498046875,0.6016006469726562,0.0001395000824318669
15,5,1,L5H1,0.989288330078125,0.3269500732421875,0.3268280029296875,0.6623382568359375,-0.00018430207109452392
16,5,1,L5H1,0.924041748046875,-0.5454788208007812,-0.5456695556640625,1.4695205688476562,-0.0001297939391422178
17,5,1,L5H1,1.2387847900390625,0.278106689453125,0.2779083251953125,0.9606781005859375,-0.00020648358455502787
18,5,1,L5H1,0.9242019653320312,-0.08154296875,-0.08145904541015625,1.0057449340820312,8.344395979518301e-05
19,5,1,L5H1,1.2661972045898438,0.3300018310546875,0.33010101318359375,0.9361953735351562,0.00010594169946784669
20,5,1,L5H1,0.8046112060546875,-0.3928375244140625,-0.392547607421875,1.19744873046875,0.00024211223813650032
1,5,2,L5H2,1.0762939453125,-0.21822357177734375,-0.21514892578125,1.2945175170898438,0.0023751289229409166
2,5,2,L5H2,1.0695114135742188,-0.5381088256835938,-0.5348968505859375,1.6076202392578125,0.001997968810805167
3,5,2,L5H2,1.0176162719726562,-0.01616668701171875,-0.0125274658203125,1.033782958984375,0.0035202952029520294
4,5,2,L5H2,1.1721267700195312,-0.171600341796875,-0.17057037353515625,1.3437271118164062,0.0007665010645848119
5,5,2,L5H2,0.8647003173828125,0.14643096923828125,0.1485595703125,0.7182693481445312,0.002963513728822561
6,5,2,L5H2,1.33782958984375,0.42436981201171875,0.429229736328125,0.9134597778320312,0.005320348453591027
7,5,2,L5H2,0.7145462036132812,-0.17333984375,-0.16783905029296875,0.8878860473632812,0.0061953822490698335
8,5,2,L5H2,0.9897918701171875,-0.269012451171875,-0.26772308349609375,1.2588043212890625,0.001024279670775907
9,5,2,L5H2,0.9612808227539062,-0.08667755126953125,-0.08197021484375,1.0479583740234375,0.0044919116469372
10,5,2,L5H2,1.1173248291015625,-0.10051727294921875,-0.0968780517578125,1.2178421020507812,0.0029882537196554426
11,5,2,L5H2,1.19085693359375,0.0048065185546875,0.00872802734375,1.1860504150390625,0.003306359273887481
12,5,2,L5H2,0.45844268798828125,-0.6960830688476562,-0.6925430297851562,1.1545257568359375,0.003066227878883999
13,5,2,L5H2,0.9303741455078125,0.20587921142578125,0.2075958251953125,0.7244949340820312,0.0023693937511188802
14,5,2,L5H2,0.9232177734375,0.32161712646484375,0.3271026611328125,0.6016006469726562,0.009118232660773846
15,5,2,L5H2,0.989288330078125,0.3269500732421875,0.3310089111328125,0.6623382568359375,0.00612804386389292
16,5,2,L5H2,0.924041748046875,-0.5454788208007812,-0.5419998168945312,1.4695205688476562,0.002367441449954053
17,5,2,L5H2,1.2387847900390625,0.278106689453125,0.28119659423828125,0.9606781005859375,0.0032163789132610113
18,5,2,L5H2,0.9242019653320312,-0.08154296875,-0.07552337646484375,1.0057449340820312,0.005985207661672672
19,5,2,L5H2,1.2661972045898438,0.3300018310546875,0.33232879638671875,0.9361953735351562,0.002485555256745634
20,5,2,L5H2,0.8046112060546875,-0.3928375244140625,-0.390411376953125,1.19744873046875,0.0020260971507212394
1,5,3,L5H3,1.0762939453125,-0.21822357177734375,-0.21485137939453125,1.2945175170898438,0.002604980109031973
2,5,3,L5H3,1.0695114135742188,-0.5381088256835938,-0.5344085693359375,1.6076202392578125,0.002301698036200727
3,5,3,L5H3,1.0176162719726562,-0.01616668701171875,-0.01458740234375,1.033782958984375,0.0015276752767527674
4,5,3,L5H3,1.1721267700195312,-0.171600341796875,-0.172760009765625,1.3437271118164062,-0.0008630234208658623
5,5,3,L5H3,0.8647003173828125,0.14643096923828125,0.1406097412109375,0.7182693481445312,-0.00810451962398428
6,5,3,L5H3,1.33782958984375,0.42436981201171875,0.43096160888671875,0.9134597778320312,0.007216296803614831
7,5,3,L5H3,0.7145462036132812,-0.17333984375,-0.1725311279296875,0.8878860473632812,0.0009108328965345386
8,5,3,L5H3,0.9897918701171875,-0.269012451171875,-0.2671051025390625,1.2588043212890625,0.001515206613573827
9,5,3,L5H3,0.9612808227539062,-0.08667755126953125,-0.0830078125,1.0479583740234375,0.003501798220707931
10,5,3,L5H3,1.1173248291015625,-0.10051727294921875,-0.1016998291015625,1.2178421020507812,-0.000971025841816758
11,5,3,L5H3,1.19085693359375,0.0048065185546875,0.006134033203125,1.1860504150390625,0.0011192733728724157
12,5,3,L5H3,0.45844268798828125,-0.6960830688476562,-0.6920547485351562,1.1545257568359375,0.0034891558621783433
13,5,3,L5H3,0.9303741455078125,0.20587921142578125,0.2082977294921875,0.7244949340820312,0.003338212529354156
14,5,3,L5H3,0.9232177734375,0.32161712646484375,0.31385040283203125,0.6016006469726562,-0.0129100985377855
15,5,3,L5H3,0.989288330078125,0.3269500732421875,0.324310302734375,0.6623382568359375,-0.00398553228741908
16,5,3,L5H3,0.924041748046875,-0.5454788208007812,-0.538970947265625,1.4695205688476562,0.0044285692035324715
17,5,3,L5H3,1.2387847900390625,0.278106689453125,0.274871826171875,0.9606781005859375,-0.0033672707635127625
18,5,3,L5H3,0.9242019653320312,-0.08154296875,-0.0794830322265625,1.0057449340820312,0.002048169922245401
19,5,3,L5H3,1.2661972045898438,0.3300018310546875,0.34336090087890625,0.9361953735351562,0.014269531982169197
20,5,3,L5H3,0.8046112060546875,-0.3928375244140625,-0.3872833251953125,1.19744873046875,0.004638360772720322
1,5,4,L5H4,1.0762939453125,-0.21822357177734375,-0.2146148681640625,1.2945175170898438,0.0027876823338735817
2,5,4,L5H4,1.0695114135742188,-0.5381088256835938,-0.5362472534179688,1.6076202392578125,0.001157967671820572
3,5,4,L5H4,1.0176162719726562,-0.01616668701171875,-0.01446533203125,1.033782958984375,0.0016457564575645756
4,5,4,L5H4,1.1721267700195312,-0.171600341796875,-0.16742706298828125,1.3437271118164062,0.003105748757984386
5,5,4,L5H4,0.8647003173828125,0.14643096923828125,0.15006256103515625,0.7182693481445312,0.005056030591109459
6,5,4,L5H4,1.33782958984375,0.42436981201171875,0.42015838623046875,0.9134597778320312,-0.00461041184675392
7,5,4,L5H4,0.7145462036132812,-0.17333984375,-0.173370361328125,0.8878860473632812,-3.4371052699416554e-05
8,5,4,L5H4,0.9897918701171875,-0.269012451171875,-0.26914215087890625,1.2588043212890625,-0.00010303404972302023
9,5,4,L5H4,0.9612808227539062,-0.08667755126953125,-0.08701324462890625,1.0479583740234375,-0.0003203308143682931
10,5,4,L5H4,1.1173248291015625,-0.10051727294921875,-0.1049346923828125,1.2178421020507812,-0.0036272513703993737
11,5,4,L5H4,1.19085693359375,0.0048065185546875,0.009490966796875,1.1860504150390625,0.003949619833009559
12,5,4,L5H4,0.45844268798828125,-0.6960830688476562,-0.6927566528320312,1.1545257568359375,0.002881196886192723
13,5,4,L5H4,0.9303741455078125,0.20587921142578125,0.2078399658203125,0.7244949340820312,0.0027063741957224544
14,5,4,L5H4,0.9232177734375,0.32161712646484375,0.32341766357421875,0.6016006469726562,0.002992910859447326
15,5,4,L5H4,0.989288330078125,0.3269500732421875,0.3276214599609375,0.6623382568359375,0.0010136613910198815
16,5,4,L5H4,0.924041748046875,-0.5454788208007812,-0.5467529296875,1.4695205688476562,-0.000867023513470015
17,5,4,L5H4,1.2387847900390625,0.278106689453125,0.27593994140625,0.9606781005859375,-0.0022554360774472274
18,5,4,L5H4,0.9242019653320312,-0.08154296875,-0.08240509033203125,1.0057449340820312,-0.0008571970415323345
19,5,4,L5H4,1.2661972045898438,0.3300018310546875,0.32932281494140625,0.9361953735351562,-0.0007252931732798735
20,5,4,L5H4,0.8046112060546875,-0.3928375244140625,-0.39333343505859375,1.19744873046875,-0.0004141393547071716
1,5,5,L5H5,1.0762939453125,-0.21822357177734375,-0.21819305419921875,1.2945175170898438,2.3574480624723737e-05
2,5,5,L5H5,1.0695114135742188,-0.5381088256835938,-0.5379257202148438,1.6076202392578125,0.00011389845952333495
3,5,5,L5H5,1.0176162719726562,-0.01616668701171875,-0.01598358154296875,1.033782958984375,0.00017712177121771217
4,5,5,L5H5,1.1721267700195312,-0.171600341796875,-0.17138671875,1.3437271118164062,0.0001589779985805536
5,5,5,L5H5,0.8647003173828125,0.14643096923828125,0.1464385986328125,0.7182693481445312,1.0621913006532477e-05
6,5,5,L5H5,1.33782958984375,0.42436981201171875,0.4242095947265625,0.9134597778320312,-0.00017539610286563823
7,5,5,L5H5,0.7145462036132812,-0.17333984375,-0.1729278564453125,0.8878860473632812,0.00046400921144212345
8,5,5,L5H5,0.9897918701171875,-0.269012451171875,-0.2684326171875,1.2588043212890625,0.0004606228105264434
9,5,5,L5H5,0.9612808227539062,-0.08667755126953125,-0.0861968994140625,1.0479583740234375,0.0004586554842091469
10,5,5,L5H5,1.1173248291015625,-0.10051727294921875,-0.100067138671875,1.2178421020507812,0.0003696162881754111
11,5,5,L5H5,1.19085693359375,0.0048065185546875,0.0055389404296875,1.1860504150390625,0.0006175301367571949
12,5,5,L5H5,0.45844268798828125,-0.6960830688476562,-0.6958694458007812,1.1545257568359375,0.0001850309926912758
13,5,5,L5H5,0.9303741455078125,0.20587921142578125,0.20580291748046875,0.7244949340820312,-0.0001053063889386169
14,5,5,L5H5,0.9232177734375,0.32161712646484375,0.32158660888671875,0.6016006469726562,-5.072730270249705e-05
15,5,5,L5H5,0.989288330078125,0.3269500732421875,0.3271942138671875,0.6623382568359375,0.00036860414218904783
16,5,5,L5H5,0.924041748046875,-0.5454788208007812,-0.5449447631835938,1.4695205688476562,0.0003634230295982099
17,5,5,L5H5,1.2387847900390625,0.278106689453125,0.2786102294921875,0.9606781005859375,0.0005241506377166093
18,5,5,L5H5,0.9242019653320312,-0.08154296875,-0.08160400390625,1.0057449340820312,-6.068651621467855e-05
19,5,5,L5H5,1.2661972045898438,0.3300018310546875,0.33028411865234375,0.9361953735351562,0.0003015263754084867
20,5,5,L5H5,0.8046112060546875,-0.3928375244140625,-0.39270782470703125,1.19744873046875,0.00010831336969264488
1,5,6,L5H6,1.0762939453125,-0.21822357177734375,-0.2182159423828125,1.2945175170898438,5.893620156180934e-06
2,5,6,L5H6,1.0695114135742188,-0.5381088256835938,-0.537933349609375,1.6076202392578125,0.00010915269037652933
3,5,6,L5H6,1.0176162719726562,-0.01616668701171875,-0.01699066162109375,1.033782958984375,-0.0007970479704797048
4,5,6,L5H6,1.1721267700195312,-0.171600341796875,-0.1715087890625,1.3437271118164062,6.81334279630944e-05
5,5,6,L5H6,0.8647003173828125,0.14643096923828125,0.14725494384765625,0.7182693481445312,0.0011471666047055075
6,5,6,L5H6,1.33782958984375,0.42436981201171875,0.4230804443359375,0.9134597778320312,-0.00141152101829966
7,5,6,L5H6,0.7145462036132812,-0.17333984375,-0.17409515380859375,0.8878860473632812,-0.0008506835543105597
8,5,6,L5H6,0.9897918701171875,-0.269012451171875,-0.2646942138671875,1.2588043212890625,0.003430427773131144
9,5,6,L5H6,0.9612808227539062,-0.08667755126953125,-0.08904266357421875,1.0479583740234375,-0.0022568761921402465
10,5,6,L5H6,1.1173248291015625,-0.10051727294921875,-0.1032562255859375,1.2178421020507812,-0.0022490211433046203
11,5,6,L5H6,1.19085693359375,0.0048065185546875,0.0052032470703125,1.1860504150390625,0.00033449549074348055
12,5,6,L5H6,0.45844268798828125,-0.6960830688476562,-0.6973190307617188,1.1545257568359375,-0.00107053645771381
13,5,6,L5H6,0.9303741455078125,0.20587921142578125,0.2068328857421875,0.7244949340820312,0.0013163298617327114
14,5,6,L5H6,0.9232177734375,0.32161712646484375,0.3225250244140625,0.6016006469726562,0.0015091372553992872
15,5,6,L5H6,0.989288330078125,0.3269500732421875,0.32647705078125,0.6623382568359375,-0.0007141705254912802
16,5,6,L5H6,0.924041748046875,-0.5454788208007812,-0.5434341430664062,1.4695205688476562,0.001391391027604575
17,5,6,L5H6,1.2387847900390625,0.278106689453125,0.2776336669921875,0.9606781005859375,-0.0004923839324004511
18,5,6,L5H6,0.9242019653320312,-0.08154296875,-0.08274078369140625,1.0057449340820312,-0.0011909728807130665
19,5,6,L5H6,1.2661972045898438,0.3300018310546875,0.32855987548828125,0.9361953735351562,-0.0015402293230325403
20,5,6,L5H6,0.8046112060546875,-0.3928375244140625,-0.39368438720703125,1.19744873046875,-0.0007072225903460931
1,5,7,L5H7,1.0762939453125,-0.21822357177734375,-0.21915435791015625,1.2945175170898438,-0.0007190216590540739
2,5,7,L5H7,1.0695114135742188,-0.5381088256835938,-0.5319137573242188,1.6076202392578125,0.0038535645472061657
3,5,7,L5H7,1.0176162719726562,-0.01616668701171875,-0.01690673828125,1.033782958984375,-0.0007158671586715867
4,5,7,L5H7,1.1721267700195312,-0.171600341796875,-0.1711883544921875,1.3437271118164062,0.0003066004258339248
5,5,7,L5H7,0.8647003173828125,0.14643096923828125,0.13128662109375,0.7182693481445312,-0.021084497317966966
6,5,7,L5H7,1.33782958984375,0.42436981201171875,0.41416168212890625,0.9134597778320312,-0.011175237411153522
7,5,7,L5H7,0.7145462036132812,-0.17333984375,-0.178985595703125,0.8878860473632812,-0.006358644749392062
8,5,7,L5H7,0.9897918701171875,-0.269012451171875,-0.26070404052734375,1.2588043212890625,0.00660024000872759
9,5,7,L5H7,0.9612808227539062,-0.08667755126953125,-0.11190032958984375,1.0479583740234375,-0.024068492552308567
10,5,7,L5H7,1.1173248291015625,-0.10051727294921875,-0.099273681640625,1.2178421020507812,0.0010211433046202036
11,5,7,L5H7,1.19085693359375,0.0048065185546875,-0.002532958984375,1.1860504150390625,-0.00618816657875439
12,5,7,L5H7,0.45844268798828125,-0.6960830688476562,-0.6794509887695312,1.1545257568359375,0.014405984430963616
13,5,7,L5H7,0.9303741455078125,0.20587921142578125,0.18952178955078125,0.7244949340820312,-0.022577689788439465
14,5,7,L5H7,0.9232177734375,0.32161712646484375,0.35009765625,0.6016006469726562,0.04734125524710538
15,5,7,L5H7,0.989288330078125,0.3269500732421875,0.3126678466796875,0.6623382568359375,-0.0215633423180593
16,5,7,L5H7,0.924041748046875,-0.5454788208007812,-0.5393905639648438,1.4695205688476562,0.004143022537419593
17,5,7,L5H7,1.2387847900390625,0.278106689453125,0.29532623291015625,0.9606781005859375,0.017924363474642227
18,5,7,L5H7,0.9242019653320312,-0.08154296875,-0.1101531982421875,1.0057449340820312,-0.028446804475630572
19,5,7,L5H7,1.2661972045898438,0.3300018310546875,0.33393096923828125,0.9361953735351562,0.004196921171226235
20,5,7,L5H7,0.8046112060546875,-0.3928375244140625,-0.39061737060546875,1.19744873046875,0.0018540700341505684
1,5,8,L5H8,1.0762939453125,-0.21822357177734375,-0.215850830078125,1.2945175170898438,0.0018329158685722706
2,5,8,L5H8,1.0695114135742188,-0.5381088256835938,-0.537384033203125,1.6076202392578125,0.00045084806894653414
3,5,8,L5H8,1.0176162719726562,-0.01616668701171875,-0.01599884033203125,1.033782958984375,0.00016236162361623615
4,5,8,L5H8,1.1721267700195312,-0.171600341796875,-0.1699066162109375,1.3437271118164062,0.0012604684173172463
5,5,8,L5H8,0.8647003173828125,0.14643096923828125,0.14789581298828125,0.7182693481445312,0.0020394072972542356
6,5,8,L5H8,1.33782958984375,0.42436981201171875,0.4234161376953125,0.9134597778320312,-0.0010440244218192752
7,5,8,L5H8,0.7145462036132812,-0.17333984375,-0.177154541015625,0.8878860473632812,-0.004296381587427069
8,5,8,L5H8,0.9897918701171875,-0.269012451171875,-0.26578521728515625,1.2588043212890625,0.002563729590166915
9,5,8,L5H8,0.9612808227539062,-0.08667755126953125,-0.08963775634765625,1.0479583740234375,-0.002824735363065857
10,5,8,L5H8,1.1173248291015625,-0.10051727294921875,-0.10343170166015625,1.2178421020507812,-0.002393108848864526
11,5,8,L5H8,1.19085693359375,0.0048065185546875,0.00699615478515625,1.1860504150390625,0.0018461578046803638
12,5,8,L5H8,0.45844268798828125,-0.6960830688476562,-0.6949234008789062,1.1545257568359375,0.0010044539603240685
13,5,8,L5H8,0.9303741455078125,0.20587921142578125,0.205596923828125,0.7244949340820312,-0.0003896336390728826
14,5,8,L5H8,0.9232177734375,0.32161712646484375,0.322235107421875,0.6016006469726562,0.0010272278797255653
15,5,8,L5H8,0.989288330078125,0.3269500732421875,0.328369140625,0.6623382568359375,0.0021425115764738406
16,5,8,L5H8,0.924041748046875,-0.5454788208007812,-0.5424118041992188,1.4695205688476562,0.0020870865414068626
17,5,8,L5H8,1.2387847900390625,0.278106689453125,0.27945709228515625,0.9606781005859375,0.0014056767102399975
18,5,8,L5H8,0.9242019653320312,-0.08154296875,-0.0828399658203125,1.0057449340820312,-0.0012895884695619192
19,5,8,L5H8,1.2661972045898438,0.3300018310546875,0.33071136474609375,0.9361953735351562,0.0007578906192699802
20,5,8,L5H8,0.8046112060546875,-0.3928375244140625,-0.39255523681640625,1.19744873046875,0.0002357408634486977
1,5,9,L5H9,1.0762939453125,-0.21822357177734375,-0.21126556396484375,1.2945175170898438,0.005374981582437012
2,5,9,L5H9,1.0695114135742188,-0.5381088256835938,-0.531494140625,1.6076202392578125,0.004114581850280475
3,5,9,L5H9,1.0176162719726562,-0.01616668701171875,-0.0107421875,1.033782958984375,0.005247232472324723
4,5,9,L5H9,1.1721267700195312,-0.171600341796875,-0.17092132568359375,1.3437271118164062,0.0005053229240596168
5,5,9,L5H9,0.8647003173828125,0.14643096923828125,0.14923095703125,0.7182693481445312,0.003898242073397419
6,5,9,L5H9,1.33782958984375,0.42436981201171875,0.42827606201171875,0.9134597778320312,0.004276324031771751
7,5,9,L5H9,0.7145462036132812,-0.17333984375,-0.164459228515625,0.8878860473632812,0.010001976335530216
8,5,9,L5H9,0.9897918701171875,-0.269012451171875,-0.263641357421875,1.2588043212890625,0.004266821823823897
9,5,9,L5H9,0.9612808227539062,-0.08667755126953125,-0.0781707763671875,1.0479583740234375,0.00811747404592379
10,5,9,L5H9,1.1173248291015625,-0.10051727294921875,-0.09795379638671875,1.2178421020507812,0.002104933437744714
11,5,9,L5H9,1.19085693359375,0.0048065185546875,0.00914764404296875,1.1860504150390625,0.003660152581404624
12,5,9,L5H9,0.45844268798828125,-0.6960830688476562,-0.6876373291015625,1.1545257568359375,0.0073153324610443675
13,5,9,L5H9,0.9303741455078125,0.20587921142578125,0.21514892578125,0.7244949340820312,0.012794726256041954
14,5,9,L5H9,0.9232177734375,0.32161712646484375,0.3189239501953125,0.6016006469726562,-0.004476684463495365
15,5,9,L5H9,0.989288330078125,0.3269500732421875,0.3304595947265625,0.6623382568359375,0.0052986845439675625
16,5,9,L5H9,0.924041748046875,-0.5454788208007812,-0.5348892211914062,1.4695205688476562,0.007206159501175933
17,5,9,L5H9,1.2387847900390625,0.278106689453125,0.2813720703125,0.9606781005859375,0.0033990374688289203
18,5,9,L5H9,0.9242019653320312,-0.08154296875,-0.07470703125,1.0057449340820312,0.0067968898160439975
19,5,9,L5H9,1.2661972045898438,0.3300018310546875,0.333160400390625,0.9361953735351562,0.0033738356599760408
20,5,9,L5H9,0.8046112060546875,-0.3928375244140625,-0.3896331787109375,1.19744873046875,0.002675977368877109
1,5,10,L5H10,1.0762939453125,-0.21822357177734375,-0.2135467529296875,1.2945175170898438,0.0036127891557389126
2,5,10,L5H10,1.0695114135742188,-0.5381088256835938,-0.541259765625,1.6076202392578125,-0.001960002657630722
3,5,10,L5H10,1.0176162719726562,-0.01616668701171875,-0.0134429931640625,1.033782958984375,0.0026346863468634687
4,5,10,L5H10,1.1721267700195312,-0.171600341796875,-0.1584625244140625,1.3437271118164062,0.009777146912704045
5,5,10,L5H10,0.8647003173828125,0.14643096923828125,0.15161895751953125,0.7182693481445312,0.007222900844442084
6,5,10,L5H10,1.33782958984375,0.42436981201171875,0.4063873291015625,0.9134597778320312,-0.019686124497824253
7,5,10,L5H10,0.7145462036132812,-0.17333984375,-0.1749725341796875,0.8878860473632812,-0.0018388513194187855
8,5,10,L5H10,0.9897918701171875,-0.269012451171875,-0.25775909423828125,1.2588043212890625,0.00893971902008558
9,5,10,L5H10,0.9612808227539062,-0.08667755126953125,-0.09270477294921875,1.0479583740234375,-0.005751394167067081
10,5,10,L5H10,1.1173248291015625,-0.10051727294921875,-0.1045684814453125,1.2178421020507812,-0.0033265465935787
11,5,10,L5H10,1.19085693359375,0.0048065185546875,0.00678253173828125,1.1860504150390625,0.001666044848126182
12,5,10,L5H10,0.45844268798828125,-0.6960830688476562,-0.6868515014648438,1.1545257568359375,0.007995982184158704
13,5,10,L5H10,0.9303741455078125,0.20587921142578125,0.1952667236328125,0.7244949340820312,-0.014648118701361611
14,5,10,L5H10,0.9232177734375,0.32161712646484375,0.3286590576171875,0.6016006469726562,0.011705325098601194
15,5,10,L5H10,0.989288330078125,0.3269500732421875,0.3186187744140625,0.6623382568359375,-0.012578616352201259
16,5,10,L5H10,0.924041748046875,-0.5454788208007812,-0.5616073608398438,1.4695205688476562,-0.010975375493865938
17,5,10,L5H10,1.2387847900390625,0.278106689453125,0.2818756103515625,0.9606781005859375,0.0039231881065455295
18,5,10,L5H10,0.9242019653320312,-0.08154296875,-0.08984375,1.0057449340820312,-0.008253366205196283
19,5,10,L5H10,1.2661972045898438,0.3300018310546875,0.3140716552734375,0.9361953735351562,-0.017015866806835686
20,5,10,L5H10,0.8046112060546875,-0.3928375244140625,-0.387298583984375,1.19744873046875,0.0046256180233447165
1,5,11,L5H11,1.0762939453125,-0.21822357177734375,-0.22259521484375,1.2945175170898438,-0.0033770443494916752
2,5,11,L5H11,1.0695114135742188,-0.5381088256835938,-0.5506591796875,1.6076202392578125,-0.00780679024649525
3,5,11,L5H11,1.0176162719726562,-0.01616668701171875,-0.0193939208984375,1.033782958984375,-0.003121771217712177
4,5,11,L5H11,1.1721267700195312,-0.171600341796875,-0.18011474609375,1.3437271118164062,-0.006336408800567779
5,5,11,L5H11,0.8647003173828125,0.14643096923828125,0.148712158203125,0.7182693481445312,0.0031759519889532103
6,5,11,L5H11,1.33782958984375,0.42436981201171875,0.43350982666015625,0.9134597778320312,0.010005930058715933
7,5,11,L5H11,0.7145462036132812,-0.17333984375,-0.17409515380859375,0.8878860473632812,-0.0008506835543105597
8,5,11,L5H11,0.9897918701171875,-0.269012451171875,-0.2808837890625,1.2588043212890625,-0.009430645962883498
9,5,11,L5H11,0.9612808227539062,-0.08667755126953125,-0.0795440673828125,1.0479583740234375,0.006807029805326228
10,5,11,L5H11,1.1173248291015625,-0.10051727294921875,-0.08980560302734375,1.2178421020507812,0.0087956147220047
11,5,11,L5H11,1.19085693359375,0.0048065185546875,0.00030517578125,1.1860504150390625,-0.00379523729882026
12,5,11,L5H11,0.45844268798828125,-0.6960830688476562,-0.6970062255859375,1.1545257568359375,-0.0007995982184158703
13,5,11,L5H11,0.9303741455078125,0.20587921142578125,0.207244873046875,0.7244949340820312,0.0018849843620012427
14,5,11,L5H11,0.9232177734375,0.32161712646484375,0.31472015380859375,0.6016006469726562,-0.011464370410764334
15,5,11,L5H11,0.989288330078125,0.3269500732421875,0.338104248046875,0.6623382568359375,0.016840601746262125
16,5,11,L5H11,0.924041748046875,-0.5454788208007812,-0.5535354614257812,1.4695205688476562,-0.00548249598936728
17,5,11,L5H11,1.2387847900390625,0.278106689453125,0.275360107421875,0.9606781005859375,-0.002859003478454232
18,5,11,L5H11,0.9242019653320312,-0.08154296875,-0.0745086669921875,1.0057449340820312,0.006994120993741703
19,5,11,L5H11,1.2661972045898438,0.3300018310546875,0.3321533203125,0.9361953735351562,0.0022981199423025207
20,5,11,L5H11,0.8046112060546875,-0.3928375244140625,-0.39452362060546875,1.19744873046875,-0.0014080738060043836
1,6,0,L6H0,1.0762939453125,-0.21822357177734375,-0.21079254150390625,1.2945175170898438,0.00574038603212023
2,6,0,L6H0,1.0695114135742188,-0.5381088256835938,-0.5343780517578125,1.6076202392578125,0.0023206811127879493
3,6,0,L6H0,1.0176162719726562,-0.01616668701171875,-0.01125335693359375,1.033782958984375,0.0047527675276752765
4,6,0,L6H0,1.1721267700195312,-0.171600341796875,-0.1684112548828125,1.3437271118164062,0.0023733144073811215
5,6,0,L6H0,0.8647003173828125,0.14643096923828125,0.1431427001953125,0.7182693481445312,-0.004578044505815497
6,6,0,L6H0,1.33782958984375,0.42436981201171875,0.423187255859375,0.9134597778320312,-0.0012945902830559012
7,6,0,L6H0,0.7145462036132812,-0.17333984375,-0.1753997802734375,0.8878860473632812,-0.0023200460572106174
8,6,0,L6H0,0.9897918701171875,-0.269012451171875,-0.2705078125,1.2588043212890625,-0.0011879219850418803
9,6,0,L6H0,0.9612808227539062,-0.08667755126953125,-0.08127593994140625,1.0479583740234375,0.005154414013017079
10,6,0,L6H0,1.1173248291015625,-0.10051727294921875,-0.098297119140625,1.2178421020507812,0.0018230227094753327
11,6,0,L6H0,1.19085693359375,0.0048065185546875,0.00658416748046875,1.1860504150390625,0.0014987971027544417
12,6,0,L6H0,0.45844268798828125,-0.6960830688476562,-0.69024658203125,1.1545257568359375,0.005055311050315214
13,6,0,L6H0,0.9303741455078125,0.20587921142578125,0.21341705322265625,0.7244949340820312,0.01040427122713535
14,6,0,L6H0,0.9232177734375,0.32161712646484375,0.3165435791015625,0.6016006469726562,-0.008433414074290135
15,6,0,L6H0,0.989288330078125,0.3269500732421875,0.33263397216796875,0.6623382568359375,0.00858156518533877
16,6,0,L6H0,0.924041748046875,-0.5454788208007812,-0.5441207885742188,1.4695205688476562,0.0009241328466925909
17,6,0,L6H0,1.2387847900390625,0.278106689453125,0.275787353515625,0.9606781005859375,-0.0024142696040280183
18,6,0,L6H0,0.9242019653320312,-0.08154296875,-0.082244873046875,1.0057449340820312,-0.0006978949364688033
19,6,0,L6H0,1.2661972045898438,0.3300018310546875,0.330657958984375,0.9361953735351562,0.0007008450887872936
20,6,0,L6H0,0.8046112060546875,-0.3928375244140625,-0.38636016845703125,1.19744873046875,0.005409297109944442
1,6,1,L6H1,1.0762939453125,-0.21822357177734375,-0.2142333984375,1.2945175170898438,0.0030823633416826287
2,6,1,L6H1,1.0695114135742188,-0.5381088256835938,-0.5340042114257812,1.6076202392578125,0.002553223800981425
3,6,1,L6H1,1.0176162719726562,-0.01616668701171875,-0.01519775390625,1.033782958984375,0.0009372693726937269
4,6,1,L6H1,1.1721267700195312,-0.171600341796875,-0.165802001953125,1.3437271118164062,0.004315117104329312
5,6,1,L6H1,0.8647003173828125,0.14643096923828125,0.15497589111328125,0.7182693481445312,0.011896542567316374
6,6,1,L6H1,1.33782958984375,0.42436981201171875,0.41701507568359375,0.9134597778320312,-0.00805151634107025
7,6,1,L6H1,0.7145462036132812,-0.17333984375,-0.17012786865234375,0.8878860473632812,0.003617553296613592
8,6,1,L6H1,0.9897918701171875,-0.269012451171875,-0.273223876953125,1.2588043212890625,-0.00334557620277101
9,6,1,L6H1,0.9612808227539062,-0.08667755126953125,-0.085052490234375,1.0479583740234375,0.0015506923513737823
10,6,1,L6H1,1.1173248291015625,-0.10051727294921875,-0.0912322998046875,1.2178421020507812,0.0076241190289741585
11,6,1,L6H1,1.19085693359375,0.0048065185546875,0.01125335693359375,1.1860504150390625,0.005435551724581559
12,6,1,L6H1,0.45844268798828125,-0.6960830688476562,-0.6886367797851562,1.1545257568359375,0.006449651745238756
13,6,1,L6H1,0.9303741455078125,0.20587921142578125,0.2100372314453125,0.7244949340820312,0.005739198197154622
14,6,1,L6H1,0.9232177734375,0.32161712646484375,0.31867218017578125,0.6016006469726562,-0.0048951847107909655
15,6,1,L6H1,0.989288330078125,0.3269500732421875,0.33390045166015625,0.6623382568359375,0.010493699172944456
16,6,1,L6H1,0.924041748046875,-0.5454788208007812,-0.5372467041015625,1.4695205688476562,0.005601906413378121
17,6,1,L6H1,1.2387847900390625,0.278106689453125,0.29186248779296875,0.9606781005859375,0.01431884242125828
18,6,1,L6H1,0.9242019653320312,-0.08154296875,-0.0831451416015625,1.0057449340820312,-0.001593021050635312
19,6,1,L6H1,1.2661972045898438,0.3300018310546875,0.322357177734375,0.9361953735351562,-0.008165660220521722
20,6,1,L6H1,0.8046112060546875,-0.3928375244140625,-0.390899658203125,1.19744873046875,0.0016183291707018706
1,6,2,L6H2,1.0762939453125,-0.21822357177734375,-0.2157440185546875,1.2945175170898438,0.0019154265507588036
2,6,2,L6H2,1.0695114135742188,-0.5381088256835938,-0.5348052978515625,1.6076202392578125,0.002054918040566835
3,6,2,L6H2,1.0176162719726562,-0.01616668701171875,-0.0149993896484375,1.033782958984375,0.001129151291512915
4,6,2,L6H2,1.1721267700195312,-0.171600341796875,-0.1693115234375,1.3437271118164062,0.0017033356990773599
5,6,2,L6H2,0.8647003173828125,0.14643096923828125,0.15421295166015625,0.7182693481445312,0.010834351266663126
6,6,2,L6H2,1.33782958984375,0.42436981201171875,0.44118499755859375,0.9134597778320312,0.01840823860551746
7,6,2,L6H2,0.7145462036132812,-0.17333984375,-0.16437530517578125,0.8878860473632812,0.010096496730453612
8,6,2,L6H2,0.9897918701171875,-0.269012451171875,-0.2672271728515625,1.2588043212890625,0.001418233390305102
9,6,2,L6H2,0.9612808227539062,-0.08667755126953125,-0.083251953125,1.0479583740234375,0.003268830355712809
10,6,2,L6H2,1.1173248291015625,-0.10051727294921875,-0.090240478515625,1.2178421020507812,0.008438527799530148
11,6,2,L6H2,1.19085693359375,0.0048065185546875,0.01972198486328125,1.1860504150390625,0.012575743930836625
12,6,2,L6H2,0.45844268798828125,-0.6960830688476562,-0.6865158081054688,1.1545257568359375,0.008286745172673566
13,6,2,L6H2,0.9303741455078125,0.20587921142578125,0.20123291015625,0.7244949340820312,-0.006413159086361769
14,6,2,L6H2,0.9232177734375,0.32161712646484375,0.3141937255859375,0.6016006469726562,-0.012339416382382408
15,6,2,L6H2,0.989288330078125,0.3269500732421875,0.32210540771484375,0.6623382568359375,-0.007314488446563918
16,6,2,L6H2,0.924041748046875,-0.5454788208007812,-0.537628173828125,1.4695205688476562,0.005342318535093685
17,6,2,L6H2,1.2387847900390625,0.278106689453125,0.278533935546875,0.9606781005859375,0.0004447338744262139
18,6,2,L6H2,0.9242019653320312,-0.08154296875,-0.0762939453125,1.0057449340820312,0.0052190403944623555
19,6,2,L6H2,1.2661972045898438,0.3300018310546875,0.34873199462890625,0.9361953735351562,0.02000668247642797
20,6,2,L6H2,0.8046112060546875,-0.3928375244140625,-0.39015960693359375,1.19744873046875,0.002236352515418727
1,6,3,L6H3,1.0762939453125,-0.21822357177734375,-0.16318511962890625,1.2945175170898438,0.04251657580668926
2,6,3,L6H3,1.0695114135742188,-0.5381088256835938,-0.4938507080078125,1.6076202392578125,0.027530206820619418
3,6,3,L6H3,1.0176162719726562,-0.01616668701171875,0.02787017822265625,1.033782958984375,0.04259778597785978
4,6,3,L6H3,1.1721267700195312,-0.171600341796875,-0.113189697265625,1.3437271118164062,0.04346912704045422
5,6,3,L6H3,0.8647003173828125,0.14643096923828125,0.20306396484375,0.7182693481445312,0.07884646024749058
6,6,3,L6H3,1.33782958984375,0.42436981201171875,0.4412689208984375,0.9134597778320312,0.018500112754637556
7,6,3,L6H3,0.7145462036132812,-0.17333984375,-0.11838531494140625,0.8878860473632812,0.061893673148474354
8,6,3,L6H3,0.9897918701171875,-0.269012451171875,-0.18975067138671875,1.2588043212890625,0.06296592603367396
9,6,3,L6H3,0.9612808227539062,-0.08667755126953125,-0.06569671630859375,1.0479583740234375,0.020020675898018318
10,6,3,L6H3,1.1173248291015625,-0.10051727294921875,-0.0730743408203125,1.2178421020507812,0.02253406421299922
11,6,3,L6H3,1.19085693359375,0.0048065185546875,0.08016204833984375,1.1860504150390625,0.06353484542448765
12,6,3,L6H3,0.45844268798828125,-0.6960830688476562,-0.6314239501953125,1.1545257568359375,0.056004916537805795
13,6,3,L6H3,0.9303741455078125,0.20587921142578125,0.23761749267578125,0.7244949340820312,0.043807457798464636
14,6,3,L6H3,0.9232177734375,0.32161712646484375,0.3728790283203125,0.6016006469726562,0.08520918671451942
15,6,3,L6H3,0.989288330078125,0.3269500732421875,0.34912109375,0.6623382568359375,0.03347386366254291
16,6,3,L6H3,0.924041748046875,-0.5454788208007812,-0.45218658447265625,1.4695205688476562,0.06348481151324158
17,6,3,L6H3,1.2387847900390625,0.278106689453125,0.31987762451171875,0.9606781005859375,0.043480677901491446
18,6,3,L6H3,0.9242019653320312,-0.08154296875,-0.04468536376953125,1.0057449340820312,0.03664706997913901
19,6,3,L6H3,1.2661972045898438,0.3300018310546875,0.37020111083984375,0.9361953735351562,0.04293898573046802
20,6,3,L6H3,0.8046112060546875,-0.3928375244140625,-0.32950592041015625,1.19744873046875,0.05288878128344972
1,6,4,L6H4,1.0762939453125,-0.21822357177734375,-0.19261932373046875,1.2945175170898438,0.019778989244143216
2,6,4,L6H4,1.0695114135742188,-0.5381088256835938,-0.50836181640625,1.6076202392578125,0.018503753903395124
3,6,4,L6H4,1.0176162719726562,-0.01616668701171875,0.01244354248046875,1.033782958984375,0.027675276752767528
4,6,4,L6H4,1.1721267700195312,-0.171600341796875,-0.1401519775390625,1.3437271118164062,0.023403832505322925
5,6,4,L6H4,0.8647003173828125,0.14643096923828125,0.15816497802734375,0.7182693481445312,0.01633650220404695
6,6,4,L6H4,1.33782958984375,0.42436981201171875,0.458953857421875,0.9134597778320312,0.0378605016328542
7,6,4,L6H4,0.7145462036132812,-0.17333984375,-0.12497711181640625,0.8878860473632812,0.05446952576540038
8,6,4,L6H4,0.9897918701171875,-0.269012451171875,-0.2169342041015625,1.2588043212890625,0.04137120137701977
9,6,4,L6H4,0.9612808227539062,-0.08667755126953125,-0.06815338134765625,1.0479583740234375,0.0176764367565049
10,6,4,L6H4,1.1173248291015625,-0.10051727294921875,-0.05371856689453125,1.2178421020507812,0.03842756460454189
11,6,4,L6H4,1.19085693359375,0.0048065185546875,0.04628753662109375,1.1860504150390625,0.03497407659946738
12,6,4,L6H4,0.45844268798828125,-0.6960830688476562,-0.6256637573242188,1.1545257568359375,0.06099414509073127
13,6,4,L6H4,0.9303741455078125,0.20587921142578125,0.21307373046875,0.7244949340820312,0.009930392476911574
14,6,4,L6H4,0.9232177734375,0.32161712646484375,0.30266571044921875,0.6016006469726562,-0.03150165497825067
15,6,4,L6H4,0.989288330078125,0.3269500732421875,0.3357086181640625,0.6623382568359375,0.013223673601032092
16,6,4,L6H4,0.924041748046875,-0.5454788208007812,-0.4950408935546875,1.4695205688476562,0.03432270926676808
17,6,4,L6H4,1.2387847900390625,0.278106689453125,0.271759033203125,0.9606781005859375,-0.006607474705760892
18,6,4,L6H4,0.9242019653320312,-0.08154296875,-0.06821441650390625,1.0057449340820312,0.013252417978380428
19,6,4,L6H4,1.2661972045898438,0.3300018310546875,0.37320709228515625,0.9361953735351562,0.04614983416049352
20,6,4,L6H4,0.8046112060546875,-0.3928375244140625,-0.37103271484375,1.19744873046875,0.018209388857739945
1,6,5,L6H5,1.0762939453125,-0.21822357177734375,-0.2558135986328125,1.2945175170898438,-0.029037866509503463
2,6,5,L6H5,1.0695114135742188,-0.5381088256835938,-0.5821914672851562,1.6076202392578125,-0.02742105413024289
3,6,5,L6H5,1.0176162719726562,-0.01616668701171875,-0.04543304443359375,1.033782958984375,-0.028309963099630995
4,6,5,L6H5,1.1721267700195312,-0.171600341796875,-0.22266387939453125,1.3437271118164062,-0.0380014194464159
5,6,5,L6H5,0.8647003173828125,0.14643096923828125,0.09781646728515625,0.7182693481445312,-0.06768282967762494
6,6,5,L6H5,1.33782958984375,0.42436981201171875,0.4068145751953125,0.9134597778320312,-0.01921840155684922
7,6,5,L6H5,0.7145462036132812,-0.17333984375,-0.28421783447265625,0.8878860473632812,-0.12487862722015519
8,6,5,L6H5,0.9897918701171875,-0.269012451171875,-0.33350372314453125,1.2588043212890625,-0.051232166018158234
9,6,5,L6H5,0.9612808227539062,-0.08667755126953125,-0.10970306396484375,1.0479583740234375,-0.021971781767352466
10,6,5,L6H5,1.1173248291015625,-0.10051727294921875,-0.1481475830078125,1.2178421020507812,-0.03911041503523884
11,6,5,L6H5,1.19085693359375,0.0048065185546875,-0.044586181640625,1.1860504150390625,-0.04164468859756333
12,6,5,L6H5,0.45844268798828125,-0.6960830688476562,-0.7516937255859375,1.1545257568359375,-0.04816753234738247
13,6,5,L6H5,0.9303741455078125,0.20587921142578125,0.17485809326171875,0.7244949340820312,-0.04281757774244163
14,6,5,L6H5,0.9232177734375,0.32161712646484375,0.26206207275390625,0.6016006469726562,-0.098994331223923
15,6,5,L6H5,0.989288330078125,0.3269500732421875,0.2906036376953125,0.6623382568359375,-0.0548759416683945
16,6,5,L6H5,0.924041748046875,-0.5454788208007812,-0.6303939819335938,1.4695205688476562,-0.05778426170611537
17,6,5,L6H5,1.2387847900390625,0.278106689453125,0.23612213134765625,0.9606781005859375,-0.043703044838704554
18,6,5,L6H5,0.9242019653320312,-0.08154296875,-0.13394927978515625,1.0057449340820312,-0.05210695998482837
19,6,5,L6H5,1.2661972045898438,0.3300018310546875,0.30118560791015625,0.9361953735351562,-0.030780138376158228
20,6,5,L6H5,0.8046112060546875,-0.3928375244140625,-0.4398651123046875,1.19744873046875,-0.03927315357561548
1,6,6,L6H6,1.0762939453125,-0.21822357177734375,-0.2392730712890625,1.2945175170898438,-0.016260498010903197
2,6,6,L6H6,1.0695114135742188,-0.5381088256835938,-0.5761184692382812,1.6076202392578125,-0.02364342188938561
3,6,6,L6H6,1.0176162719726562,-0.01616668701171875,-0.0607757568359375,1.033782958984375,-0.04315129151291513
4,6,6,L6H6,1.1721267700195312,-0.171600341796875,-0.20655059814453125,1.3437271118164062,-0.026009936124911284
5,6,6,L6H6,0.8647003173828125,0.14643096923828125,0.1371917724609375,0.7182693481445312,-0.01286313665091083
6,6,6,L6H6,1.33782958984375,0.42436981201171875,0.4040679931640625,0.9134597778320312,-0.02222519189168873
7,6,6,L6H6,0.7145462036132812,-0.17333984375,-0.24535369873046875,0.8878860473632812,-0.08110709160744821
8,6,6,L6H6,0.9897918701171875,-0.269012451171875,-0.307281494140625,1.2588043212890625,-0.030401105494745263
9,6,6,L6H6,0.9612808227539062,-0.08667755126953125,-0.08240509033203125,1.0479583740234375,0.004076937637414639
10,6,6,L6H6,1.1173248291015625,-0.10051727294921875,-0.13165283203125,1.2178421020507812,-0.025566170712607673
11,6,6,L6H6,1.19085693359375,0.0048065185546875,-0.02397918701171875,1.1860504150390625,-0.024270220895676004
12,6,6,L6H6,0.45844268798828125,-0.6960830688476562,-0.7446823120117188,1.1545257568359375,-0.042094550837265245
13,6,6,L6H6,0.9303741455078125,0.20587921142578125,0.1933441162109375,0.7244949340820312,-0.017301839702614757
14,6,6,L6H6,0.9232177734375,0.32161712646484375,0.34664154052734375,0.6016006469726562,0.04159638821604758
15,6,6,L6H6,0.989288330078125,0.3269500732421875,0.2861480712890625,0.6623382568359375,-0.06160296726334462
16,6,6,L6H6,0.924041748046875,-0.5454788208007812,-0.6212615966796875,1.4695205688476562,-0.051569727899985984
17,6,6,L6H6,1.2387847900390625,0.278106689453125,0.26018524169921875,0.9606781005859375,-0.018654997696913863
18,6,6,L6H6,0.9242019653320312,-0.08154296875,-0.0892181396484375,1.0057449340820312,-0.007631329413995828
19,6,6,L6H6,1.2661972045898438,0.3300018310546875,0.319427490234375,0.9361953735351562,-0.011295015035571962
20,6,6,L6H6,0.8046112060546875,-0.3928375244140625,-0.42075347900390625,1.19744873046875,-0.02331285998266986
1,6,7,L6H7,1.0762939453125,-0.21822357177734375,-0.17475128173828125,1.2945175170898438,0.033581847649918964
2,6,7,L6H7,1.0695114135742188,-0.5381088256835938,-0.474090576171875,1.6076202392578125,0.03982174891084598
3,6,7,L6H7,1.0176162719726562,-0.01616668701171875,0.0353546142578125,1.033782958984375,0.04983763837638376
4,6,7,L6H7,1.1721267700195312,-0.171600341796875,-0.11267852783203125,1.3437271118164062,0.04384953867991483
5,6,7,L6H7,0.8647003173828125,0.14643096923828125,0.18250274658203125,0.7182693481445312,0.05022040469488555
6,6,7,L6H7,1.33782958984375,0.42436981201171875,0.4300689697265625,0.9134597778320312,0.006239089944791988
7,6,7,L6H7,0.7145462036132812,-0.17333984375,-0.0424957275390625,0.8878860473632812,0.14736588844874846
8,6,7,L6H7,0.9897918701171875,-0.269012451171875,-0.1666717529296875,1.2588043212890625,0.08129992605791726
9,6,7,L6H7,0.9612808227539062,-0.08667755126953125,-0.02214813232421875,1.0479583740234375,0.06157631881652324
10,6,7,L6H7,1.1173248291015625,-0.10051727294921875,-0.022613525390625,1.2178421020507812,0.06396867658574784
11,6,7,L6H7,1.19085693359375,0.0048065185546875,0.08426666259765625,1.1860504150390625,0.06699558723256442
12,6,7,L6H7,0.45844268798828125,-0.6960830688476562,-0.5738449096679688,1.1545257568359375,0.1058773773178436
13,6,7,L6H7,0.9303741455078125,0.20587921142578125,0.21622467041015625,0.7244949340820312,0.014279546340076452
14,6,7,L6H7,0.9232177734375,0.32161712646484375,0.38314056396484375,0.6016006469726562,0.10226624224823405
15,6,7,L6H7,0.989288330078125,0.3269500732421875,0.379425048828125,0.6623382568359375,0.07922685281175847
16,6,7,L6H7,0.924041748046875,-0.5454788208007812,-0.40277862548828125,1.4695205688476562,0.09710663350864168
17,6,7,L6H7,1.2387847900390625,0.278106689453125,0.32979583740234375,0.9606781005859375,0.05380485712924284
18,6,7,L6H7,0.9242019653320312,-0.08154296875,0.0156097412109375,1.0057449340820312,0.09659776218471458
19,6,7,L6H7,1.2661972045898438,0.3300018310546875,0.3705902099609375,0.9361953735351562,0.04335460316684188
20,6,7,L6H7,0.8046112060546875,-0.3928375244140625,-0.3424224853515625,1.19744873046875,0.042102043936999844
1,6,8,L6H8,1.0762939453125,-0.21822357177734375,-0.21657562255859375,1.2945175170898438,0.0012730219537350818
2,6,8,L6H8,1.0695114135742188,-0.5381088256835938,-0.5437469482421875,1.6076202392578125,-0.0035071233994893552
3,6,8,L6H8,1.0176162719726562,-0.01616668701171875,-0.0155181884765625,1.033782958984375,0.0006273062730627306
4,6,8,L6H8,1.1721267700195312,-0.171600341796875,-0.1773681640625,1.3437271118164062,-0.004292405961674947
5,6,8,L6H8,0.8647003173828125,0.14643096923828125,0.14604949951171875,0.7182693481445312,-0.0005310956503266238
6,6,8,L6H8,1.33782958984375,0.42436981201171875,0.4271697998046875,0.9134597778320312,0.003065255702461392
7,6,8,L6H8,0.7145462036132812,-0.17333984375,-0.177642822265625,0.8878860473632812,-0.004846318430617734
8,6,8,L6H8,0.9897918701171875,-0.269012451171875,-0.27445220947265625,1.2588043212890625,-0.004321369261912554
9,6,8,L6H8,0.9612808227539062,-0.08667755126953125,-0.0855255126953125,1.0479583740234375,0.001099317112945733
10,6,8,L6H8,1.1173248291015625,-0.10051727294921875,-0.10364532470703125,1.2178421020507812,-0.0025685199686765856
11,6,8,L6H8,1.19085693359375,0.0048065185546875,0.0064239501953125,1.1860504150390625,0.0013637123853388053
12,6,8,L6H8,0.45844268798828125,-0.6960830688476562,-0.69476318359375,1.1545257568359375,0.0011432272048425255
13,6,8,L6H8,0.9303741455078125,0.20587921142578125,0.2071380615234375,0.7244949340820312,0.001737555417487179
14,6,8,L6H8,0.9232177734375,0.32161712646484375,0.32209014892578125,0.6016006469726562,0.0007862731918887043
15,6,8,L6H8,0.989288330078125,0.3269500732421875,0.32318115234375,0.6623382568359375,-0.0056903264450434265
16,6,8,L6H8,0.924041748046875,-0.5454788208007812,-0.5579910278320312,1.4695205688476562,-0.00851448240772949
17,6,8,L6H8,1.2387847900390625,0.278106689453125,0.27825164794921875,0.9606781005859375,0.00015089185025175114
18,6,8,L6H8,0.9242019653320312,-0.08154296875,-0.08693695068359375,1.0057449340820312,-0.005363170870472217
19,6,8,L6H8,1.2661972045898438,0.3300018310546875,0.3305816650390625,0.9361953735351562,0.0006193514738120268
20,6,8,L6H8,0.8046112060546875,-0.3928375244140625,-0.3916778564453125,1.19744873046875,0.0009684489525460013
1,6,9,L6H9,1.0762939453125,-0.21822357177734375,-0.21637725830078125,1.2945175170898438,0.001426256077795786
2,6,9,L6H9,1.0695114135742188,-0.5381088256835938,-0.5392379760742188,1.6076202392578125,-0.0007023738337272322
3,6,9,L6H9,1.0176162719726562,-0.01616668701171875,-0.0161590576171875,1.033782958984375,7.380073800738008e-06
4,6,9,L6H9,1.1721267700195312,-0.171600341796875,-0.17272186279296875,1.3437271118164062,-0.0008346344925479063
5,6,9,L6H9,0.8647003173828125,0.14643096923828125,0.1459503173828125,0.7182693481445312,-0.000669180519411546
6,6,9,L6H9,1.33782958984375,0.42436981201171875,0.424560546875,0.9134597778320312,0.00020880488436385503
7,6,9,L6H9,0.7145462036132812,-0.17333984375,-0.1749725341796875,0.8878860473632812,-0.0018388513194187855
8,6,9,L6H9,0.9897918701171875,-0.269012451171875,-0.27069854736328125,1.2588043212890625,-0.001339442646399263
9,6,9,L6H9,0.9612808227539062,-0.08667755126953125,-0.084991455078125,1.0479583740234375,0.001608934317622563
10,6,9,L6H9,1.1173248291015625,-0.10051727294921875,-0.10230255126953125,1.2178421020507812,-0.0014659357870007831
11,6,9,L6H9,1.19085693359375,0.0048065185546875,0.00287628173828125,1.1860504150390625,-0.0016274492145788573
12,6,9,L6H9,0.45844268798828125,-0.6960830688476562,-0.6953048706054688,1.1545257568359375,0.0006740414733753618
13,6,9,L6H9,0.9303741455078125,0.20587921142578125,0.2079315185546875,0.7244949340820312,0.002832741862448795
14,6,9,L6H9,0.9232177734375,0.32161712646484375,0.32332611083984375,0.6016006469726562,0.002840728951339835
15,6,9,L6H9,0.989288330078125,0.3269500732421875,0.32453155517578125,0.6623382568359375,-0.0036514847835602553
16,6,9,L6H9,0.924041748046875,-0.5454788208007812,-0.5478057861328125,1.4695205688476562,-0.0015834860575350573
17,6,9,L6H9,1.2387847900390625,0.278106689453125,0.27941131591796875,0.9606781005859375,0.0013580266522657603
18,6,9,L6H9,0.9242019653320312,-0.08154296875,-0.080963134765625,1.0057449340820312,0.0005765219040394463
19,6,9,L6H9,1.2661972045898438,0.3300018310546875,0.330413818359375,0.9361953735351562,0.0004400655208664401
20,6,9,L6H9,0.8046112060546875,-0.3928375244140625,-0.3913726806640625,1.19744873046875,0.001223303940058107
1,6,10,L6H10,1.0762939453125,-0.21822357177734375,-0.20804595947265625,1.2945175170898438,0.007862089288345366
2,6,10,L6H10,1.0695114135742188,-0.5381088256835938,-0.5323333740234375,1.6076202392578125,0.0035925472441318564
3,6,10,L6H10,1.0176162719726562,-0.01616668701171875,-0.00091552734375,1.033782958984375,0.014752767527675277
4,6,10,L6H10,1.1721267700195312,-0.171600341796875,-0.162109375,1.3437271118164062,0.007063165365507452
5,6,10,L6H10,0.8647003173828125,0.14643096923828125,0.15398406982421875,0.7182693481445312,0.010515693876467152
6,6,10,L6H10,1.33782958984375,0.42436981201171875,0.45503997802734375,0.9134597778320312,0.03357582540570789
7,6,10,L6H10,0.7145462036132812,-0.17333984375,-0.156341552734375,0.8878860473632812,0.01914467635357502
8,6,10,L6H10,0.9897918701171875,-0.269012451171875,-0.2613983154296875,1.2588043212890625,0.006048704801386717
9,6,10,L6H10,0.9612808227539062,-0.08667755126953125,-0.05561065673828125,1.0479583740234375,0.029645160820629304
10,6,10,L6H10,1.1173248291015625,-0.10051727294921875,-0.0739288330078125,1.2178421020507812,0.02183241973375098
11,6,10,L6H10,1.19085693359375,0.0048065185546875,0.0234527587890625,1.1860504150390625,0.015721288064943585
12,6,10,L6H10,0.45844268798828125,-0.6960830688476562,-0.6603240966796875,1.1545257568359375,0.03097286652657177
13,6,10,L6H10,0.9303741455078125,0.20587921142578125,0.1938629150390625,0.7244949340820312,-0.016585756257832162
14,6,10,L6H10,0.9232177734375,0.32161712646484375,0.33072662353515625,0.6016006469726562,0.01514209985669537
15,6,10,L6H10,0.989288330078125,0.3269500732421875,0.33348846435546875,0.6623382568359375,0.009871679683000437
16,6,10,L6H10,0.924041748046875,-0.5454788208007812,-0.5230789184570312,1.4695205688476562,0.015243000212862061
17,6,10,L6H10,1.2387847900390625,0.278106689453125,0.2866058349609375,0.9606781005859375,0.00884702743055004
18,6,10,L6H10,0.9242019653320312,-0.08154296875,-0.056915283203125,1.0057449340820312,0.024487009292622795
19,6,10,L6H10,1.2661972045898438,0.3300018310546875,0.34322357177734375,0.9361953735351562,0.014122843475213717
20,6,10,L6H10,0.8046112060546875,-0.3928375244140625,-0.38470458984375,1.19744873046875,0.006791885417197614
1,6,11,L6H11,1.0762939453125,-0.21822357177734375,-0.2094573974609375,1.2945175170898438,0.006771769559451893
2,6,11,L6H11,1.0695114135742188,-0.5381088256835938,-0.5365524291992188,1.6076202392578125,0.000968136905948347
3,6,11,L6H11,1.0176162719726562,-0.01616668701171875,-0.0235595703125,1.033782958984375,-0.007151291512915129
4,6,11,L6H11,1.1721267700195312,-0.171600341796875,-0.17945098876953125,1.3437271118164062,-0.005842441447835345
5,6,11,L6H11,0.8647003173828125,0.14643096923828125,0.1485137939453125,0.7182693481445312,0.002899782250783366
6,6,11,L6H11,1.33782958984375,0.42436981201171875,0.4155426025390625,0.9134597778320312,-0.009663490048359211
7,6,11,L6H11,0.7145462036132812,-0.17333984375,-0.17957305908203125,0.8878860473632812,-0.00702028751385583
8,6,11,L6H11,0.9897918701171875,-0.269012451171875,-0.2521514892578125,1.2588043212890625,0.01339442646399263
9,6,11,L6H11,0.9612808227539062,-0.08667755126953125,-0.1002960205078125,1.0479583740234375,-0.012995238719259162
10,6,11,L6H11,1.1173248291015625,-0.10051727294921875,-0.118988037109375,1.2178421020507812,-0.015166797180892717
11,6,11,L6H11,1.19085693359375,0.0048065185546875,0.0086822509765625,1.1860504150390625,0.0032677636403401563
12,6,11,L6H11,0.45844268798828125,-0.6960830688476562,-0.701629638671875,1.1545257568359375,-0.004804197560234196
13,6,11,L6H11,0.9303741455078125,0.20587921142578125,0.1985321044921875,0.7244949340820312,-0.010141005254788808
14,6,11,L6H11,0.9232177734375,0.32161712646484375,0.32683563232421875,0.6016006469726562,0.008674368762126995
15,6,11,L6H11,0.989288330078125,0.3269500732421875,0.28211212158203125,0.6623382568359375,-0.06769645448890732
16,6,11,L6H11,0.924041748046875,-0.5454788208007812,-0.5418853759765625,1.4695205688476562,0.002445317813439384
17,6,11,L6H11,1.2387847900390625,0.278106689453125,0.284149169921875,0.9606781005859375,0.006289807652599311
18,6,11,L6H11,0.9242019653320312,-0.08154296875,-0.08536529541015625,1.0057449340820312,-0.003800493077944244
19,6,11,L6H11,1.2661972045898438,0.3300018310546875,0.33580780029296875,0.9361953735351562,0.006201664099617795
20,6,11,L6H11,0.8046112060546875,-0.3928375244140625,-0.3953094482421875,1.19744873046875,-0.0020643253988480554
1,7,0,L7H0,1.0762939453125,-0.21822357177734375,-0.219207763671875,1.2945175170898438,-0.0007602770001473405
2,7,0,L7H0,1.0695114135742188,-0.5381088256835938,-0.5400924682617188,1.6076202392578125,-0.001233899978169462
3,7,0,L7H0,1.0176162719726562,-0.01616668701171875,-0.01824188232421875,1.033782958984375,-0.002007380073800738
4,7,0,L7H0,1.1721267700195312,-0.171600341796875,-0.173736572265625,1.3437271118164062,-0.0015897799858055359
5,7,0,L7H0,0.8647003173828125,0.14643096923828125,0.1451416015625,0.7182693481445312,-0.0017951032981039885
6,7,0,L7H0,1.33782958984375,0.42436981201171875,0.41988372802734375,0.9134597778320312,-0.00491109088023787
7,7,0,L7H0,0.7145462036132812,-0.17333984375,-0.173980712890625,0.8878860473632812,-0.0007217921066877476
8,7,0,L7H0,0.9897918701171875,-0.269012451171875,-0.269744873046875,1.2588043212890625,-0.0005818393396123495
9,7,0,L7H0,0.9612808227539062,-0.08667755126953125,-0.09112548828125,1.0479583740234375,-0.004244383290379883
10,7,0,L7H0,1.1173248291015625,-0.10051727294921875,-0.1026611328125,1.2178421020507812,-0.0017603758809710257
11,7,0,L7H0,1.19085693359375,0.0048065185546875,0.00177764892578125,1.1860504150390625,-0.0025537444197146495
12,7,0,L7H0,0.45844268798828125,-0.6960830688476562,-0.695770263671875,1.1545257568359375,0.00027093823929793956
13,7,0,L7H0,0.9303741455078125,0.20587921142578125,0.203460693359375,0.7244949340820312,-0.003338212529354156
14,7,0,L7H0,0.9232177734375,0.32161712646484375,0.3195037841796875,0.6016006469726562,-0.003512865712147921
15,7,0,L7H0,0.989288330078125,0.3269500732421875,0.32067108154296875,0.6623382568359375,-0.009480037781924574
16,7,0,L7H0,0.924041748046875,-0.5454788208007812,-0.548248291015625,1.4695205688476562,-0.0018846079963450028
17,7,0,L7H0,1.2387847900390625,0.278106689453125,0.27294158935546875,0.9606781005859375,-0.005376514874759764
18,7,0,L7H0,0.9242019653320312,-0.08154296875,-0.0871124267578125,1.0057449340820312,-0.005537644604589418
19,7,0,L7H0,1.2661972045898438,0.3300018310546875,0.3276519775390625,0.9361953735351562,-0.002510003341238214
20,7,0,L7H0,0.8046112060546875,-0.3928375244140625,-0.39292144775390625,1.19744873046875,-7.008512156582905e-05
1,7,1,L7H1,1.0762939453125,-0.21822357177734375,-0.19754791259765625,1.2945175170898438,0.01597171062325033
2,7,1,L7H1,1.0695114135742188,-0.5381088256835938,-0.517425537109375,1.6076202392578125,0.012865780156990043
3,7,1,L7H1,1.0176162719726562,-0.01616668701171875,0.0153656005859375,1.033782958984375,0.030501845018450185
4,7,1,L7H1,1.1721267700195312,-0.171600341796875,-0.1518096923828125,1.3437271118164062,0.014728176011355572
5,7,1,L7H1,0.8647003173828125,0.14643096923828125,0.16257476806640625,0.7182693481445312,0.022475967921822722
6,7,1,L7H1,1.33782958984375,0.42436981201171875,0.44565582275390625,0.9134597778320312,0.023302625095006222
7,7,1,L7H1,0.7145462036132812,-0.17333984375,-0.16357421875,0.8878860473632812,0.010998736863813297
8,7,1,L7H1,0.9897918701171875,-0.269012451171875,-0.19669342041015625,1.2588043212890625,0.05745057396026522
9,7,1,L7H1,0.9612808227539062,-0.08667755126953125,-0.04113006591796875,1.0479583740234375,0.04346306731315249
10,7,1,L7H1,1.1173248291015625,-0.10051727294921875,-0.0726165771484375,1.2178421020507812,0.02290994518402506
11,7,1,L7H1,1.19085693359375,0.0048065185546875,0.03284454345703125,1.1860504150390625,0.023639825547736366
12,7,1,L7H1,0.45844268798828125,-0.6960830688476562,-0.6491851806640625,1.1545257568359375,0.04062091114547401
13,7,1,L7H1,0.9303741455078125,0.20587921142578125,0.23384857177734375,0.7244949340820312,0.038605322184896956
14,7,1,L7H1,0.9232177734375,0.32161712646484375,0.34142303466796875,0.6016006469726562,0.032922019453920585
15,7,1,L7H1,0.989288330078125,0.3269500732421875,0.3396453857421875,0.6623382568359375,0.01916741539383049
16,7,1,L7H1,0.924041748046875,-0.5454788208007812,-0.506500244140625,1.4695205688476562,0.026524689403103634
17,7,1,L7H1,1.2387847900390625,0.278106689453125,0.32970428466796875,0.9606781005859375,0.053709557013294364
18,7,1,L7H1,0.9242019653320312,-0.08154296875,-0.0454864501953125,1.0057449340820312,0.03585055945382135
19,7,1,L7H1,1.2661972045898438,0.3300018310546875,0.3473358154296875,0.9361953735351562,0.01851534932238059
20,7,1,L7H1,0.8046112060546875,-0.3928375244140625,-0.37697601318359375,1.19744873046875,0.013246087975941689
1,7,2,L7H2,1.0762939453125,-0.21822357177734375,-0.21828460693359375,1.2945175170898438,-4.7148961249447475e-05
2,7,2,L7H2,1.0695114135742188,-0.5381088256835938,-0.5382080078125,1.6076202392578125,-6.169499890847309e-05
3,7,2,L7H2,1.0176162719726562,-0.01616668701171875,-0.0161895751953125,1.033782958984375,-2.214022140221402e-05
4,7,2,L7H2,1.1721267700195312,-0.171600341796875,-0.17159271240234375,1.3437271118164062,5.6777856635912e-06
5,7,2,L7H2,0.8647003173828125,0.14643096923828125,0.14650726318359375,0.7182693481445312,0.00010621913006532477
6,7,2,L7H2,1.33782958984375,0.42436981201171875,0.4244537353515625,0.9134597778320312,9.187414912009622e-05
7,7,2,L7H2,0.7145462036132812,-0.17333984375,-0.17333221435546875,0.8878860473632812,8.592763174854138e-06
8,7,2,L7H2,0.9897918701171875,-0.269012451171875,-0.26888275146484375,1.2588043212890625,0.00010303404972302023
9,7,2,L7H2,0.9612808227539062,-0.08667755126953125,-0.08676910400390625,1.0479583740234375,-8.736294937317084e-05
10,7,2,L7H2,1.1173248291015625,-0.10051727294921875,-0.10033416748046875,1.2178421020507812,0.00015035238841033672
11,7,2,L7H2,1.19085693359375,0.0048065185546875,0.0047760009765625,1.1860504150390625,-2.573042236488312e-05
12,7,2,L7H2,0.45844268798828125,-0.6960830688476562,-0.696075439453125,1.1545257568359375,6.608249738974136e-06
13,7,2,L7H2,0.9303741455078125,0.20587921142578125,0.20604705810546875,0.7244949340820312,0.0002316740556649572
14,7,2,L7H2,0.9232177734375,0.32161712646484375,0.3216094970703125,0.6016006469726562,-1.2681825675624263e-05
15,7,2,L7H2,0.989288330078125,0.3269500732421875,0.3269805908203125,0.6623382568359375,4.607551777363098e-05
16,7,2,L7H2,0.924041748046875,-0.5454788208007812,-0.5454254150390625,1.4695205688476562,3.6342302959820986e-05
17,7,2,L7H2,1.2387847900390625,0.278106689453125,0.27817535400390625,0.9606781005859375,7.14750869613558e-05
18,7,2,L7H2,0.9242019653320312,-0.08154296875,-0.0815887451171875,1.0057449340820312,-4.551488716100891e-05
19,7,2,L7H2,1.2661972045898438,0.3300018310546875,0.33002471923828125,0.9361953735351562,2.4448084492580006e-05
20,7,2,L7H2,0.8046112060546875,-0.3928375244140625,-0.3928680419921875,1.19744873046875,-2.5485498751210563e-05
1,7,3,L7H3,1.0762939453125,-0.21822357177734375,-0.23712158203125,1.2945175170898438,-0.014598497126860174
2,7,3,L7H3,1.0695114135742188,-0.5381088256835938,-0.553955078125,1.6076202392578125,-0.009856962517915279
3,7,3,L7H3,1.0176162719726562,-0.01616668701171875,-0.0289306640625,1.033782958984375,-0.012346863468634686
4,7,3,L7H3,1.1721267700195312,-0.171600341796875,-0.191741943359375,1.3437271118164062,-0.014989354151880767
5,7,3,L7H3,0.8647003173828125,0.14643096923828125,0.13742828369140625,0.7182693481445312,-0.012533857347708323
6,7,3,L7H3,1.33782958984375,0.42436981201171875,0.41402435302734375,0.9134597778320312,-0.011325576927895497
7,7,3,L7H3,0.7145462036132812,-0.17333984375,-0.178558349609375,0.8878860473632812,-0.0058774500116002305
8,7,3,L7H3,0.9897918701171875,-0.269012451171875,-0.2917633056640625,1.2588043212890625,-0.01807338448670861
9,7,3,L7H3,0.9612808227539062,-0.08667755126953125,-0.0911712646484375,1.0479583740234375,-0.004288064765066469
10,7,3,L7H3,1.1173248291015625,-0.10051727294921875,-0.1092529296875,1.2178421020507812,-0.007173061863743148
11,7,3,L7H3,1.19085693359375,0.0048065185546875,-0.01099395751953125,1.1860504150390625,-0.013321926179418235
12,7,3,L7H3,0.45844268798828125,-0.6960830688476562,-0.7074966430664062,1.1545257568359375,-0.009885941609505306
13,7,3,L7H3,0.9303741455078125,0.20587921142578125,0.1857147216796875,0.7244949340820312,-0.02783247859647645
14,7,3,L7H3,0.9232177734375,0.32161712646484375,0.3158416748046875,0.6016006469726562,-0.009600142036447566
15,7,3,L7H3,0.989288330078125,0.3269500732421875,0.3162994384765625,0.6623382568359375,-0.016080355702997214
16,7,3,L7H3,0.924041748046875,-0.5454788208007812,-0.5730438232421875,1.4695205688476562,-0.01875782008483332
17,7,3,L7H3,1.2387847900390625,0.278106689453125,0.2738800048828125,0.9606781005859375,-0.004399688686287902
18,7,3,L7H3,0.9242019653320312,-0.08154296875,-0.0886077880859375,1.0057449340820312,-0.007024464251849043
19,7,3,L7H3,1.2661972045898438,0.3300018310546875,0.32459259033203125,0.9361953735351562,-0.005777897301746408
20,7,3,L7H3,0.8046112060546875,-0.3928375244140625,-0.4034576416015625,1.19744873046875,-0.008868953565421275
1,7,4,L7H4,1.0762939453125,-0.21822357177734375,-0.217132568359375,1.2945175170898438,0.0008427876823338735
2,7,4,L7H4,1.0695114135742188,-0.5381088256835938,-0.5389938354492188,1.6076202392578125,-0.0005505092210294523
3,7,4,L7H4,1.0176162719726562,-0.01616668701171875,-0.01552581787109375,1.033782958984375,0.0006199261992619926
4,7,4,L7H4,1.1721267700195312,-0.171600341796875,-0.17160797119140625,1.3437271118164062,-5.6777856635912e-06
5,7,4,L7H4,0.8647003173828125,0.14643096923828125,0.1462554931640625,0.7182693481445312,-0.00024430399915024694
6,7,4,L7H4,1.33782958984375,0.42436981201171875,0.42669677734375,0.9134597778320312,0.0025474195892390317
7,7,4,L7H4,0.7145462036132812,-0.17333984375,-0.17104339599609375,0.8878860473632812,0.0025864217156310954
8,7,4,L7H4,0.9897918701171875,-0.269012451171875,-0.267364501953125,1.2588043212890625,0.0013091385141277864
9,7,4,L7H4,0.9612808227539062,-0.08667755126953125,-0.08451080322265625,1.0479583740234375,0.00206758980183171
10,7,4,L7H4,1.1173248291015625,-0.10051727294921875,-0.098968505859375,1.2178421020507812,0.0012717306186374314
11,7,4,L7H4,1.19085693359375,0.0048065185546875,0.0063629150390625,1.1860504150390625,0.001312251540609039
12,7,4,L7H4,0.45844268798828125,-0.6960830688476562,-0.69561767578125,1.1545257568359375,0.00040310323407742225
13,7,4,L7H4,0.9303741455078125,0.20587921142578125,0.205841064453125,0.7244949340820312,-5.265319446930845e-05
14,7,4,L7H4,0.9232177734375,0.32161712646484375,0.32099151611328125,0.6016006469726562,-0.0010399097054011896
15,7,4,L7H4,0.989288330078125,0.3269500732421875,0.327606201171875,0.6623382568359375,0.000990623632133066
16,7,4,L7H4,0.924041748046875,-0.5454788208007812,-0.5444488525390625,1.4695205688476562,0.0007008872713679762
17,7,4,L7H4,1.2387847900390625,0.278106689453125,0.27944183349609375,0.9606781005859375,0.0013897933575819183
18,7,4,L7H4,0.9242019653320312,-0.08154296875,-0.0797119140625,1.0057449340820312,0.0018205954864403565
19,7,4,L7H4,1.2661972045898438,0.3300018310546875,0.33414459228515625,0.9361953735351562,0.004425103293156981
20,7,4,L7H4,0.8046112060546875,-0.3928375244140625,-0.39258575439453125,1.19744873046875,0.00021025536469748712
1,7,5,L7H5,1.0762939453125,-0.21822357177734375,-0.0988922119140625,1.2945175170898438,0.09218211286282599
2,7,5,L7H5,1.0695114135742188,-0.5381088256835938,-0.4495697021484375,1.6076202392578125,0.05507465094867925
3,7,5,L7H5,1.0176162719726562,-0.01616668701171875,0.08533477783203125,1.033782958984375,0.09818450184501845
4,7,5,L7H5,1.1721267700195312,-0.171600341796875,-0.08780670166015625,1.3437271118164062,0.062359119943222144
5,7,5,L7H5,0.8647003173828125,0.14643096923828125,0.20583343505859375,0.7182693481445312,0.08270221466886186
6,7,5,L7H5,1.33782958984375,0.42436981201171875,0.48211669921875,0.9134597778320312,0.06321776679000075
7,7,5,L7H5,0.7145462036132812,-0.17333984375,-0.11481475830078125,0.8878860473632812,0.06591508631430609
8,7,5,L7H5,0.9897918701171875,-0.269012451171875,-0.1847686767578125,1.2588043212890625,0.06692364570832879
9,7,5,L7H5,0.9612808227539062,-0.08667755126953125,-0.032867431640625,1.0479583740234375,0.05134757349408116
10,7,5,L7H5,1.1173248291015625,-0.10051727294921875,-0.0503387451171875,1.2178421020507812,0.04120281910728269
11,7,5,L7H5,1.19085693359375,0.0048065185546875,0.08603668212890625,1.1860504150390625,0.06848795172972764
12,7,5,L7H5,0.45844268798828125,-0.6960830688476562,-0.6065673828125,1.1545257568359375,0.07753459418738352
13,7,5,L7H5,0.9303741455078125,0.20587921142578125,0.2720947265625,0.7244949340820312,0.09139541495982562
14,7,5,L7H5,0.9232177734375,0.32161712646484375,0.34496307373046875,0.6016006469726562,0.03880638656741024
15,7,5,L7H5,0.989288330078125,0.3269500732421875,0.37762451171875,0.6623382568359375,0.07650839726311424
16,7,5,L7H5,0.924041748046875,-0.5454788208007812,-0.438507080078125,1.4695205688476562,0.07279363282852144
17,7,5,L7H5,1.2387847900390625,0.278106689453125,0.3288116455078125,0.9606781005859375,0.05278038088279674
18,7,5,L7H5,0.9242019653320312,-0.08154296875,-0.030670166015625,1.0057449340820312,0.05058221126493457
19,7,5,L7H5,1.2661972045898438,0.3300018310546875,0.40228271484375,0.9361953735351562,0.07720705082756767
20,7,5,L7H5,0.8046112060546875,-0.3928375244140625,-0.30193328857421875,1.19744873046875,0.07591492940516846
1,7,6,L7H6,1.0762939453125,-0.21822357177734375,-0.35166168212890625,1.2945175170898438,-0.10307941653160453
2,7,6,L7H6,1.0695114135742188,-0.5381088256835938,-0.675994873046875,1.6076202392578125,-0.08577028579021802
3,7,6,L7H6,1.0176162719726562,-0.01616668701171875,-0.10533905029296875,1.033782958984375,-0.08625830258302583
4,7,6,L7H6,1.1721267700195312,-0.171600341796875,-0.27740478515625,1.3437271118164062,-0.07873953158268275
5,7,6,L7H6,0.8647003173828125,0.14643096923828125,0.0675201416015625,0.7182693481445312,-0.10986244622656541
6,7,6,L7H6,1.33782958984375,0.42436981201171875,0.36913299560546875,0.9134597778320312,-0.06046989451177242
7,7,6,L7H6,0.7145462036132812,-0.17333984375,-0.27251434326171875,0.8878860473632812,-0.11169732850992893
8,7,6,L7H6,0.9897918701171875,-0.269012451171875,-0.4555816650390625,1.2588043212890625,-0.14821145011333745
9,7,6,L7H6,0.9612808227539062,-0.08667755126953125,-0.15338897705078125,1.0479583740234375,-0.06365846910991715
10,7,6,L7H6,1.1173248291015625,-0.10051727294921875,-0.18119049072265625,1.2178421020507812,-0.06624275646045419
11,7,6,L7H6,1.19085693359375,0.0048065185546875,-0.13930511474609375,1.1860504150390625,-0.12150548701256932
12,7,6,L7H6,0.45844268798828125,-0.6960830688476562,-0.8547592163085938,1.1545257568359375,-0.13743837807118406
13,7,6,L7H6,0.9303741455078125,0.20587921142578125,0.1112060546875,0.7244949340820312,-0.13067469803392973
14,7,6,L7H6,0.9232177734375,0.32161712646484375,0.2572479248046875,0.6016006469726562,-0.10699656322524191
15,7,6,L7H6,0.989288330078125,0.3269500732421875,0.26882171630859375,0.6623382568359375,-0.08776234247932362
16,7,6,L7H6,0.924041748046875,-0.5454788208007812,-0.7516403198242188,1.4695205688476562,-0.14029167294004039
17,7,6,L7H6,1.2387847900390625,0.278106689453125,0.20001220703125,0.9606781005859375,-0.08129099890404867
18,7,6,L7H6,0.9242019653320312,-0.08154296875,-0.15789794921875,1.0057449340820312,-0.07591883178456287
19,7,6,L7H6,1.2661972045898438,0.3300018310546875,0.2611541748046875,0.9361953735351562,-0.07353983815368066
20,7,6,L7H6,0.8046112060546875,-0.3928375244140625,-0.467437744140625,1.19744873046875,-0.06229930169733422
1,7,7,L7H7,1.0762939453125,-0.21822357177734375,-0.219024658203125,1.2945175170898438,-0.0006188301163989981
2,7,7,L7H7,1.0695114135742188,-0.5381088256835938,-0.5387649536132812,1.6076202392578125,-0.00040813614662528355
3,7,7,L7H7,1.0176162719726562,-0.01616668701171875,-0.016143798828125,1.033782958984375,2.214022140221402e-05
4,7,7,L7H7,1.1721267700195312,-0.171600341796875,-0.17098236083984375,1.3437271118164062,0.00045990063875088716
5,7,7,L7H7,0.8647003173828125,0.14643096923828125,0.14710235595703125,0.7182693481445312,0.0009347283445748579
6,7,7,L7H7,1.33782958984375,0.42436981201171875,0.42075347900390625,0.9134597778320312,-0.003958940607538691
7,7,7,L7H7,0.7145462036132812,-0.17333984375,-0.171875,0.8878860473632812,0.0016498105295719944
8,7,7,L7H7,0.9897918701171875,-0.269012451171875,-0.26413726806640625,1.2588043212890625,0.0038728681042947016
9,7,7,L7H7,0.9612808227539062,-0.08667755126953125,-0.074920654296875,1.0479583740234375,0.011218858748671356
10,7,7,L7H7,1.1173248291015625,-0.10051727294921875,-0.09360504150390625,1.2178421020507812,0.005675802662490212
11,7,7,L7H7,1.19085693359375,0.0048065185546875,0.00921630859375,1.1860504150390625,0.003718046031725611
12,7,7,L7H7,0.45844268798828125,-0.6960830688476562,-0.6933517456054688,1.1545257568359375,0.0023657534065527406
13,7,7,L7H7,0.9303741455078125,0.20587921142578125,0.205169677734375,0.7244949340820312,-0.0009793494171291372
14,7,7,L7H7,0.9232177734375,0.32161712646484375,0.3230133056640625,0.6016006469726562,0.0023207740986392403
15,7,7,L7H7,0.989288330078125,0.3269500732421875,0.3285980224609375,0.6623382568359375,0.002488077959776073
16,7,7,L7H7,0.924041748046875,-0.5454788208007812,-0.5438308715820312,1.4695205688476562,0.0011214196341887619
17,7,7,L7H7,1.2387847900390625,0.278106689453125,0.2762603759765625,0.9606781005859375,-0.001921885671627567
18,7,7,L7H7,0.9242019653320312,-0.08154296875,-0.07633209228515625,1.0057449340820312,0.005181111321828182
19,7,7,L7H7,1.2661972045898438,0.3300018310546875,0.338897705078125,0.9361953735351562,0.009502155506116095
20,7,7,L7H7,0.8046112060546875,-0.3928375244140625,-0.39139556884765625,1.19744873046875,0.001204189815994699
1,7,8,L7H8,1.0762939453125,-0.21822357177734375,-0.19597625732421875,1.2945175170898438,0.017185796375423605
2,7,8,L7H8,1.0695114135742188,-0.5381088256835938,-0.5216903686523438,1.6076202392578125,0.0102128952039257
3,7,8,L7H8,1.0176162719726562,-0.01616668701171875,-0.006622314453125,1.033782958984375,0.009232472324723247
4,7,8,L7H8,1.1721267700195312,-0.171600341796875,-0.14594268798828125,1.3437271118164062,0.019094393186657205
5,7,8,L7H8,0.8647003173828125,0.14643096923828125,0.157073974609375,0.7182693481445312,0.014817568644112804
6,7,8,L7H8,1.33782958984375,0.42436981201171875,0.42131805419921875,0.9134597778320312,-0.0033408781498216805
7,7,8,L7H8,0.7145462036132812,-0.17333984375,-0.1787872314453125,0.8878860473632812,-0.0061352329068458545
8,7,8,L7H8,0.9897918701171875,-0.269012451171875,-0.26103973388671875,1.2588043212890625,0.006333563644738596
9,7,8,L7H8,0.9612808227539062,-0.08667755126953125,-0.082763671875,1.0479583740234375,0.003734766085703053
10,7,8,L7H8,1.1173248291015625,-0.10051727294921875,-0.0955047607421875,1.2178421020507812,0.0041158966327329675
11,7,8,L7H8,1.19085693359375,0.0048065185546875,0.0089569091796875,1.1860504150390625,0.0034993374416241044
12,7,8,L7H8,0.45844268798828125,-0.6960830688476562,-0.6813201904296875,1.1545257568359375,0.012786963244914951
13,7,8,L7H8,0.9303741455078125,0.20587921142578125,0.2101593017578125,0.7244949340820312,0.005907688419456408
14,7,8,L7H8,0.9232177734375,0.32161712646484375,0.33803558349609375,0.6016006469726562,0.027291288853943413
15,7,8,L7H8,0.989288330078125,0.3269500732421875,0.31204986572265625,0.6623382568359375,-0.022496371552975326
16,7,8,L7H8,0.924041748046875,-0.5454788208007812,-0.5214004516601562,1.4695205688476562,0.016385186877313575
17,7,8,L7H8,1.2387847900390625,0.278106689453125,0.2926788330078125,0.9606781005859375,0.015168601788465508
18,7,8,L7H8,0.9242019653320312,-0.08154296875,-0.0886688232421875,1.0057449340820312,-0.007085150768063721
19,7,8,L7H8,1.2661972045898438,0.3300018310546875,0.34387969970703125,0.9361953735351562,0.01482368856400101
20,7,8,L7H8,0.8046112060546875,-0.3928375244140625,-0.38211822509765625,1.19744873046875,0.008951781436362709
1,7,9,L7H9,1.0762939453125,-0.21822357177734375,-0.21701812744140625,1.2945175170898438,0.0009311919846765876
2,7,9,L7H9,1.0695114135742188,-0.5381088256835938,-0.5371322631835938,1.6076202392578125,0.0006074584507911197
3,7,9,L7H9,1.0176162719726562,-0.01616668701171875,-0.018218994140625,1.033782958984375,-0.001985239852398524
4,7,9,L7H9,1.1721267700195312,-0.171600341796875,-0.1722869873046875,1.3437271118164062,-0.000511000709723208
5,7,9,L7H9,0.8647003173828125,0.14643096923828125,0.14279937744140625,0.7182693481445312,-0.005056030591109459
6,7,9,L7H9,1.33782958984375,0.42436981201171875,0.4200286865234375,0.9134597778320312,-0.004752399168121341
7,7,9,L7H9,0.7145462036132812,-0.17333984375,-0.16979217529296875,0.8878860473632812,0.003995634876307174
8,7,9,L7H9,0.9897918701171875,-0.269012451171875,-0.2666778564453125,1.2588043212890625,0.0018546128950143641
9,7,9,L7H9,0.9612808227539062,-0.08667755126953125,-0.0826568603515625,1.0479583740234375,0.0038366895266384194
10,7,9,L7H9,1.1173248291015625,-0.10051727294921875,-0.09969329833984375,1.2178421020507812,0.0006765857478465152
11,7,9,L7H9,1.19085693359375,0.0048065185546875,0.00754547119140625,1.1860504150390625,0.00230930540724826
12,7,9,L7H9,0.45844268798828125,-0.6960830688476562,-0.6912155151367188,1.1545257568359375,0.004216063333465498
13,7,9,L7H9,0.9303741455078125,0.20587921142578125,0.2025146484375,0.7244949340820312,-0.004644011752193006
14,7,9,L7H9,0.9232177734375,0.32161712646484375,0.32346343994140625,0.6016006469726562,0.0030690018135010716
15,7,9,L7H9,0.989288330078125,0.3269500732421875,0.3257904052734375,0.6623382568359375,-0.0017508696753979773
16,7,9,L7H9,0.924041748046875,-0.5454788208007812,-0.5376205444335938,1.4695205688476562,0.005347510292659374
17,7,9,L7H9,1.2387847900390625,0.278106689453125,0.27889251708984375,0.9606781005859375,0.0008179926618910719
18,7,9,L7H9,0.9242019653320312,-0.08154296875,-0.077301025390625,1.0057449340820312,0.004217712876920159
19,7,9,L7H9,1.2661972045898438,0.3300018310546875,0.32843017578125,0.9361953735351562,-0.0016787684684904938
20,7,9,L7H9,0.8046112060546875,-0.3928375244140625,-0.39499664306640625,1.19744873046875,-0.0018030990366481473
1,7,10,L7H10,1.0762939453125,-0.21822357177734375,-0.2181854248046875,1.2945175170898438,2.946810078090467e-05
2,7,10,L7H10,1.0695114135742188,-0.5381088256835938,-0.5380783081054688,1.6076202392578125,1.898307658722249e-05
3,7,10,L7H10,1.0176162719726562,-0.01616668701171875,-0.01609039306640625,1.033782958984375,7.380073800738008e-05
4,7,10,L7H10,1.1721267700195312,-0.171600341796875,-0.1715240478515625,1.3437271118164062,5.6777856635911995e-05
5,7,10,L7H10,0.8647003173828125,0.14643096923828125,0.14654541015625,0.7182693481445312,0.00015932869509798715
6,7,10,L7H10,1.33782958984375,0.42436981201171875,0.42436981201171875,0.9134597778320312,0.0
7,7,10,L7H10,0.7145462036132812,-0.17333984375,-0.173309326171875,0.8878860473632812,3.4371052699416554e-05
8,7,10,L7H10,0.9897918701171875,-0.269012451171875,-0.26903533935546875,1.2588043212890625,-1.8182479362885923e-05
9,7,10,L7H10,0.9612808227539062,-0.08667755126953125,-0.08660888671875,1.0479583740234375,6.552221202987813e-05
10,7,10,L7H10,1.1173248291015625,-0.10051727294921875,-0.10037994384765625,1.2178421020507812,0.00011276429130775254
11,7,10,L7H10,1.19085693359375,0.0048065185546875,0.00482940673828125,1.1860504150390625,1.929781677366234e-05
12,7,10,L7H10,0.45844268798828125,-0.6960830688476562,-0.6959991455078125,1.1545257568359375,7.269074712871549e-05
13,7,10,L7H10,0.9303741455078125,0.20587921142578125,0.2059478759765625,0.7244949340820312,9.477575004475521e-05
14,7,10,L7H10,0.9232177734375,0.32161712646484375,0.32186126708984375,0.6016006469726562,0.0004058184216199764
15,7,10,L7H10,0.989288330078125,0.3269500732421875,0.32698822021484375,0.6623382568359375,5.7594397217038725e-05
16,7,10,L7H10,0.924041748046875,-0.5454788208007812,-0.5453262329101562,1.4695205688476562,0.00010383515131377425
17,7,10,L7H10,1.2387847900390625,0.278106689453125,0.27812957763671875,0.9606781005859375,2.38250289871186e-05
18,7,10,L7H10,0.9242019653320312,-0.08154296875,-0.08142852783203125,1.0057449340820312,0.00011378721790252228
19,7,10,L7H10,1.2661972045898438,0.3300018310546875,0.330078125,0.9361953735351562,8.149361497526669e-05
20,7,10,L7H10,0.8046112060546875,-0.3928375244140625,-0.3927459716796875,1.19744873046875,7.645649625363168e-05
1,7,11,L7H11,1.0762939453125,-0.21822357177734375,-0.2164764404296875,1.2945175170898438,0.001349639015765434
2,7,11,L7H11,1.0695114135742188,-0.5381088256835938,-0.537811279296875,1.6076202392578125,0.0001850849967254193
3,7,11,L7H11,1.0176162719726562,-0.01616668701171875,-0.01445770263671875,1.033782958984375,0.0016531365313653137
4,7,11,L7H11,1.1721267700195312,-0.171600341796875,-0.169708251953125,1.3437271118164062,0.0014080908445706175
5,7,11,L7H11,0.8647003173828125,0.14643096923828125,0.146728515625,0.7182693481445312,0.00041425460725476657
6,7,11,L7H11,1.33782958984375,0.42436981201171875,0.428558349609375,0.9134597778320312,0.004585355260630256
7,7,11,L7H11,0.7145462036132812,-0.17333984375,-0.1707305908203125,0.8878860473632812,0.0029387250058001153
8,7,11,L7H11,0.9897918701171875,-0.269012451171875,-0.2690582275390625,1.2588043212890625,-3.6364958725771846e-05
9,7,11,L7H11,0.9612808227539062,-0.08667755126953125,-0.08526611328125,1.0479583740234375,0.0013468454695030505
10,7,11,L7H11,1.1173248291015625,-0.10051727294921875,-0.0988616943359375,1.2178421020507812,0.0013594361785434612
11,7,11,L7H11,1.19085693359375,0.0048065185546875,0.00888824462890625,1.1860504150390625,0.003441443991303117
12,7,11,L7H11,0.45844268798828125,-0.6960830688476562,-0.694427490234375,1.1545257568359375,0.0014339901933573874
13,7,11,L7H11,0.9303741455078125,0.20587921142578125,0.20410919189453125,0.7244949340820312,-0.002443108223375912
14,7,11,L7H11,0.9232177734375,0.32161712646484375,0.3206024169921875,0.6016006469726562,-0.0016866828148580269
15,7,11,L7H11,0.989288330078125,0.3269500732421875,0.3282470703125,0.6623382568359375,0.0019582095053793168
16,7,11,L7H11,0.924041748046875,-0.5454788208007812,-0.5475692749023438,1.4695205688476562,-0.0014225415729987073
17,7,11,L7H11,1.2387847900390625,0.278106689453125,0.27935791015625,0.9606781005859375,0.0013024349179624835
18,7,11,L7H11,0.9242019653320312,-0.08154296875,-0.08182525634765625,1.0057449340820312,-0.0002806751374928883
19,7,11,L7H11,1.2661972045898438,0.3300018310546875,0.3309173583984375,0.9361953735351562,0.0009779233797032002
20,7,11,L7H11,0.8046112060546875,-0.3928375244140625,-0.39118194580078125,1.19744873046875,0.001382588307253173
1,8,0,L8H0,1.0762939453125,-0.21822357177734375,-0.210662841796875,1.2945175170898438,0.005840577574775306
2,8,0,L8H0,1.0695114135742188,-0.5381088256835938,-0.5250930786132812,1.6076202392578125,0.008096282164450392
3,8,0,L8H0,1.0176162719726562,-0.01616668701171875,-0.01294708251953125,1.033782958984375,0.003114391143911439
4,8,0,L8H0,1.1721267700195312,-0.171600341796875,-0.16417694091796875,1.3437271118164062,0.005524485450674237
5,8,0,L8H0,0.8647003173828125,0.14643096923828125,0.1553497314453125,0.7182693481445312,0.012417016304636465
6,8,0,L8H0,1.33782958984375,0.42436981201171875,0.4296417236328125,0.9134597778320312,0.005771367003816953
7,8,0,L8H0,0.7145462036132812,-0.17333984375,-0.1726226806640625,0.8878860473632812,0.0008077197384362889
8,8,0,L8H0,0.9897918701171875,-0.269012451171875,-0.26031494140625,1.2588043212890625,0.00690934215789665
9,8,0,L8H0,0.9612808227539062,-0.08667755126953125,-0.08734893798828125,1.0479583740234375,-0.0006406616287365862
10,8,0,L8H0,1.1173248291015625,-0.10051727294921875,-0.10144805908203125,1.2178421020507812,-0.0007642913077525451
11,8,0,L8H0,1.19085693359375,0.0048065185546875,0.0090789794921875,1.1860504150390625,0.0036022591310836366
12,8,0,L8H0,0.45844268798828125,-0.6960830688476562,-0.6897811889648438,1.1545257568359375,0.005458414284392636
13,8,0,L8H0,0.9303741455078125,0.20587921142578125,0.209991455078125,0.7244949340820312,0.005676014363791451
14,8,0,L8H0,0.9232177734375,0.32161712646484375,0.3267669677734375,0.6016006469726562,0.008560232331046377
15,8,0,L8H0,0.989288330078125,0.3269500732421875,0.32227325439453125,0.6623382568359375,-0.007061073098808948
16,8,0,L8H0,0.924041748046875,-0.5454788208007812,-0.5221481323242188,1.4695205688476562,0.015876394635876083
17,8,0,L8H0,1.2387847900390625,0.278106689453125,0.2846527099609375,0.9606781005859375,0.00681395829031592
18,8,0,L8H0,0.9242019653320312,-0.08154296875,-0.0791778564453125,1.0057449340820312,0.0023516025033187937
19,8,0,L8H0,1.2661972045898438,0.3300018310546875,0.33206939697265625,0.9361953735351562,0.0022084769658297274
20,8,0,L8H0,0.8046112060546875,-0.3928375244140625,-0.3896026611328125,1.19744873046875,0.0027014628676283194
1,8,1,L8H1,1.0762939453125,-0.21822357177734375,-0.21776580810546875,1.2945175170898438,0.0003536172093708561
2,8,1,L8H1,1.0695114135742188,-0.5381088256835938,-0.5380706787109375,1.6076202392578125,2.3728845734028115e-05
3,8,1,L8H1,1.0176162719726562,-0.01616668701171875,-0.0154266357421875,1.033782958984375,0.0007158671586715867
4,8,1,L8H1,1.1721267700195312,-0.171600341796875,-0.1707916259765625,1.3437271118164062,0.0006018452803406672
5,8,1,L8H1,0.8647003173828125,0.14643096923828125,0.14585113525390625,0.7182693481445312,-0.0008072653884964682
6,8,1,L8H1,1.33782958984375,0.42436981201171875,0.42609405517578125,0.9134597778320312,0.0018875961546492496
7,8,1,L8H1,0.7145462036132812,-0.17333984375,-0.17292022705078125,0.8878860473632812,0.0004726019746169776
8,8,1,L8H1,0.9897918701171875,-0.269012451171875,-0.2704010009765625,1.2588043212890625,-0.001103070414681746
9,8,1,L8H1,0.9612808227539062,-0.08667755126953125,-0.08583831787109375,1.0479583740234375,0.0008008270359207327
10,8,1,L8H1,1.1173248291015625,-0.10051727294921875,-0.09984588623046875,1.2178421020507812,0.0005512920908379013
11,8,1,L8H1,1.19085693359375,0.0048065185546875,0.00437164306640625,1.1860504150390625,-0.00036665851869958444
12,8,1,L8H1,0.45844268798828125,-0.6960830688476562,-0.6958236694335938,1.1545257568359375,0.0002246804911251206
13,8,1,L8H1,0.9303741455078125,0.20587921142578125,0.206878662109375,0.7244949340820312,0.0013795136950958814
14,8,1,L8H1,0.9232177734375,0.32161712646484375,0.32132720947265625,0.6016006469726562,-0.000481909375673722
15,8,1,L8H1,0.989288330078125,0.3269500732421875,0.3278045654296875,0.6623382568359375,0.0012901144976616675
16,8,1,L8H1,0.924041748046875,-0.5454788208007812,-0.5455322265625,1.4695205688476562,-3.6342302959820986e-05
17,8,1,L8H1,1.2387847900390625,0.278106689453125,0.280426025390625,0.9606781005859375,0.0024142696040280183
18,8,1,L8H1,0.9242019653320312,-0.08154296875,-0.08124542236328125,1.0057449340820312,0.00029584676654655794
19,8,1,L8H1,1.2661972045898438,0.3300018310546875,0.32984161376953125,0.9361953735351562,-0.00017113659144806005
20,8,1,L8H1,0.8046112060546875,-0.3928375244140625,-0.392578125,1.19744873046875,0.00021662673938528977
1,8,2,L8H2,1.0762939453125,-0.21822357177734375,-0.20827484130859375,1.2945175170898438,0.007685280683659938
2,8,2,L8H2,1.0695114135742188,-0.5381088256835938,-0.5354461669921875,1.6076202392578125,0.0016562734322351624
3,8,2,L8H2,1.0176162719726562,-0.01616668701171875,-0.0075836181640625,1.033782958984375,0.008302583025830259
4,8,2,L8H2,1.1721267700195312,-0.171600341796875,-0.158172607421875,1.3437271118164062,0.009992902767920512
5,8,2,L8H2,0.8647003173828125,0.14643096923828125,0.16049957275390625,0.7182693481445312,0.019586807584045886
6,8,2,L8H2,1.33782958984375,0.42436981201171875,0.4482269287109375,0.9134597778320312,0.026117314936230988
7,8,2,L8H2,0.7145462036132812,-0.17333984375,-0.12770843505859375,0.8878860473632812,0.051393316548802595
8,8,2,L8H2,0.9897918701171875,-0.269012451171875,-0.287567138671875,1.2588043212890625,-0.014739929936846188
9,8,2,L8H2,0.9612808227539062,-0.08667755126953125,-0.0636749267578125,1.0479583740234375,0.021949941030009173
10,8,2,L8H2,1.1173248291015625,-0.10051727294921875,-0.0586395263671875,1.2178421020507812,0.0343868441660141
11,8,2,L8H2,1.19085693359375,0.0048065185546875,0.015655517578125,1.1860504150390625,0.009147165150715949
12,8,2,L8H2,0.45844268798828125,-0.6960830688476562,-0.7069778442382812,1.1545257568359375,-0.009436580627255066
13,8,2,L8H2,0.9303741455078125,0.20587921142578125,0.209136962890625,0.7244949340820312,0.004496582807678942
14,8,2,L8H2,0.9232177734375,0.32161712646484375,0.33139801025390625,0.6016006469726562,0.016258100516150304
15,8,2,L8H2,0.989288330078125,0.3269500732421875,0.33065032958984375,0.6623382568359375,0.005586656530052757
16,8,2,L8H2,0.924041748046875,-0.5454788208007812,-0.5552825927734375,1.4695205688476562,-0.006671408471909996
17,8,2,L8H2,1.2387847900390625,0.278106689453125,0.2872314453125,0.9606781005859375,0.009498244889531281
18,8,2,L8H2,0.9242019653320312,-0.08154296875,-0.059814453125,1.0057449340820312,0.021604399772425564
19,8,2,L8H2,1.2661972045898438,0.3300018310546875,0.33794403076171875,0.9361953735351562,0.008483485318925262
20,8,2,L8H2,0.8046112060546875,-0.3928375244140625,-0.38652801513671875,1.19744873046875,0.005269126866812784
1,8,3,L8H3,1.0762939453125,-0.21822357177734375,-0.2064208984375,1.2945175170898438,0.009117430381611905
2,8,3,L8H3,1.0695114135742188,-0.5381088256835938,-0.5201263427734375,1.6076202392578125,0.011185777879020854
3,8,3,L8H3,1.0176162719726562,-0.01616668701171875,-0.007354736328125,1.033782958984375,0.008523985239852398
4,8,3,L8H3,1.1721267700195312,-0.171600341796875,-0.16204833984375,1.3437271118164062,0.007108587650816182
5,8,3,L8H3,0.8647003173828125,0.14643096923828125,0.1580657958984375,0.7182693481445312,0.016198417334962027
6,8,3,L8H3,1.33782958984375,0.42436981201171875,0.43680572509765625,0.9134597778320312,0.013614078460523349
7,8,3,L8H3,0.7145462036132812,-0.17333984375,-0.169952392578125,0.8878860473632812,0.003815186849635237
8,8,3,L8H3,0.9897918701171875,-0.269012451171875,-0.24550628662109375,1.2588043212890625,0.018673406305683843
9,8,3,L8H3,0.9612808227539062,-0.08667755126953125,-0.07879638671875,1.0479583740234375,0.00752049389187379
10,8,3,L8H3,1.1173248291015625,-0.10051727294921875,-0.088134765625,1.2178421020507812,0.010167580266249022
11,8,3,L8H3,1.19085693359375,0.0048065185546875,0.027069091796875,1.1860504150390625,0.018770343115182237
12,8,3,L8H3,0.45844268798828125,-0.6960830688476562,-0.6611480712890625,1.1545257568359375,0.030259175554762565
13,8,3,L8H3,0.9303741455078125,0.20587921142578125,0.213958740234375,0.7244949340820312,0.01115194658859953
14,8,3,L8H3,0.9232177734375,0.32161712646484375,0.32929229736328125,0.6016006469726562,0.012757916629678009
15,8,3,L8H3,0.989288330078125,0.3269500732421875,0.3504180908203125,0.6623382568359375,0.035432073167922226
16,8,3,L8H3,0.924041748046875,-0.5454788208007812,-0.5161514282226562,1.4695205688476562,0.01995711608250741
17,8,3,L8H3,1.2387847900390625,0.278106689453125,0.299896240234375,0.9606781005859375,0.022681427595736908
18,8,3,L8H3,0.9242019653320312,-0.08154296875,-0.063140869140625,1.0057449340820312,0.01829698463872558
19,8,3,L8H3,1.2661972045898438,0.3300018310546875,0.34625244140625,0.9361953735351562,0.017358139989731805
20,8,3,L8H3,0.8046112060546875,-0.3928375244140625,-0.38013458251953125,1.19744873046875,0.010608338855191395
1,8,4,L8H4,1.0762939453125,-0.21822357177734375,-0.13211822509765625,1.2945175170898438,0.06651539708265802
2,8,4,L8H4,1.0695114135742188,-0.5381088256835938,-0.4413909912109375,1.6076202392578125,0.06016211547405488
3,8,4,L8H4,1.0176162719726562,-0.01616668701171875,0.0756378173828125,1.033782958984375,0.08880442804428045
4,8,4,L8H4,1.1721267700195312,-0.171600341796875,-0.09293365478515625,1.3437271118164062,0.05854364797728886
5,8,4,L8H4,0.8647003173828125,0.14643096923828125,0.16925048828125,0.7182693481445312,0.031770141802538635
6,8,4,L8H4,1.33782958984375,0.42436981201171875,0.44476318359375,0.9134597778320312,0.02232541823618338
7,8,4,L8H4,0.7145462036132812,-0.17333984375,-0.168670654296875,0.8878860473632812,0.005258771063010733
8,8,4,L8H4,0.9897918701171875,-0.269012451171875,-0.160125732421875,1.2588043212890625,0.08650011515570263
9,8,4,L8H4,0.9612808227539062,-0.08667755126953125,-0.0715789794921875,1.0479583740234375,0.01440760640079209
10,8,4,L8H4,1.1173248291015625,-0.10051727294921875,-0.07337188720703125,1.2178421020507812,0.02228974158183242
11,8,4,L8H4,1.19085693359375,0.0048065185546875,0.07292938232421875,1.1860504150390625,0.05743673532401034
12,8,4,L8H4,0.45844268798828125,-0.6960830688476562,-0.612274169921875,1.1545257568359375,0.07259162338263088
13,8,4,L8H4,0.9303741455078125,0.20587921142578125,0.27143096923828125,0.7244949340820312,0.09047924937605964
14,8,4,L8H4,0.9232177734375,0.32161712646484375,0.35485076904296875,0.6016006469726562,0.05524203264301929
15,8,4,L8H4,0.989288330078125,0.3269500732421875,0.348297119140625,0.6623382568359375,0.032229824682654874
16,8,4,L8H4,0.924041748046875,-0.5454788208007812,-0.450592041015625,1.4695205688476562,0.06456988884447051
17,8,4,L8H4,1.2387847900390625,0.278106689453125,0.3343505859375,0.9606781005859375,0.05854603789767944
18,8,4,L8H4,0.9242019653320312,-0.08154296875,-0.0585174560546875,1.0057449340820312,0.022893988241987483
19,8,4,L8H4,1.2661972045898438,0.3300018310546875,0.40473175048828125,0.9361953735351562,0.07982299586827372
20,8,4,L8H4,0.8046112060546875,-0.3928375244140625,-0.323333740234375,1.19744873046875,0.058043223405882055
1,8,5,L8H5,1.0762939453125,-0.21822357177734375,-0.144561767578125,1.2945175170898438,0.05690290260792692
2,8,5,L8H5,1.0695114135742188,-0.5381088256835938,-0.457733154296875,1.6076202392578125,0.049996677961597236
3,8,5,L8H5,1.0176162719726562,-0.01616668701171875,0.05941009521484375,1.033782958984375,0.0731070110701107
4,8,5,L8H5,1.1721267700195312,-0.171600341796875,-0.104736328125,1.3437271118164062,0.04976011355571327
5,8,5,L8H5,0.8647003173828125,0.14643096923828125,0.16855621337890625,0.7182693481445312,0.030803547718944183
6,8,5,L8H5,1.33782958984375,0.42436981201171875,0.47129058837890625,0.9134597778320312,0.05136600155350834
7,8,5,L8H5,0.7145462036132812,-0.17333984375,-0.1449127197265625,0.8878860473632812,0.032016635589506515
8,8,5,L8H5,0.9897918701171875,-0.269012451171875,-0.20865631103515625,1.2588043212890625,0.04794719807993018
9,8,5,L8H5,0.9612808227539062,-0.08667755126953125,-0.05389404296875,1.0479583740234375,0.03128321612137626
10,8,5,L8H5,1.1173248291015625,-0.10051727294921875,-0.07337188720703125,1.2178421020507812,0.02228974158183242
11,8,5,L8H5,1.19085693359375,0.0048065185546875,0.04093170166015625,1.1860504150390625,0.030458387474430394
12,8,5,L8H5,0.45844268798828125,-0.6960830688476562,-0.6387557983398438,1.1545257568359375,0.04965438853865165
13,8,5,L8H5,0.9303741455078125,0.20587921142578125,0.259796142578125,0.7244949340820312,0.07442002506292057
14,8,5,L8H5,0.9232177734375,0.32161712646484375,0.34295654296875,0.6016006469726562,0.035471066414721066
15,8,5,L8H5,0.989288330078125,0.3269500732421875,0.352752685546875,0.6623382568359375,0.038956850277604996
16,8,5,L8H5,0.924041748046875,-0.5454788208007812,-0.46347808837890625,1.4695205688476562,0.05580101031602228
17,8,5,L8H5,1.2387847900390625,0.278106689453125,0.33490753173828125,0.9606781005859375,0.05912578026969933
18,8,5,L8H5,0.9242019653320312,-0.08154296875,-0.046478271484375,1.0057449340820312,0.034864403565332824
19,8,5,L8H5,1.2661972045898438,0.3300018310546875,0.37810516357421875,0.9361953735351562,0.051381724241905645
20,8,5,L8H5,0.8046112060546875,-0.3928375244140625,-0.34088897705078125,1.19744873046875,0.04338269024924818
1,8,6,L8H6,1.0762939453125,-0.21822357177734375,-0.171142578125,1.2945175170898438,0.036369529983792545
2,8,6,L8H6,1.0695114135742188,-0.5381088256835938,-0.4975128173828125,1.6076202392578125,0.02525223763015272
3,8,6,L8H6,1.0176162719726562,-0.01616668701171875,0.0225830078125,1.033782958984375,0.03748339483394834
4,8,6,L8H6,1.1721267700195312,-0.171600341796875,-0.1163330078125,1.3437271118164062,0.04112987934705465
5,8,6,L8H6,0.8647003173828125,0.14643096923828125,0.18009185791015625,0.7182693481445312,0.04686388018482129
6,8,6,L8H6,1.33782958984375,0.42436981201171875,0.45580291748046875,0.9134597778320312,0.03441104494316331
7,8,6,L8H6,0.7145462036132812,-0.17333984375,-0.1386260986328125,0.8878860473632812,0.03909707244558633
8,8,6,L8H6,0.9897918701171875,-0.269012451171875,-0.2366180419921875,1.2588043212890625,0.025734269124937877
9,8,6,L8H6,0.9612808227539062,-0.08667755126953125,-0.03997802734375,1.0479583740234375,0.04456238442609822
10,8,6,L8H6,1.1173248291015625,-0.10051727294921875,-0.04640960693359375,1.2178421020507812,0.044429130775254504
11,8,6,L8H6,1.19085693359375,0.0048065185546875,0.0425567626953125,1.1860504150390625,0.031828532465360417
12,8,6,L8H6,0.45844268798828125,-0.6960830688476562,-0.6742019653320312,1.1545257568359375,0.01895246025137782
13,8,6,L8H6,0.9303741455078125,0.20587921142578125,0.26190185546875,0.7244949340820312,0.07732648139762639
14,8,6,L8H6,0.9232177734375,0.32161712646484375,0.35894775390625,0.6016006469726562,0.06205217303082952
15,8,6,L8H6,0.989288330078125,0.3269500732421875,0.3556060791015625,0.6623382568359375,0.04326491118943949
16,8,6,L8H6,0.924041748046875,-0.5454788208007812,-0.48189544677734375,1.4695205688476562,0.04326810755244973
17,8,6,L8H6,1.2387847900390625,0.278106689453125,0.3245697021484375,0.9606781005859375,0.04836480884385076
18,8,6,L8H6,0.9242019653320312,-0.08154296875,-0.05385589599609375,1.0057449340820312,0.02752892091788356
19,8,6,L8H6,1.2661972045898438,0.3300018310546875,0.36515045166015625,0.9361953735351562,0.03754410841910536
20,8,6,L8H6,0.8046112060546875,-0.3928375244140625,-0.37384796142578125,1.19744873046875,0.015858351597940773
1,8,7,L8H7,1.0762939453125,-0.21822357177734375,-0.2102813720703125,1.2945175170898438,0.0061352585825843525
2,8,7,L8H7,1.0695114135742188,-0.5381088256835938,-0.5248336791992188,1.6076202392578125,0.008257638315441783
3,8,7,L8H7,1.0176162719726562,-0.01616668701171875,-0.00911712646484375,1.033782958984375,0.006819188191881919
4,8,7,L8H7,1.1721267700195312,-0.171600341796875,-0.1663360595703125,1.3437271118164062,0.003917672107877928
5,8,7,L8H7,0.8647003173828125,0.14643096923828125,0.14493560791015625,0.7182693481445312,-0.002081894949280365
6,8,7,L8H7,1.33782958984375,0.42436981201171875,0.429229736328125,0.9134597778320312,0.005320348453591027
7,8,7,L8H7,0.7145462036132812,-0.17333984375,-0.16846466064453125,0.8878860473632812,0.005490775668731794
8,8,7,L8H7,0.9897918701171875,-0.269012451171875,-0.26381683349609375,1.2588043212890625,0.004127422815375105
9,8,7,L8H7,0.9612808227539062,-0.08667755126953125,-0.09123992919921875,1.0479583740234375,-0.004353586977096347
10,8,7,L8H7,1.1173248291015625,-0.10051727294921875,-0.1009368896484375,1.2178421020507812,-0.00034455755677368835
11,8,7,L8H7,1.19085693359375,0.0048065185546875,0.00936126708984375,1.1860504150390625,0.003840265537958806
12,8,7,L8H7,0.45844268798828125,-0.6960830688476562,-0.6984939575195312,1.1545257568359375,-0.0020882069175158268
13,8,7,L8H7,0.9303741455078125,0.20587921142578125,0.2176055908203125,0.7244949340820312,0.016185591979865417
14,8,7,L8H7,0.9232177734375,0.32161712646484375,0.32024383544921875,0.6016006469726562,-0.0022827286216123674
15,8,7,L8H7,0.989288330078125,0.3269500732421875,0.33202362060546875,0.6623382568359375,0.007660054829866151
16,8,7,L8H7,0.924041748046875,-0.5454788208007812,-0.5400772094726562,1.4695205688476562,0.0036757643565076084
17,8,7,L8H7,1.2387847900390625,0.278106689453125,0.2860870361328125,0.9606781005859375,0.008306993440175351
18,8,7,L8H7,0.9242019653320312,-0.08154296875,-0.08807373046875,1.0057449340820312,-0.006493457234970605
19,8,7,L8H7,1.2661972045898438,0.3300018310546875,0.33852386474609375,0.9361953735351562,0.009102836792737289
20,8,7,L8H7,0.8046112060546875,-0.3928375244140625,-0.3883209228515625,1.19744873046875,0.0037718538151791632
1,8,8,L8H8,1.0762939453125,-0.21822357177734375,-0.2211456298828125,1.2945175170898438,-0.0022572565198172977
2,8,8,L8H8,1.0695114135742188,-0.5381088256835938,-0.5241470336914062,1.6076202392578125,0.008684757538654289
3,8,8,L8H8,1.0176162719726562,-0.01616668701171875,-0.01300811767578125,1.033782958984375,0.003055350553505535
4,8,8,L8H8,1.1721267700195312,-0.171600341796875,-0.19257354736328125,1.3437271118164062,-0.015608232789212207
5,8,8,L8H8,0.8647003173828125,0.14643096923828125,0.1144256591796875,0.7182693481445312,-0.04455892506240374
6,8,8,L8H8,1.33782958984375,0.42436981201171875,0.410186767578125,0.9134597778320312,-0.015526731201296261
7,8,8,L8H8,0.7145462036132812,-0.17333984375,-0.151458740234375,0.8878860473632812,0.024644044785481666
8,8,8,L8H8,0.9897918701171875,-0.269012451171875,-0.265533447265625,1.2588043212890625,0.00276373686315866
9,8,8,L8H8,0.9612808227539062,-0.08667755126953125,-0.11777496337890625,1.0479583740234375,-0.029674281803753696
10,8,8,L8H8,1.1173248291015625,-0.10051727294921875,-0.100189208984375,1.2178421020507812,0.00026938136256852
11,8,8,L8H8,1.19085693359375,0.0048065185546875,-0.02957916259765625,1.1860504150390625,-0.028991753399632055
12,8,8,L8H8,0.45844268798828125,-0.6960830688476562,-0.6539154052734375,1.1545257568359375,0.03652379630731004
13,8,8,L8H8,0.9303741455078125,0.20587921142578125,0.18395233154296875,0.7244949340820312,-0.0302650561809585
14,8,8,L8H8,0.9232177734375,0.32161712646484375,0.2935028076171875,0.6016006469726562,-0.04673252761467541
15,8,8,L8H8,0.989288330078125,0.3269500732421875,0.3050384521484375,0.6623382568359375,-0.033082221761467044
16,8,8,L8H8,0.924041748046875,-0.5454788208007812,-0.49432373046875,1.4695205688476562,0.03481073447794282
17,8,8,L8H8,1.2387847900390625,0.278106689453125,0.25955963134765625,0.9606781005859375,-0.019306215155895107
18,8,8,L8H8,0.9242019653320312,-0.08154296875,-0.0955810546875,1.0057449340820312,-0.013957898729376066
19,8,8,L8H8,1.2661972045898438,0.3300018310546875,0.321044921875,0.9361953735351562,-0.00956735039809631
20,8,8,L8H8,0.8046112060546875,-0.3928375244140625,-0.36267852783203125,1.19744873046875,0.025186044140883837
1,8,9,L8H9,1.0762939453125,-0.21822357177734375,-0.10186004638671875,1.2945175170898438,0.0898894946220716
2,8,9,L8H9,1.0695114135742188,-0.5381088256835938,-0.43135833740234375,1.6076202392578125,0.06640280190210428
3,8,9,L8H9,1.0176162719726562,-0.01616668701171875,0.1753692626953125,1.033782958984375,0.18527675276752767
4,8,9,L8H9,1.1721267700195312,-0.171600341796875,-0.04360198974609375,1.3437271118164062,0.09525621007806956
5,8,9,L8H9,0.8647003173828125,0.14643096923828125,0.24272918701171875,0.7182693481445312,0.13406978596845293
6,8,9,L8H9,1.33782958984375,0.42436981201171875,0.578094482421875,0.9134597778320312,0.1682883846018926
7,8,9,L8H9,0.7145462036132812,-0.17333984375,-0.0465545654296875,0.8878860473632812,0.14279453843972606
8,8,9,L8H9,0.9897918701171875,-0.269012451171875,-0.1889495849609375,1.2588043212890625,0.06360231281137496
9,8,9,L8H9,0.9612808227539062,-0.08667755126953125,0.123291015625,1.0479583740234375,0.20035964414158622
10,8,9,L8H9,1.1173248291015625,-0.10051727294921875,0.0691070556640625,1.2178421020507812,0.13928269381362568
11,8,9,L8H9,1.19085693359375,0.0048065185546875,0.1945037841796875,1.1860504150390625,0.15994030542011348
12,8,9,L8H9,0.45844268798828125,-0.6960830688476562,-0.569122314453125,1.1545257568359375,0.10996788390626859
13,8,9,L8H9,0.9303741455078125,0.20587921142578125,0.362762451171875,0.7244949340820312,0.21654152757447795
14,8,9,L8H9,0.9232177734375,0.32161712646484375,0.4228363037109375,0.6016006469726562,0.1682497812385071
15,8,9,L8H9,0.989288330078125,0.3269500732421875,0.4554290771484375,0.6623382568359375,0.19397792982698642
16,8,9,L8H9,0.924041748046875,-0.5454788208007812,-0.46318817138671875,1.4695205688476562,0.05599829710351845
17,8,9,L8H9,1.2387847900390625,0.278106689453125,0.4764862060546875,0.9606781005859375,0.20649946790768595
18,8,9,L8H9,0.9242019653320312,-0.08154296875,0.08512115478515625,1.0057449340820312,0.1657121183387066
19,8,9,L8H9,1.2661972045898438,0.3300018310546875,0.4918212890625,0.9361953735351562,0.17284795736254063
20,8,9,L8H9,0.8046112060546875,-0.3928375244140625,-0.248931884765625,1.19744873046875,0.1201768693613334
1,8,10,L8H10,1.0762939453125,-0.21822357177734375,-0.2790985107421875,1.2945175170898438,-0.047025195226167674
2,8,10,L8H10,1.0695114135742188,-0.5381088256835938,-0.6081924438476562,1.6076202392578125,-0.04359463538255645
3,8,10,L8H10,1.0176162719726562,-0.01616668701171875,-0.08306884765625,1.033782958984375,-0.06471586715867159
4,8,10,L8H10,1.1721267700195312,-0.171600341796875,-0.23284912109375,1.3437271118164062,-0.045581263307310146
5,8,10,L8H10,0.8647003173828125,0.14643096923828125,0.10239410400390625,0.7182693481445312,-0.06130968187370545
6,8,10,L8H10,1.33782958984375,0.42436981201171875,0.33300018310546875,0.9134597778320312,-0.10002589180566111
7,8,10,L8H10,0.7145462036132812,-0.17333984375,-0.2175140380859375,0.8878860473632812,-0.04975209878240546
8,8,10,L8H10,0.9897918701171875,-0.269012451171875,-0.31934356689453125,1.2588043212890625,-0.03998327211898615
9,8,10,L8H10,0.9612808227539062,-0.08667755126953125,-0.1494598388671875,1.0479583740234375,-0.0599091425326519
10,8,10,L8H10,1.1173248291015625,-0.10051727294921875,-0.17095947265625,1.2178421020507812,-0.057841816758026625
11,8,10,L8H10,1.19085693359375,0.0048065185546875,-0.04953765869140625,1.1860504150390625,-0.045819449626265614
12,8,10,L8H10,0.45844268798828125,-0.6960830688476562,-0.7678375244140625,1.1545257568359375,-0.06215058879505174
13,8,10,L8H10,0.9303741455078125,0.20587921142578125,0.1569671630859375,0.7244949340820312,-0.0675119259485473
14,8,10,L8H10,0.9232177734375,0.32161712646484375,0.27835845947265625,0.6016006469726562,-0.07190595158078956
15,8,10,L8H10,0.989288330078125,0.3269500732421875,0.2812957763671875,0.6623382568359375,-0.06892897458935195
16,8,10,L8H10,0.924041748046875,-0.5454788208007812,-0.6549530029296875,1.4695205688476562,-0.07449652931006734
17,8,10,L8H10,1.2387847900390625,0.278106689453125,0.20220947265625,0.9606781005859375,-0.07900379612128527
18,8,10,L8H10,0.9242019653320312,-0.08154296875,-0.15057373046875,1.0057449340820312,-0.06863644983880145
19,8,10,L8H10,1.2661972045898438,0.3300018310546875,0.26959228515625,0.9361953735351562,-0.06452664433741616
20,8,10,L8H10,0.8046112060546875,-0.3928375244140625,-0.43854522705078125,1.19744873046875,-0.03817090575462562
1,8,11,L8H11,1.0762939453125,-0.21822357177734375,-0.1567840576171875,1.2945175170898438,0.047461323117725066
2,8,11,L8H11,1.0695114135742188,-0.5381088256835938,-0.49108123779296875,1.6076202392578125,0.02925292102090986
3,8,11,L8H11,1.0176162719726562,-0.01616668701171875,0.01332855224609375,1.033782958984375,0.028531365313653138
4,8,11,L8H11,1.1721267700195312,-0.171600341796875,-0.11565399169921875,1.3437271118164062,0.041635202271114266
5,8,11,L8H11,0.8647003173828125,0.14643096923828125,0.1876678466796875,0.7182693481445312,0.05741143980030804
6,8,11,L8H11,1.33782958984375,0.42436981201171875,0.464508056640625,0.9134597778320312,0.04394089986552965
7,8,11,L8H11,0.7145462036132812,-0.17333984375,-0.15960693359375,0.8878860473632812,0.015466973714737448
8,8,11,L8H11,0.9897918701171875,-0.269012451171875,-0.238372802734375,1.2588043212890625,0.024340279040449955
9,8,11,L8H11,0.9612808227539062,-0.08667755126953125,-0.06540679931640625,1.0479583740234375,0.020297325237700024
10,8,11,L8H11,1.1173248291015625,-0.10051727294921875,-0.07399749755859375,1.2178421020507812,0.021776037588097104
11,8,11,L8H11,1.19085693359375,0.0048065185546875,0.077117919921875,1.1860504150390625,0.06096823579359055
12,8,11,L8H11,0.45844268798828125,-0.6960830688476562,-0.674957275390625,1.1545257568359375,0.01829824352721938
13,8,11,L8H11,0.9303741455078125,0.20587921142578125,0.239013671875,0.7244949340820312,0.04573456471604132
14,8,11,L8H11,0.9232177734375,0.32161712646484375,0.35172271728515625,0.6016006469726562,0.05004248411601334
15,8,11,L8H11,0.989288330078125,0.3269500732421875,0.35076904296875,0.6623382568359375,0.03596194162231898
16,8,11,L8H11,0.924041748046875,-0.5454788208007812,-0.499603271484375,1.4695205688476562,0.03121803824248623
17,8,11,L8H11,1.2387847900390625,0.278106689453125,0.31591796875,0.9606781005859375,0.03935894788671993
18,8,11,L8H11,0.9242019653320312,-0.08154296875,-0.04932403564453125,1.0057449340820312,0.03203489474682344
19,8,11,L8H11,1.2661972045898438,0.3300018310546875,0.35459136962890625,0.9361953735351562,0.026265392106528455
20,8,11,L8H11,0.8046112060546875,-0.3928375244140625,-0.359710693359375,1.19744873046875,0.027664508894439065
1,9,0,L9H0,1.0762939453125,-0.21822357177734375,-0.232269287109375,1.2945175170898438,-0.0108501547075291
2,9,0,L9H0,1.0695114135742188,-0.5381088256835938,-0.5504302978515625,1.6076202392578125,-0.007664417172091081
3,9,0,L9H0,1.0176162719726562,-0.01616668701171875,-0.02149200439453125,1.033782958984375,-0.005151291512915129
4,9,0,L9H0,1.1721267700195312,-0.171600341796875,-0.1810302734375,1.3437271118164062,-0.0070177430801987226
5,9,0,L9H0,0.8647003173828125,0.14643096923828125,0.14360809326171875,0.7182693481445312,-0.003930107812417016
6,9,0,L9H0,1.33782958984375,0.42436981201171875,0.42431640625,0.9134597778320312,-5.8465367621879414e-05
7,9,0,L9H0,0.7145462036132812,-0.17333984375,-0.17678070068359375,0.8878860473632812,-0.003875336191859216
8,9,0,L9H0,0.9897918701171875,-0.269012451171875,-0.27281951904296875,1.2588043212890625,-0.0030243524006933584
9,9,0,L9H0,0.9612808227539062,-0.08667755126953125,-0.08820343017578125,1.0479583740234375,-0.001456049156219514
10,9,0,L9H0,1.1173248291015625,-0.10051727294921875,-0.0953521728515625,1.2178421020507812,0.004241190289741582
11,9,0,L9H0,1.19085693359375,0.0048065185546875,-0.01305389404296875,1.1860504150390625,-0.015058729689047846
12,9,0,L9H0,0.45844268798828125,-0.6960830688476562,-0.6973876953125,1.1545257568359375,-0.0011300107053645772
13,9,0,L9H0,0.9303741455078125,0.20587921142578125,0.1977996826171875,0.7244949340820312,-0.01115194658859953
14,9,0,L9H0,0.9232177734375,0.32161712646484375,0.32696533203125,0.6016006469726562,0.008889959798612608
15,9,0,L9H0,0.989288330078125,0.3269500732421875,0.31147003173828125,0.6623382568359375,-0.023371806390674314
16,9,0,L9H0,0.924041748046875,-0.5454788208007812,-0.5598983764648438,1.4695205688476562,-0.009812421799151667
17,9,0,L9H0,1.2387847900390625,0.278106689453125,0.28759002685546875,0.9606781005859375,0.00987150367699614
18,9,0,L9H0,0.9242019653320312,-0.08154296875,-0.09099578857421875,1.0057449340820312,-0.00939882419874834
19,9,0,L9H0,1.2661972045898438,0.3300018310546875,0.32947540283203125,0.9361953735351562,-0.0005623059433293401
20,9,0,L9H0,0.8046112060546875,-0.3928375244140625,-0.40021514892578125,1.19744873046875,-0.006161119323105153
1,9,1,L9H1,1.0762939453125,-0.21822357177734375,-0.18874359130859375,1.2945175170898438,0.02277294828348313
2,9,1,L9H1,1.0695114135742188,-0.5381088256835938,-0.5306396484375,1.6076202392578125,0.004646107994722704
3,9,1,L9H1,1.0176162719726562,-0.01616668701171875,-0.003570556640625,1.033782958984375,0.01218450184501845
4,9,1,L9H1,1.1721267700195312,-0.171600341796875,-0.13812255859375,1.3437271118164062,0.024914123491838185
5,9,1,L9H1,0.8647003173828125,0.14643096923828125,0.17139434814453125,0.7182693481445312,0.03475489935737426
6,9,1,L9H1,1.33782958984375,0.42436981201171875,0.4478607177734375,0.9134597778320312,0.025716409558252388
7,9,1,L9H1,0.7145462036132812,-0.17333984375,-0.1468048095703125,0.8878860473632812,0.02988563032214269
8,9,1,L9H1,0.9897918701171875,-0.269012451171875,-0.269683837890625,1.2588043212890625,-0.0005333527279779871
9,9,1,L9H1,0.9612808227539062,-0.08667755126953125,-0.05843353271484375,1.0479583740234375,0.026951469881623204
10,9,1,L9H1,1.1173248291015625,-0.10051727294921875,-0.07082366943359375,1.2178421020507812,0.024382145653876273
11,9,1,L9H1,1.19085693359375,0.0048065185546875,0.0556182861328125,1.1860504150390625,0.04284115323753039
12,9,1,L9H1,0.45844268798828125,-0.6960830688476562,-0.6935806274414062,1.1545257568359375,0.0021675059143835165
13,9,1,L9H1,0.9303741455078125,0.20587921142578125,0.21099853515625,0.7244949340820312,0.007066058697781194
14,9,1,L9H1,0.9232177734375,0.32161712646484375,0.34200286865234375,0.6016006469726562,0.03388583820526803
15,9,1,L9H1,0.989288330078125,0.3269500732421875,0.3530731201171875,0.6623382568359375,0.03944064321422812
16,9,1,L9H1,0.924041748046875,-0.5454788208007812,-0.5288543701171875,1.4695205688476562,0.011312839735635705
17,9,1,L9H1,1.2387847900390625,0.278106689453125,0.29718017578125,0.9606781005859375,0.019854190822598834
18,9,1,L9H1,0.9242019653320312,-0.08154296875,-0.040313720703125,1.0057449340820312,0.04099374170301536
19,9,1,L9H1,1.2661972045898438,0.3300018310546875,0.35059356689453125,0.9361953735351562,0.02199512668182448
20,9,1,L9H1,0.8046112060546875,-0.3928375244140625,-0.38294219970703125,1.19744873046875,0.008263672970080025
1,9,2,L9H2,1.0762939453125,-0.21822357177734375,0.0763702392578125,1.2945175170898438,0.2275703550906144
2,9,2,L9H2,1.0695114135742188,-0.5381088256835938,-0.23213958740234375,1.6076202392578125,0.19032432586349268
3,9,2,L9H2,1.0176162719726562,-0.01616668701171875,0.187591552734375,1.033782958984375,0.19709963099630998
4,9,2,L9H2,1.1721267700195312,-0.171600341796875,0.121856689453125,1.3437271118164062,0.21839034776437188
5,9,2,L9H2,0.8647003173828125,0.14643096923828125,0.3499908447265625,0.7182693481445312,0.283403260927293
6,9,2,L9H2,1.33782958984375,0.42436981201171875,0.6567001342773438,0.9134597778320312,0.25434105354592457
7,9,2,L9H2,0.7145462036132812,-0.17333984375,-0.07440948486328125,0.8878860473632812,0.1114223600883336
8,9,2,L9H2,0.9897918701171875,-0.269012451171875,-0.1197509765625,1.2588043212890625,0.1185740087518334
9,9,2,L9H2,0.9612808227539062,-0.08667755126953125,0.03203582763671875,1.0479583740234375,0.11328062435387819
10,9,2,L9H2,1.1173248291015625,-0.10051727294921875,-0.0017547607421875,1.2178421020507812,0.08109631949882537
11,9,2,L9H2,1.19085693359375,0.0048065185546875,0.2480316162109375,1.1860504150390625,0.20507146624811845
12,9,2,L9H2,0.45844268798828125,-0.6960830688476562,-0.618255615234375,1.1545257568359375,0.06741075558727515
13,9,2,L9H2,0.9303741455078125,0.20587921142578125,0.29972076416015625,0.7244949340820312,0.1295268583944988
14,9,2,L9H2,0.9232177734375,0.32161712646484375,0.459686279296875,0.6016006469726562,0.22950299925177228
15,9,2,L9H2,0.989288330078125,0.3269500732421875,0.41155242919921875,0.6623382568359375,0.1277328541479485
16,9,2,L9H2,0.924041748046875,-0.5454788208007812,-0.328521728515625,1.4695205688476562,0.14763800989548992
17,9,2,L9H2,1.2387847900390625,0.278106689453125,0.401214599609375,0.9606781005859375,0.12814688924538192
18,9,2,L9H2,0.9242019653320312,-0.08154296875,0.06951904296875,1.0057449340820312,0.15019912763132942
19,9,2,L9H2,1.2661972045898438,0.3300018310546875,0.42962646484375,0.9361953735351562,0.10641436243470324
20,9,2,L9H2,0.8046112060546875,-0.3928375244140625,-0.08022308349609375,1.19744873046875,0.2610670778327132
1,9,3,L9H3,1.0762939453125,-0.21822357177734375,-0.13434600830078125,1.2945175170898438,0.06479445999705319
2,9,3,L9H3,1.0695114135742188,-0.5381088256835938,-0.44048309326171875,1.6076202392578125,0.06072686200252475
3,9,3,L9H3,1.0176162719726562,-0.01616668701171875,0.09188079833984375,1.033782958984375,0.10451660516605166
4,9,3,L9H3,1.1721267700195312,-0.171600341796875,-0.09235382080078125,1.3437271118164062,0.05897515968772179
5,9,3,L9H3,0.8647003173828125,0.14643096923828125,0.1699676513671875,0.7182693481445312,0.03276860162515269
6,9,3,L9H3,1.33782958984375,0.42436981201171875,0.4798583984375,0.9134597778320312,0.06074551695913271
7,9,3,L9H3,0.7145462036132812,-0.17333984375,-0.1053619384765625,0.8878860473632812,0.07656151988795037
8,9,3,L9H3,0.9897918701171875,-0.269012451171875,-0.17235565185546875,1.2588043212890625,0.07678461034946725
9,9,3,L9H3,0.9612808227539062,-0.08667755126953125,-0.04195404052734375,1.0479583740234375,0.04267680076879395
10,9,3,L9H3,1.1173248291015625,-0.10051727294921875,-0.05120086669921875,1.2178421020507812,0.040494909945184024
11,9,3,L9H3,1.19085693359375,0.0048065185546875,0.0724029541015625,1.1860504150390625,0.05699288553821611
12,9,3,L9H3,0.45844268798828125,-0.6960830688476562,-0.6141204833984375,1.1545257568359375,0.07099242694579913
13,9,3,L9H3,0.9303741455078125,0.20587921142578125,0.2708740234375,0.7244949340820312,0.08971051273680775
14,9,3,L9H3,0.9232177734375,0.32161712646484375,0.35231781005859375,0.6016006469726562,0.051031666518712035
15,9,3,L9H3,0.989288330078125,0.3269500732421875,0.38484954833984375,0.6623382568359375,0.08741677609602137
16,9,3,L9H3,0.924041748046875,-0.5454788208007812,-0.4422454833984375,1.4695205688476562,0.07024967162133397
17,9,3,L9H3,1.2387847900390625,0.278106689453125,0.34485626220703125,0.9606781005859375,0.06948172620276688
18,9,3,L9H3,0.9242019653320312,-0.08154296875,-0.02889251708984375,1.0057449340820312,0.052349706049687084
19,9,3,L9H3,1.2661972045898438,0.3300018310546875,0.42641448974609375,0.9361953735351562,0.10298348124424452
20,9,3,L9H3,0.8046112060546875,-0.3928375244140625,-0.31540679931640625,1.19744873046875,0.064663081706509
1,9,4,L9H4,1.0762939453125,-0.21822357177734375,-0.2147064208984375,1.2945175170898438,0.0027169588919994108
2,9,4,L9H4,1.0695114135742188,-0.5381088256835938,-0.5351638793945312,1.6076202392578125,0.0018318668906669704
3,9,4,L9H4,1.0176162719726562,-0.01616668701171875,-0.01108551025390625,1.033782958984375,0.004915129151291513
4,9,4,L9H4,1.1721267700195312,-0.171600341796875,-0.1700592041015625,1.3437271118164062,0.0011469127040454224
5,9,4,L9H4,0.8647003173828125,0.14643096923828125,0.149322509765625,0.7182693481445312,0.004025705029475808
6,9,4,L9H4,1.33782958984375,0.42436981201171875,0.42641448974609375,0.9134597778320312,0.002238388360380526
7,9,4,L9H4,0.7145462036132812,-0.17333984375,-0.16965484619140625,0.8878860473632812,0.004150304613454549
8,9,4,L9H4,0.9897918701171875,-0.269012451171875,-0.269622802734375,1.2588043212890625,-0.0004848661163436246
9,9,4,L9H4,0.9612808227539062,-0.08667755126953125,-0.088226318359375,1.0479583740234375,-0.0014778898935628067
10,9,4,L9H4,1.1173248291015625,-0.10051727294921875,-0.09780120849609375,1.2178421020507812,0.002230227094753328
11,9,4,L9H4,1.19085693359375,0.0048065185546875,0.00933837890625,1.1860504150390625,0.003820967721185143
12,9,4,L9H4,0.45844268798828125,-0.6960830688476562,-0.6923446655273438,1.1545257568359375,0.0032380423720973265
13,9,4,L9H4,0.9303741455078125,0.20587921142578125,0.20664215087890625,0.7244949340820312,0.001053063889386169
14,9,4,L9H4,0.9232177734375,0.32161712646484375,0.3184661865234375,0.6016006469726562,-0.005237594004032821
15,9,4,L9H4,0.989288330078125,0.3269500732421875,0.32590484619140625,0.6623382568359375,-0.0015780864837468612
16,9,4,L9H4,0.924041748046875,-0.5454788208007812,-0.5440673828125,1.4695205688476562,0.0009604751496524118
17,9,4,L9H4,1.2387847900390625,0.278106689453125,0.28130340576171875,0.9606781005859375,0.0033275623818675645
18,9,4,L9H4,0.9242019653320312,-0.08154296875,-0.07973480224609375,1.0057449340820312,0.0017978380428598521
19,9,4,L9H4,1.2661972045898438,0.3300018310546875,0.33379364013671875,0.9361953735351562,0.004050232664270755
20,9,4,L9H4,0.8046112060546875,-0.3928375244140625,-0.390625,1.19744873046875,0.0018476986594627657
1,9,5,L9H5,1.0762939453125,-0.21822357177734375,-0.2750396728515625,1.2945175170898438,-0.043889789303079414
2,9,5,L9H5,1.0695114135742188,-0.5381088256835938,-0.6065139770507812,1.6076202392578125,-0.042550566170259214
3,9,5,L9H5,1.0176162719726562,-0.01616668701171875,-0.073577880859375,1.033782958984375,-0.0555350553505535
4,9,5,L9H5,1.1721267700195312,-0.171600341796875,-0.206756591796875,1.3437271118164062,-0.026163236337828247
5,9,5,L9H5,0.8647003173828125,0.14643096923828125,0.1014404296875,0.7182693481445312,-0.06263742099952202
6,9,5,L9H5,1.33782958984375,0.42436981201171875,0.3558502197265625,0.9134597778320312,-0.07501106665887128
7,9,5,L9H5,0.7145462036132812,-0.17333984375,-0.20159912109375,0.8878860473632812,-0.03182759479965973
8,9,5,L9H5,0.9897918701171875,-0.269012451171875,-0.3121337890625,1.2588043212890625,-0.03425579111967708
9,9,5,L9H5,0.9612808227539062,-0.08667755126953125,-0.1234588623046875,1.0479583740234375,-0.035098064910671384
10,9,5,L9H5,1.1173248291015625,-0.10051727294921875,-0.12795257568359375,1.2178421020507812,-0.022527799530148787
11,9,5,L9H5,1.19085693359375,0.0048065185546875,-0.0493927001953125,1.1860504150390625,-0.04569723012003242
12,9,5,L9H5,0.45844268798828125,-0.6960830688476562,-0.737548828125,1.1545257568359375,-0.035915837331324425
13,9,5,L9H5,0.9303741455078125,0.20587921142578125,0.171112060546875,0.7244949340820312,-0.04798812143932772
14,9,5,L9H5,0.9232177734375,0.32161712646484375,0.2917938232421875,0.6016006469726562,-0.049573256566015245
15,9,5,L9H5,0.989288330078125,0.3269500732421875,0.29802703857421875,0.6623382568359375,-0.04366807196995876
16,9,5,L9H5,0.924041748046875,-0.5454788208007812,-0.5923538208007812,1.4695205688476562,-0.03189815848359145
17,9,5,L9H5,1.2387847900390625,0.278106689453125,0.21478271484375,0.9606781005859375,-0.06591591353102813
18,9,5,L9H5,0.9242019653320312,-0.08154296875,-0.12225341796875,1.0057449340820312,-0.0404779063151906
19,9,5,L9H5,1.2661972045898438,0.3300018310546875,0.27349853515625,0.9361953735351562,-0.06035417125068251
20,9,5,L9H5,0.8046112060546875,-0.3928375244140625,-0.4307403564453125,1.19744873046875,-0.031652989449003514
1,9,6,L9H6,1.0762939453125,-0.21822357177734375,-0.21688079833984375,1.2945175170898438,0.0010372771474878445
2,9,6,L9H6,1.0695114135742188,-0.5381088256835938,-0.5323715209960938,1.6076202392578125,0.0035688183983978283
3,9,6,L9H6,1.0176162719726562,-0.01616668701171875,-0.0146636962890625,1.033782958984375,0.0014538745387453875
4,9,6,L9H6,1.1721267700195312,-0.171600341796875,-0.16959381103515625,1.3437271118164062,0.0014932576295244855
5,9,6,L9H6,0.8647003173828125,0.14643096923828125,0.1458282470703125,0.7182693481445312,-0.0008391311275160656
6,9,6,L9H6,1.33782958984375,0.42436981201171875,0.4268951416015625,0.9134597778320312,0.0027645766689774406
7,9,6,L9H6,0.7145462036132812,-0.17333984375,-0.17116546630859375,0.8878860473632812,0.0024489375048334294
8,9,6,L9H6,0.9897918701171875,-0.269012451171875,-0.2632904052734375,1.2588043212890625,0.004545619840721481
9,9,6,L9H6,0.9612808227539062,-0.08667755126953125,-0.082794189453125,1.0479583740234375,0.003705645102578663
10,9,6,L9H6,1.1173248291015625,-0.10051727294921875,-0.0894775390625,1.2178421020507812,0.009064996084573219
11,9,6,L9H6,1.19085693359375,0.0048065185546875,0.00347137451171875,1.1860504150390625,-0.0011257059784636366
12,9,6,L9H6,0.45844268798828125,-0.6960830688476562,-0.6948776245117188,1.1545257568359375,0.0010441034587579134
13,9,6,L9H6,0.9303741455078125,0.20587921142578125,0.2085418701171875,0.7244949340820312,0.00367519297395773
14,9,6,L9H6,0.9232177734375,0.32161712646484375,0.32437896728515625,0.6016006469726562,0.004590820894575983
15,9,6,L9H6,0.989288330078125,0.3269500732421875,0.32867431640625,0.6623382568359375,0.0026032667542101504
16,9,6,L9H6,0.924041748046875,-0.5454788208007812,-0.541900634765625,1.4695205688476562,0.002434934298308006
17,9,6,L9H6,1.2387847900390625,0.278106689453125,0.27487945556640625,0.9606781005859375,-0.003359329087183723
18,9,6,L9H6,0.9242019653320312,-0.08154296875,-0.0778350830078125,1.0057449340820312,0.003686705860041722
19,9,6,L9H6,1.2661972045898438,0.3300018310546875,0.3303985595703125,0.9361953735351562,0.00042376679787138675
20,9,6,L9H6,0.8046112060546875,-0.3928375244140625,-0.391448974609375,1.19744873046875,0.0011595901931800805
1,9,7,L9H7,1.0762939453125,-0.21822357177734375,-0.4185791015625,1.2945175170898438,-0.1547723589214675
2,9,7,L9H7,1.0695114135742188,-0.5381088256835938,-0.68365478515625,1.6076202392578125,-0.09053503801361086
3,9,7,L9H7,1.0176162719726562,-0.01616668701171875,-0.16900634765625,1.033782958984375,-0.1478450184501845
4,9,7,L9H7,1.1721267700195312,-0.171600341796875,-0.34700775146484375,1.3437271118164062,-0.13053797019162527
5,9,7,L9H7,0.8647003173828125,0.14643096923828125,0.06105804443359375,0.7182693481445312,-0.11885920654309841
6,9,7,L9H7,1.33782958984375,0.42436981201171875,0.298309326171875,0.9134597778320312,-0.13800332417375907
7,9,7,L9H7,0.7145462036132812,-0.17333984375,-0.2904510498046875,0.8878860473632812,-0.13189891473401102
8,9,7,L9H7,0.9897918701171875,-0.269012451171875,-0.3690643310546875,1.2588043212890625,-0.07948167812162867
9,9,7,L9H7,0.9612808227539062,-0.08667755126953125,-0.14286041259765625,1.0479583740234375,-0.05361172993200251
10,9,7,L9H7,1.1173248291015625,-0.10051727294921875,-0.1696319580078125,1.2178421020507812,-0.056751761942051684
11,9,7,L9H7,1.19085693359375,0.0048065185546875,-0.12841796875,1.1860504150390625,-0.11232615883389725
12,9,7,L9H7,0.45844268798828125,-0.6960830688476562,-0.7720947265625,1.1545257568359375,-0.06583799214939931
13,9,7,L9H7,0.9303741455078125,0.20587921142578125,0.0792694091796875,0.7244949340820312,-0.17475595244363476
14,9,7,L9H7,0.9232177734375,0.32161712646484375,0.2791595458984375,0.6016006469726562,-0.07057435988484902
15,9,7,L9H7,0.989288330078125,0.3269500732421875,0.25289154052734375,0.6623382568359375,-0.11181376275715899
16,9,7,L9H7,0.924041748046875,-0.5454788208007812,-0.6441650390625,1.4695205688476562,-0.0671553841121835
17,9,7,L9H7,1.2387847900390625,0.278106689453125,0.19488525390625,0.9606781005859375,-0.08662780539716324
18,9,7,L9H7,0.9242019653320312,-0.08154296875,-0.1607208251953125,1.0057449340820312,-0.07872558315949175
19,9,7,L9H7,1.2661972045898438,0.3300018310546875,0.2092742919921875,0.9361953735351562,-0.128955496336862
20,9,7,L9H7,0.8046112060546875,-0.3928375244140625,-0.5244598388671875,1.19744873046875,-0.10991895611397115
1,9,8,L9H8,1.0762939453125,-0.21822357177734375,-0.22229766845703125,1.2945175170898438,-0.003147193163400619
2,9,8,L9H8,1.0695114135742188,-0.5381088256835938,-0.5414581298828125,1.6076202392578125,-0.0020833926554476682
3,9,8,L9H8,1.0176162719726562,-0.01616668701171875,-0.01869964599609375,1.033782958984375,-0.0024501845018450184
4,9,8,L9H8,1.1721267700195312,-0.171600341796875,-0.173797607421875,1.3437271118164062,-0.0016352022711142655
5,9,8,L9H8,0.8647003173828125,0.14643096923828125,0.14955902099609375,0.7182693481445312,0.0043549843326783156
6,9,8,L9H8,1.33782958984375,0.42436981201171875,0.4250640869140625,0.9134597778320312,0.0007600497790844323
7,9,8,L9H8,0.7145462036132812,-0.17333984375,-0.1778411865234375,0.8878860473632812,-0.005069730273163942
8,9,8,L9H8,0.9897918701171875,-0.269012451171875,-0.2761993408203125,1.2588043212890625,-0.00570929851994618
9,9,8,L9H8,0.9612808227539062,-0.08667755126953125,-0.0865631103515625,1.0479583740234375,0.00010920368671646355
10,9,8,L9H8,1.1173248291015625,-0.10051727294921875,-0.1010589599609375,1.2178421020507812,-0.0004447924823805795
11,9,8,L9H8,1.19085693359375,0.0048065185546875,-0.00279998779296875,1.1860504150390625,-0.006413307774447118
12,9,8,L9H8,0.45844268798828125,-0.6960830688476562,-0.6981277465820312,1.1545257568359375,-0.0017710109300450682
13,9,8,L9H8,0.9303741455078125,0.20587921142578125,0.20554351806640625,0.7244949340820312,-0.0004633481113299144
14,9,8,L9H8,0.9232177734375,0.32161712646484375,0.3197174072265625,0.6016006469726562,-0.0031577745932304412
15,9,8,L9H8,0.989288330078125,0.3269500732421875,0.32405853271484375,0.6623382568359375,-0.004365655309051536
16,9,8,L9H8,0.924041748046875,-0.5454788208007812,-0.5457687377929688,1.4695205688476562,-0.00019728678749617108
17,9,8,L9H8,1.2387847900390625,0.278106689453125,0.2784576416015625,0.9606781005859375,0.0003653171111358185
18,9,8,L9H8,0.9242019653320312,-0.08154296875,-0.0833740234375,1.0057449340820312,-0.0018205954864403565
19,9,8,L9H8,1.2661972045898438,0.3300018310546875,0.32761383056640625,0.9361953735351562,-0.0025507501487258472
20,9,8,L9H8,0.8046112060546875,-0.3928375244140625,-0.39568328857421875,1.19744873046875,-0.0023765227585503847
1,9,9,L9H9,1.0762939453125,-0.21822357177734375,-0.208740234375,1.2945175170898438,0.007325769854132901
2,9,9,L9H9,1.0695114135742188,-0.5381088256835938,-0.5321884155273438,1.6076202392578125,0.0036827168579211633
3,9,9,L9H9,1.0176162719726562,-0.01616668701171875,-0.004791259765625,1.033782958984375,0.011003690036900368
4,9,9,L9H9,1.1721267700195312,-0.171600341796875,-0.1631622314453125,1.3437271118164062,0.006279630943931866
5,9,9,L9H9,0.8647003173828125,0.14643096923828125,0.1588287353515625,0.7182693481445312,0.017260608635615276
6,9,9,L9H9,1.33782958984375,0.42436981201171875,0.4377899169921875,0.9134597778320312,0.01469151166384084
7,9,9,L9H9,0.7145462036132812,-0.17333984375,-0.17111968994140625,0.8878860473632812,0.002500494083882554
8,9,9,L9H9,0.9897918701171875,-0.269012451171875,-0.2643890380859375,1.2588043212890625,0.0036728608313029566
9,9,9,L9H9,0.9612808227539062,-0.08667755126953125,-0.07567596435546875,1.0479583740234375,0.010498114416342696
10,9,9,L9H9,1.1173248291015625,-0.10051727294921875,-0.08856964111328125,1.2178421020507812,0.00981049334377447
11,9,9,L9H9,1.19085693359375,0.0048065185546875,0.01971435546875,1.1860504150390625,0.012569311325245403
12,9,9,L9H9,0.45844268798828125,-0.6960830688476562,-0.6887969970703125,1.1545257568359375,0.006310878500720299
13,9,9,L9H9,0.9303741455078125,0.20587921142578125,0.21282196044921875,0.7244949340820312,0.009582881393414138
14,9,9,L9H9,0.9232177734375,0.32161712646484375,0.32297515869140625,0.6016006469726562,0.002257364970261119
15,9,9,L9H9,0.989288330078125,0.3269500732421875,0.33240509033203125,0.6623382568359375,0.008235998802036537
16,9,9,L9H9,0.924041748046875,-0.5454788208007812,-0.5400924682617188,1.4695205688476562,0.003665380841376231
17,9,9,L9H9,1.2387847900390625,0.278106689453125,0.28029632568359375,0.9606781005859375,0.002279261106434346
18,9,9,L9H9,0.9242019653320312,-0.08154296875,-0.06694793701171875,1.0057449340820312,0.014511663189835008
19,9,9,L9H9,1.2661972045898438,0.3300018310546875,0.3352813720703125,0.9361953735351562,0.005639358156288455
20,9,9,L9H9,0.8046112060546875,-0.3928375244140625,-0.38591766357421875,1.19744873046875,0.005778836841836995
1,9,10,L9H10,1.0762939453125,-0.21822357177734375,-0.1193084716796875,1.2945175170898438,0.07641078532488581
2,9,10,L9H10,1.0695114135742188,-0.5381088256835938,-0.442291259765625,1.6076202392578125,0.05960211471473182
3,9,10,L9H10,1.0176162719726562,-0.01616668701171875,0.08159637451171875,1.033782958984375,0.09456826568265683
4,9,10,L9H10,1.1721267700195312,-0.171600341796875,-0.087371826171875,1.3437271118164062,0.06268275372604684
5,9,10,L9H10,0.8647003173828125,0.14643096923828125,0.21619415283203125,0.7182693481445312,0.09712677253173296
6,9,10,L9H10,1.33782958984375,0.42436981201171875,0.5059585571289062,0.9134597778320312,0.08931837733548263
7,9,10,L9H10,0.7145462036132812,-0.17333984375,-0.1169891357421875,0.8878860473632812,0.06346614880947266
8,9,10,L9H10,0.9897918701171875,-0.269012451171875,-0.16796112060546875,1.2588043212890625,0.08027564638714135
9,9,10,L9H10,0.9612808227539062,-0.08667755126953125,-0.01332855224609375,1.0479583740234375,0.06999228293947203
10,9,10,L9H10,1.1173248291015625,-0.10051727294921875,-0.02739715576171875,1.2178421020507812,0.060040720438527796
11,9,10,L9H10,1.19085693359375,0.0048065185546875,0.1199951171875,1.1860504150390625,0.09711947921625133
12,9,10,L9H10,0.45844268798828125,-0.6960830688476562,-0.6176910400390625,1.1545257568359375,0.06789976606795924
13,9,10,L9H10,0.9303741455078125,0.20587921142578125,0.31659698486328125,0.7244949340820312,0.15282063162772086
14,9,10,L9H10,0.9232177734375,0.32161712646484375,0.37359619140625,0.6016006469726562,0.0864012783280281
15,9,10,L9H10,0.989288330078125,0.3269500732421875,0.43700408935546875,0.6623382568359375,0.16615983597115672
16,9,10,L9H10,0.924041748046875,-0.5454788208007812,-0.432891845703125,1.4695205688476562,0.07661476639686833
17,9,10,L9H10,1.2387847900390625,0.278106689453125,0.37689208984375,0.9606781005859375,0.10282882510840388
18,9,10,L9H10,0.9242019653320312,-0.08154296875,-0.0039215087890625,1.0057449340820312,0.07717807699601745
19,9,10,L9H10,1.2661972045898438,0.3300018310546875,0.46167755126953125,0.9361953735351562,0.14064983008581278
20,9,10,L9H10,0.8046112060546875,-0.3928375244140625,-0.31449127197265625,1.19744873046875,0.06542764666904531
1,9,11,L9H11,1.0762939453125,-0.21822357177734375,-0.21474456787109375,1.2945175170898438,0.002687490791218506
2,9,11,L9H11,1.0695114135742188,-0.5381088256835938,-0.5354080200195312,1.6076202392578125,0.0016800022779691905
3,9,11,L9H11,1.0176162719726562,-0.01616668701171875,-0.01441192626953125,1.033782958984375,0.0016974169741697416
4,9,11,L9H11,1.1721267700195312,-0.171600341796875,-0.1694488525390625,1.3437271118164062,0.0016011355571327183
5,9,11,L9H11,0.8647003173828125,0.14643096923828125,0.14723968505859375,0.7182693481445312,0.0011259227786924425
6,9,11,L9H11,1.33782958984375,0.42436981201171875,0.42481231689453125,0.9134597778320312,0.0004844273317241437
7,9,11,L9H11,0.7145462036132812,-0.17333984375,-0.1734161376953125,0.8878860473632812,-8.592763174854138e-05
8,9,11,L9H11,0.9897918701171875,-0.269012451171875,-0.270172119140625,1.2588043212890625,-0.0009212456210528868
9,9,11,L9H11,0.9612808227539062,-0.08667755126953125,-0.08575439453125,1.0479583740234375,0.000880909739512806
10,9,11,L9H11,1.1173248291015625,-0.10051727294921875,-0.09980010986328125,1.2178421020507812,0.0005888801879404855
11,9,11,L9H11,1.19085693359375,0.0048065185546875,0.00618743896484375,1.1860504150390625,0.0011643016120109612
12,9,11,L9H11,0.45844268798828125,-0.6960830688476562,-0.6937789916992188,1.1545257568359375,0.001995691421170189
13,9,11,L9H11,0.9303741455078125,0.20587921142578125,0.207763671875,0.7244949340820312,0.0026010678067838375
14,9,11,L9H11,0.9232177734375,0.32161712646484375,0.32219696044921875,0.6016006469726562,0.000963818751347444
15,9,11,L9H11,0.989288330078125,0.3269500732421875,0.32798004150390625,0.6623382568359375,0.0015550487248600455
16,9,11,L9H11,0.924041748046875,-0.5454788208007812,-0.5432510375976562,1.4695205688476562,0.001515993209181104
17,9,11,L9H11,1.2387847900390625,0.278106689453125,0.27744293212890625,0.9606781005859375,-0.0006909258406264394
18,9,11,L9H11,0.9242019653320312,-0.08154296875,-0.08039093017578125,1.0057449340820312,0.0011454579935520576
19,9,11,L9H11,1.2661972045898438,0.3300018310546875,0.3319549560546875,0.9361953735351562,0.0020862365433668272
20,9,11,L9H11,0.8046112060546875,-0.3928375244140625,-0.3915557861328125,1.19744873046875,0.0010703909475508436
1,10,0,L10H0,1.0762939453125,-0.21822357177734375,-0.21710205078125,1.2945175170898438,0.0008663621629585973
2,10,0,L10H0,1.0695114135742188,-0.5381088256835938,-0.539215087890625,1.6076202392578125,-0.0006881365262868153
3,10,0,L10H0,1.0176162719726562,-0.01616668701171875,-0.0207977294921875,1.033782958984375,-0.00447970479704797
4,10,0,L10H0,1.1721267700195312,-0.171600341796875,-0.17540740966796875,1.3437271118164062,-0.0028332150461320084
5,10,0,L10H0,0.8647003173828125,0.14643096923828125,0.16564178466796875,0.7182693481445312,0.026745976950448776
6,10,0,L10H0,1.33782958984375,0.42436981201171875,0.427734375,0.9134597778320312,0.0036833181601784028
7,10,0,L10H0,0.7145462036132812,-0.17333984375,-0.18657684326171875,0.8878860473632812,-0.01490844410837193
8,10,0,L10H0,0.9897918701171875,-0.269012451171875,-0.27588653564453125,1.2588043212890625,-0.005460804635320072
9,10,0,L10H0,0.9612808227539062,-0.08667755126953125,-0.04654693603515625,1.0479583740234375,0.03829409280857322
10,10,0,L10H0,1.1173248291015625,-0.10051727294921875,-0.0979461669921875,1.2178421020507812,0.002111198120595145
11,10,0,L10H0,1.19085693359375,0.0048065185546875,0.00780487060546875,1.1860504150390625,0.0025280139973497665
12,10,0,L10H0,0.45844268798828125,-0.6960830688476562,-0.6846771240234375,1.1545257568359375,0.009879333359766332
13,10,0,L10H0,0.9303741455078125,0.20587921142578125,0.20609283447265625,0.7244949340820312,0.00029485788902812736
14,10,0,L10H0,0.9232177734375,0.32161712646484375,0.3227996826171875,0.6016006469726562,0.0019656829797217606
15,10,0,L10H0,0.989288330078125,0.3269500732421875,0.3311004638671875,0.6623382568359375,0.006266270417213814
16,10,0,L10H0,0.924041748046875,-0.5454788208007812,-0.5130462646484375,1.4695205688476562,0.022070161411742718
17,10,0,L10H0,1.2387847900390625,0.278106689453125,0.282379150390625,0.9606781005859375,0.004447338744262139
18,10,0,L10H0,0.9242019653320312,-0.08154296875,-0.05464935302734375,1.0057449340820312,0.026739996207092737
19,10,0,L10H0,1.2661972045898438,0.3300018310546875,0.3303680419921875,0.9361953735351562,0.0003911693518812801
20,10,0,L10H0,0.8046112060546875,-0.3928375244140625,-0.3930511474609375,1.19744873046875,-0.00017839849125847392
1,10,1,L10H1,1.0762939453125,-0.21822357177734375,-0.17687225341796875,1.2945175170898438,0.03194342124650066
2,10,1,L10H1,1.0695114135742188,-0.5381088256835938,-0.4818267822265625,1.6076202392578125,0.03500953899598508
3,10,1,L10H1,1.0176162719726562,-0.01616668701171875,0.02371978759765625,1.033782958984375,0.0385830258302583
4,10,1,L10H1,1.1721267700195312,-0.171600341796875,-0.1300811767578125,1.3437271118164062,0.030898509581263306
5,10,1,L10H1,0.8647003173828125,0.14643096923828125,0.164215087890625,0.7182693481445312,0.024759679218227203
6,10,1,L10H1,1.33782958984375,0.42436981201171875,0.4791259765625,0.9134597778320312,0.059943706203175504
7,10,1,L10H1,0.7145462036132812,-0.17333984375,-0.157196044921875,0.8878860473632812,0.018182286877991356
8,10,1,L10H1,0.9897918701171875,-0.269012451171875,-0.2240447998046875,1.2588043212890625,0.03572251112161654
9,10,1,L10H1,0.9612808227539062,-0.08667755126953125,-0.0342254638671875,1.0479583740234375,0.05005168974504579
10,10,1,L10H1,1.1173248291015625,-0.10051727294921875,-0.0740203857421875,1.2178421020507812,0.02175724353954581
11,10,1,L10H1,1.19085693359375,0.0048065185546875,0.04953765869140625,1.1860504150390625,0.03771436658132743
12,10,1,L10H1,0.45844268798828125,-0.6960830688476562,-0.6261978149414062,1.1545257568359375,0.06053156760900308
13,10,1,L10H1,0.9303741455078125,0.20587921142578125,0.24134063720703125,0.7244949340820312,0.04894640957866914
14,10,1,L10H1,0.9232177734375,0.32161712646484375,0.33812713623046875,0.6016006469726562,0.027443470762050906
15,10,1,L10H1,0.989288330078125,0.3269500732421875,0.3686676025390625,0.6623382568359375,0.06298523279655355
16,10,1,L10H1,0.924041748046875,-0.5454788208007812,-0.49341583251953125,1.4695205688476562,0.03542855362825977
17,10,1,L10H1,1.2387847900390625,0.278106689453125,0.30332183837890625,0.9606781005859375,0.026247240267475658
18,10,1,L10H1,0.9242019653320312,-0.08154296875,-0.01784515380859375,1.0057449340820312,0.0633339654845439
19,10,1,L10H1,1.2661972045898438,0.3300018310546875,0.3646087646484375,0.9361953735351562,0.036965503752780966
20,10,1,L10H1,0.8046112060546875,-0.3928375244140625,-0.361785888671875,1.19744873046875,0.025931494979356744
1,10,2,L10H2,1.0762939453125,-0.21822357177734375,-0.2236175537109375,1.2945175170898438,-0.004166789450419921
2,10,2,L10H2,1.0695114135742188,-0.5381088256835938,-0.5394210815429688,1.6076202392578125,-0.0008162722932505671
3,10,2,L10H2,1.0176162719726562,-0.01616668701171875,-0.01275634765625,1.033782958984375,0.0032988929889298893
4,10,2,L10H2,1.1721267700195312,-0.171600341796875,-0.16851806640625,1.3437271118164062,0.0022938254080908447
5,10,2,L10H2,0.8647003173828125,0.14643096923828125,0.14585113525390625,0.7182693481445312,-0.0008072653884964682
6,10,2,L10H2,1.33782958984375,0.42436981201171875,0.42412567138671875,0.9134597778320312,-0.0002672702519857344
7,10,2,L10H2,0.7145462036132812,-0.17333984375,-0.18144989013671875,0.8878860473632812,-0.009134107254869949
8,10,2,L10H2,0.9897918701171875,-0.269012451171875,-0.260467529296875,1.2588043212890625,0.006788125628810745
9,10,2,L10H2,0.9612808227539062,-0.08667755126953125,-0.0879364013671875,1.0479583740234375,-0.001201240553881099
10,10,2,L10H2,1.1173248291015625,-0.10051727294921875,-0.10712432861328125,1.2178421020507812,-0.005425215348472984
11,10,2,L10H2,1.19085693359375,0.0048065185546875,0.00720977783203125,1.1860504150390625,0.0020262707612345456
12,10,2,L10H2,0.45844268798828125,-0.6960830688476562,-0.690643310546875,1.1545257568359375,0.0047116820638885585
13,10,2,L10H2,0.9303741455078125,0.20587921142578125,0.2068634033203125,0.7244949340820312,0.001358452417308158
14,10,2,L10H2,0.9232177734375,0.32161712646484375,0.327239990234375,0.6016006469726562,0.009346505522935082
15,10,2,L10H2,0.989288330078125,0.3269500732421875,0.313079833984375,0.6623382568359375,-0.02094132282811528
16,10,2,L10H2,0.924041748046875,-0.5454788208007812,-0.5529098510742188,1.4695205688476562,-0.005056771868980806
17,10,2,L10H2,1.2387847900390625,0.278106689453125,0.27826690673828125,0.9606781005859375,0.00016677520290983022
18,10,2,L10H2,0.9242019653320312,-0.08154296875,-0.092315673828125,1.0057449340820312,-0.010711170111890765
19,10,2,L10H2,1.2661972045898438,0.3300018310546875,0.335205078125,0.9361953735351562,0.005557864541313188
20,10,2,L10H2,0.8046112060546875,-0.3928375244140625,-0.3899383544921875,1.19744873046875,0.0024211223813650033
1,10,3,L10H3,1.0762939453125,-0.21822357177734375,-0.2230377197265625,1.2945175170898438,-0.0037188743185501694
2,10,3,L10H3,1.0695114135742188,-0.5381088256835938,-0.5400009155273438,1.6076202392578125,-0.0011769507484077945
3,10,3,L10H3,1.0176162719726562,-0.01616668701171875,-0.01816558837890625,1.033782958984375,-0.001933579335793358
4,10,3,L10H3,1.1721267700195312,-0.171600341796875,-0.17546844482421875,1.3437271118164062,-0.002878637331440738
5,10,3,L10H3,0.8647003173828125,0.14643096923828125,0.140838623046875,0.7182693481445312,-0.007785862233788305
6,10,3,L10H3,1.33782958984375,0.42436981201171875,0.41754913330078125,0.9134597778320312,-0.007466862664851456
7,10,3,L10H3,0.7145462036132812,-0.17333984375,-0.1783447265625,0.8878860473632812,-0.005636852642704315
8,10,3,L10H3,0.9897918701171875,-0.269012451171875,-0.266357421875,1.2588043212890625,0.002109167606094767
9,10,3,L10H3,0.9612808227539062,-0.08667755126953125,-0.09940338134765625,1.0479583740234375,-0.012143449962870747
10,10,3,L10H3,1.1173248291015625,-0.10051727294921875,-0.105804443359375,1.2178421020507812,-0.004341425215348473
11,10,3,L10H3,1.19085693359375,0.0048065185546875,-0.00567626953125,1.1860504150390625,-0.008838400082337352
12,10,3,L10H3,0.45844268798828125,-0.6960830688476562,-0.6983108520507812,1.1545257568359375,-0.0019296089237804475
13,10,3,L10H3,0.9303741455078125,0.20587921142578125,0.20505523681640625,0.7244949340820312,-0.0011373090005370626
14,10,3,L10H3,0.9232177734375,0.32161712646484375,0.3182830810546875,0.6016006469726562,-0.005541957820247803
15,10,3,L10H3,0.989288330078125,0.3269500732421875,0.320037841796875,0.6623382568359375,-0.010436104775727418
16,10,3,L10H3,0.924041748046875,-0.5454788208007812,-0.5447845458984375,1.4695205688476562,0.00047244993847767286
17,10,3,L10H3,1.2387847900390625,0.278106689453125,0.26336669921875,0.9606781005859375,-0.01534331866770438
18,10,3,L10H3,0.9242019653320312,-0.08154296875,-0.0876312255859375,1.0057449340820312,-0.006053479992414185
19,10,3,L10H3,1.2661972045898438,0.3300018310546875,0.31774139404296875,0.9361953735351562,-0.013096023926525356
20,10,3,L10H3,0.8046112060546875,-0.3928375244140625,-0.39427947998046875,1.19744873046875,-0.001204189815994699
1,10,4,L10H4,1.0762939453125,-0.21822357177734375,0.10748291015625,1.2945175170898438,0.25160453808752026
2,10,4,L10H4,1.0695114135742188,-0.5381088256835938,-0.0623626708984375,1.6076202392578125,0.29593192668735824
3,10,4,L10H4,1.0176162719726562,-0.01616668701171875,0.18094635009765625,1.033782958984375,0.19067158671586715
4,10,4,L10H4,1.1721267700195312,-0.171600341796875,0.2000732421875,1.3437271118164062,0.2765990063875089
5,10,4,L10H4,0.8647003173828125,0.14643096923828125,0.26971435546875,0.7182693481445312,0.17163949227255829
6,10,4,L10H4,1.33782958984375,0.42436981201171875,0.6463470458984375,0.9134597778320312,0.24300712442265449
7,10,4,L10H4,0.7145462036132812,-0.17333984375,0.02687835693359375,0.8878860473632812,0.22549988399769713
8,10,4,L10H4,0.9897918701171875,-0.269012451171875,0.11998748779296875,1.2588043212890625,0.3090233584251549
9,10,4,L10H4,0.9612808227539062,-0.08667755126953125,0.01251220703125,1.0479583740234375,0.0946504754000495
10,10,4,L10H4,1.1173248291015625,-0.10051727294921875,0.24256134033203125,1.2178421020507812,0.2817102584181676
11,10,4,L10H4,1.19085693359375,0.0048065185546875,0.2074737548828125,1.1860504150390625,0.1708757349251888
12,10,4,L10H4,0.45844268798828125,-0.6960830688476562,-0.469482421875,1.1545257568359375,0.19627162549727079
13,10,4,L10H4,0.9303741455078125,0.20587921142578125,0.44207000732421875,0.7244949340820312,0.32600751887617024
14,10,4,L10H4,0.9232177734375,0.32161712646484375,0.40410614013671875,0.6016006469726562,0.13711589920484954
15,10,4,L10H4,0.989288330078125,0.3269500732421875,0.48941802978515625,0.6623382568359375,0.24529453774736792
16,10,4,L10H4,0.924041748046875,-0.5454788208007812,-0.1623687744140625,1.4695205688476562,0.2607041061610587
17,10,4,L10H4,1.2387847900390625,0.278106689453125,0.4651336669921875,0.9606781005859375,0.19468225353007512
18,10,4,L10H4,0.9242019653320312,-0.08154296875,0.087890625,1.0057449340820312,0.16846576901194765
19,10,4,L10H4,1.2661972045898438,0.3300018310546875,0.48394012451171875,0.9361953735351562,0.1644296669355956
20,10,4,L10H4,0.8046112060546875,-0.3928375244140625,-0.09508514404296875,1.19744873046875,0.24865563994087364
1,10,5,L10H5,1.0762939453125,-0.21822357177734375,-0.202423095703125,1.2945175170898438,0.012205687343450714
2,10,5,L10H5,1.0695114135742188,-0.5381088256835938,-0.5292205810546875,1.6076202392578125,0.0055288210560285505
3,10,5,L10H5,1.0176162719726562,-0.01616668701171875,-0.00930023193359375,1.033782958984375,0.006642066420664207
4,10,5,L10H5,1.1721267700195312,-0.171600341796875,-0.15827178955078125,1.3437271118164062,0.009919091554293826
5,10,5,L10H5,0.8647003173828125,0.14643096923828125,0.1558685302734375,0.7182693481445312,0.013139306389080674
6,10,5,L10H5,1.33782958984375,0.42436981201171875,0.44359588623046875,0.9134597778320312,0.021047532343876588
7,10,5,L10H5,0.7145462036132812,-0.17333984375,-0.1404876708984375,0.8878860473632812,0.03700043823092192
8,10,5,L10H5,0.9897918701171875,-0.269012451171875,-0.267333984375,1.2588043212890625,0.0013333818199449676
9,10,5,L10H5,0.9612808227539062,-0.08667755126953125,-0.0644989013671875,1.0479583740234375,0.021163674485650635
10,10,5,L10H5,1.1173248291015625,-0.10051727294921875,-0.0633392333984375,1.2178421020507812,0.030527799530148787
11,10,5,L10H5,1.19085693359375,0.0048065185546875,0.02915191650390625,1.1860504150390625,0.02052644444158551
12,10,5,L10H5,0.45844268798828125,-0.6960830688476562,-0.68353271484375,1.1545257568359375,0.010870570820612453
13,10,5,L10H5,0.9303741455078125,0.20587921142578125,0.2079010009765625,0.7244949340820312,0.002790619306873348
14,10,5,L10H5,0.9232177734375,0.32161712646484375,0.32727813720703125,0.6016006469726562,0.009409914651313203
15,10,5,L10H5,0.989288330078125,0.3269500732421875,0.33746337890625,0.6623382568359375,0.015873015873015872
16,10,5,L10H5,0.924041748046875,-0.5454788208007812,-0.522247314453125,1.4695205688476562,0.01580890178752213
17,10,5,L10H5,1.2387847900390625,0.278106689453125,0.3011932373046875,0.9606781005859375,0.02403151257167363
18,10,5,L10H5,0.9242019653320312,-0.08154296875,-0.05587005615234375,1.0057449340820312,0.025526265882799166
19,10,5,L10H5,1.2661972045898438,0.3300018310546875,0.35968017578125,0.9361953735351562,0.03170101622537874
20,10,5,L10H5,0.8046112060546875,-0.3928375244140625,-0.37933349609375,1.19744873046875,0.011277333197410673
1,10,6,L10H6,1.0762939453125,-0.21822357177734375,-0.20613861083984375,1.2945175170898438,0.0093354943273906
2,10,6,L10H6,1.0695114135742188,-0.5381088256835938,-0.53204345703125,1.6076202392578125,0.00377288647171047
3,10,6,L10H6,1.0176162719726562,-0.01616668701171875,-0.0197601318359375,1.033782958984375,-0.0034760147601476015
4,10,6,L10H6,1.1721267700195312,-0.171600341796875,-0.16889190673828125,1.3437271118164062,0.002015613910574876
5,10,6,L10H6,0.8647003173828125,0.14643096923828125,0.1711883544921875,0.7182693481445312,0.03446810770619789
6,10,6,L10H6,1.33782958984375,0.42436981201171875,0.434295654296875,0.9134597778320312,0.010866206182295016
7,10,6,L10H6,0.7145462036132812,-0.17333984375,-0.16869354248046875,0.8878860473632812,0.00523299277348617
8,10,6,L10H6,0.9897918701171875,-0.269012451171875,-0.26433563232421875,1.2588043212890625,0.0037152866164830234
9,10,6,L10H6,0.9612808227539062,-0.08667755126953125,-0.06450653076171875,1.0479583740234375,0.02115639423986954
10,10,6,L10H6,1.1173248291015625,-0.10051727294921875,-0.08917236328125,1.2178421020507812,0.009315583398590446
11,10,6,L10H6,1.19085693359375,0.0048065185546875,0.0147705078125,1.1860504150390625,0.008400982902134339
12,10,6,L10H6,0.45844268798828125,-0.6960830688476562,-0.6913604736328125,1.1545257568359375,0.00409050658842499
13,10,6,L10H6,0.9303741455078125,0.20587921142578125,0.20578765869140625,0.7244949340820312,-0.0001263676667263403
14,10,6,L10H6,0.9232177734375,0.32161712646484375,0.3263702392578125,0.6016006469726562,0.007900777395913916
15,10,6,L10H6,0.989288330078125,0.3269500732421875,0.3325042724609375,0.6623382568359375,0.008385744234800839
16,10,6,L10H6,0.924041748046875,-0.5454788208007812,-0.5279083251953125,1.4695205688476562,0.011956617673781105
17,10,6,L10H6,1.2387847900390625,0.278106689453125,0.2689666748046875,0.9606781005859375,-0.00951412824218936
18,10,6,L10H6,0.9242019653320312,-0.08154296875,-0.06917572021484375,1.0057449340820312,0.012296605347999241
19,10,6,L10H6,1.2661972045898438,0.3300018310546875,0.338470458984375,0.9361953735351562,0.009045791262254603
20,10,6,L10H6,0.8046112060546875,-0.3928375244140625,-0.3867034912109375,1.19744873046875,0.005122585248993323
1,10,7,L10H7,1.0762939453125,-0.21822357177734375,-0.26178741455078125,1.2945175170898438,-0.033652571091793135
2,10,7,L10H7,1.0695114135742188,-0.5381088256835938,-0.58306884765625,1.6076202392578125,-0.027966817582125537
3,10,7,L10H7,1.0176162719726562,-0.01616668701171875,-0.04177093505859375,1.033782958984375,-0.024767527675276752
4,10,7,L10H7,1.1721267700195312,-0.171600341796875,-0.2080841064453125,1.3437271118164062,-0.027151171043293117
5,10,7,L10H7,0.8647003173828125,0.14643096923828125,0.10877227783203125,0.7182693481445312,-0.0524297626002443
6,10,7,L10H7,1.33782958984375,0.42436981201171875,0.38458251953125,0.9134597778320312,-0.04355669887830016
7,10,7,L10H7,0.7145462036132812,-0.17333984375,-0.179656982421875,0.8878860473632812,-0.007114807908779226
8,10,7,L10H7,0.9897918701171875,-0.269012451171875,-0.289703369140625,1.2588043212890625,-0.016436961344048876
9,10,7,L10H7,0.9612808227539062,-0.08667755126953125,-0.11113739013671875,1.0479583740234375,-0.02334046797419881
10,10,7,L10H7,1.1173248291015625,-0.10051727294921875,-0.10884857177734375,1.2178421020507812,-0.006841033672670321
11,10,7,L10H7,1.19085693359375,0.0048065185546875,-0.030120849609375,1.1860504150390625,-0.02944846839660873
12,10,7,L10H7,0.45844268798828125,-0.6960830688476562,-0.7069168090820312,1.1545257568359375,-0.009383714629343272
13,10,7,L10H7,0.9303741455078125,0.20587921142578125,0.191070556640625,0.7244949340820312,-0.02043997009298554
14,10,7,L10H7,0.9232177734375,0.32161712646484375,0.31880950927734375,0.6016006469726562,-0.004666911848629729
15,10,7,L10H7,0.989288330078125,0.3269500732421875,0.3198394775390625,0.6623382568359375,-0.01073559564125602
16,10,7,L10H7,0.924041748046875,-0.5454788208007812,-0.581298828125,1.4695205688476562,-0.024375301770908506
17,10,7,L10H7,1.2387847900390625,0.278106689453125,0.27400970458984375,0.9606781005859375,-0.004264680188694229
18,10,7,L10H7,0.9242019653320312,-0.08154296875,-0.1247100830078125,1.0057449340820312,-0.0429205385928314
19,10,7,L10H7,1.2661972045898438,0.3300018310546875,0.32355499267578125,0.9361953735351562,-0.006886210465410035
20,10,7,L10H7,0.8046112060546875,-0.3928375244140625,-0.4190521240234375,1.19744873046875,-0.021892043427289874
1,10,8,L10H8,1.0762939453125,-0.21822357177734375,-0.21874237060546875,1.2945175170898438,-0.0004007661706203035
2,10,8,L10H8,1.0695114135742188,-0.5381088256835938,-0.54278564453125,1.6076202392578125,-0.0029091564869918466
3,10,8,L10H8,1.0176162719726562,-0.01616668701171875,-0.01627349853515625,1.033782958984375,-0.0001033210332103321
4,10,8,L10H8,1.1721267700195312,-0.171600341796875,-0.17252349853515625,1.3437271118164062,-0.0006870120652945352
5,10,8,L10H8,0.8647003173828125,0.14643096923828125,0.14484405517578125,0.7182693481445312,-0.0022093579053587553
6,10,8,L10H8,1.33782958984375,0.42436981201171875,0.425445556640625,0.9134597778320312,0.0011776595478121424
7,10,8,L10H8,0.7145462036132812,-0.17333984375,-0.17249298095703125,0.8878860473632812,0.0009537967124088093
8,10,8,L10H8,0.9897918701171875,-0.269012451171875,-0.26924896240234375,1.2588043212890625,-0.00018788562008315455
9,10,8,L10H8,0.9612808227539062,-0.08667755126953125,-0.08805084228515625,1.0479583740234375,-0.0013104442405975625
10,10,8,L10H8,1.1173248291015625,-0.10051727294921875,-0.10240936279296875,1.2178421020507812,-0.0015536413469068129
11,10,8,L10H8,1.19085693359375,0.0048065185546875,0.00279998779296875,1.1860504150390625,-0.001691775270491065
12,10,8,L10H8,0.45844268798828125,-0.6960830688476562,-0.6993255615234375,1.1545257568359375,-0.0028085061390640074
13,10,8,L10H8,0.9303741455078125,0.20587921142578125,0.203826904296875,0.7244949340820312,-0.002832741862448795
14,10,8,L10H8,0.9232177734375,0.32161712646484375,0.32088470458984375,0.6016006469726562,-0.0012174552648599292
15,10,8,L10H8,0.989288330078125,0.3269500732421875,0.3251953125,0.6623382568359375,-0.0026493422719837813
16,10,8,L10H8,0.924041748046875,-0.5454788208007812,-0.5471343994140625,1.4695205688476562,-0.0011266113917544507
17,10,8,L10H8,1.2387847900390625,0.278106689453125,0.2748565673828125,0.9606781005859375,-0.0033831541161708414
18,10,8,L10H8,0.9242019653320312,-0.08154296875,-0.08188629150390625,1.0057449340820312,-0.00034136165370756685
19,10,8,L10H8,1.2661972045898438,0.3300018310546875,0.328521728515625,0.9361953735351562,-0.0015809761305201737
20,10,8,L10H8,0.8046112060546875,-0.3928375244140625,-0.3953704833984375,1.19744873046875,-0.0021152963963504768
1,10,9,L10H9,1.0762939453125,-0.21822357177734375,-0.177154541015625,1.2945175170898438,0.03172535730072197
2,10,9,L10H9,1.0695114135742188,-0.5381088256835938,-0.4909820556640625,1.6076202392578125,0.029314616019818333
3,10,9,L10H9,1.0176162719726562,-0.01616668701171875,0.021240234375,1.033782958984375,0.03618450184501845
4,10,9,L10H9,1.1721267700195312,-0.171600341796875,-0.12702178955078125,1.3437271118164062,0.03317530163236338
5,10,9,L10H9,0.8647003173828125,0.14643096923828125,0.1759490966796875,0.7182693481445312,0.04109618142227415
6,10,9,L10H9,1.33782958984375,0.42436981201171875,0.48497772216796875,0.9134597778320312,0.06634984005545858
7,10,9,L10H9,0.7145462036132812,-0.17333984375,-0.1218414306640625,0.8878860473632812,0.05800115143026543
8,10,9,L10H9,0.9897918701171875,-0.269012451171875,-0.2257080078125,1.2588043212890625,0.034401250954580166
9,10,9,L10H9,0.9612808227539062,-0.08667755126953125,-0.02683258056640625,1.0479583740234375,0.057106247906929336
10,10,9,L10H9,1.1173248291015625,-0.10051727294921875,-0.0510406494140625,1.2178421020507812,0.04062646828504307
11,10,9,L10H9,1.19085693359375,0.0048065185546875,0.0536041259765625,1.1860504150390625,0.04114294536144811
12,10,9,L10H9,0.45844268798828125,-0.6960830688476562,-0.647705078125,1.1545257568359375,0.041902911594834995
13,10,9,L10H9,0.9303741455078125,0.20587921142578125,0.24080657958984375,0.7244949340820312,0.04820926485609882
14,10,9,L10H9,0.9232177734375,0.32161712646484375,0.34522247314453125,0.6016006469726562,0.03923756864038147
15,10,9,L10H9,0.989288330078125,0.3269500732421875,0.35240936279296875,0.6623382568359375,0.038438500702651646
16,10,9,L10H9,0.924041748046875,-0.5454788208007812,-0.5022201538085938,1.4695205688476562,0.029437265397455
17,10,9,L10H9,1.2387847900390625,0.278106689453125,0.3230743408203125,0.9606781005859375,0.04680824028335901
18,10,9,L10H9,0.9242019653320312,-0.08154296875,-0.03957366943359375,1.0057449340820312,0.04172956571211834
19,10,9,L10H9,1.2661972045898438,0.3300018310546875,0.40271759033203125,0.9361953735351562,0.07767156443292668
20,10,9,L10H9,0.8046112060546875,-0.3928375244140625,-0.3603668212890625,1.19744873046875,0.02711657067128804
1,10,10,L10H10,1.0762939453125,-0.21822357177734375,-0.2222747802734375,1.2945175170898438,-0.0031295123029320762
2,10,10,L10H10,1.0695114135742188,-0.5381088256835938,-0.5450820922851562,1.6076202392578125,-0.004337633000180339
3,10,10,L10H10,1.0176162719726562,-0.01616668701171875,-0.0225067138671875,1.033782958984375,-0.006132841328413284
4,10,10,L10H10,1.1721267700195312,-0.171600341796875,-0.176025390625,1.3437271118164062,-0.0032931156848828957
5,10,10,L10H10,0.8647003173828125,0.14643096923828125,0.14821624755859375,0.7182693481445312,0.0024855276435285993
6,10,10,L10H10,1.33782958984375,0.42436981201171875,0.42340087890625,0.9134597778320312,-0.0010607288125683836
7,10,10,L10H10,0.7145462036132812,-0.17333984375,-0.177001953125,0.8878860473632812,-0.004124526323929986
8,10,10,L10H10,0.9897918701171875,-0.269012451171875,-0.2677154541015625,1.2588043212890625,0.0010303404972302024
9,10,10,L10H10,0.9612808227539062,-0.08667755126953125,-0.08557891845703125,1.0479583740234375,0.00104835539247805
10,10,10,L10H10,1.1173248291015625,-0.10051727294921875,-0.1009521484375,1.2178421020507812,-0.0003570869224745497
11,10,10,L10H10,1.19085693359375,0.0048065185546875,0.003814697265625,1.1860504150390625,-0.0008362387268587014
12,10,10,L10H10,0.45844268798828125,-0.6960830688476562,-0.69805908203125,1.1545257568359375,-0.001711536682394301
13,10,10,L10H10,0.9303741455078125,0.20587921142578125,0.20145416259765625,0.7244949340820312,-0.006107770558439781
14,10,10,L10H10,0.9232177734375,0.32161712646484375,0.325347900390625,0.6016006469726562,0.006201412755380264
15,10,10,L10H10,0.989288330078125,0.3269500732421875,0.327728271484375,0.6623382568359375,0.00117492570322759
16,10,10,L10H10,0.924041748046875,-0.5454788208007812,-0.5428543090820312,1.4695205688476562,0.0017859646025969172
17,10,10,L10H10,1.2387847900390625,0.278106689453125,0.27530670166015625,0.9606781005859375,-0.002914595212757509
18,10,10,L10H10,0.9242019653320312,-0.08154296875,-0.082305908203125,1.0057449340820312,-0.0007585814526834819
19,10,10,L10H10,1.2661972045898438,0.3300018310546875,0.3296051025390625,0.9361953735351562,-0.00042376679787138675
20,10,10,L10H10,0.8046112060546875,-0.3928375244140625,-0.3975982666015625,1.19744873046875,-0.003975737805188848
1,10,11,L10H11,1.0762939453125,-0.21822357177734375,-0.213104248046875,1.2945175170898438,0.003954619124797407
2,10,11,L10H11,1.0695114135742188,-0.5381088256835938,-0.5324478149414062,1.6076202392578125,0.003521360706929772
3,10,11,L10H11,1.0176162719726562,-0.01616668701171875,-0.0084381103515625,1.033782958984375,0.0074760147601476016
4,10,11,L10H11,1.1721267700195312,-0.171600341796875,-0.16646575927734375,1.3437271118164062,0.0038211497515968774
5,10,11,L10H11,0.8647003173828125,0.14643096923828125,0.149322509765625,0.7182693481445312,0.004025705029475808
6,10,11,L10H11,1.33782958984375,0.42436981201171875,0.42426300048828125,0.9134597778320312,-0.00011693073524375883
7,10,11,L10H11,0.7145462036132812,-0.17333984375,-0.1813812255859375,0.8878860473632812,-0.009056772386296262
8,10,11,L10H11,0.9897918701171875,-0.269012451171875,-0.2546844482421875,1.2588043212890625,0.011382232081166588
9,10,11,L10H11,0.9612808227539062,-0.08667755126953125,-0.09371185302734375,1.0479583740234375,-0.00671238661017196
10,10,11,L10H11,1.1173248291015625,-0.10051727294921875,-0.09665679931640625,1.2178421020507812,0.0031699295223179325
11,10,11,L10H11,1.19085693359375,0.0048065185546875,0.00266265869140625,1.1860504150390625,-0.0018075621711330391
12,10,11,L10H11,0.45844268798828125,-0.6960830688476562,-0.6869277954101562,1.1545257568359375,0.007929899686768962
13,10,11,L10H11,0.9303741455078125,0.20587921142578125,0.208343505859375,0.7244949340820312,0.003401396362717326
14,10,11,L10H11,0.9232177734375,0.32161712646484375,0.3261260986328125,0.6016006469726562,0.007494958974293939
15,10,11,L10H11,0.989288330078125,0.3269500732421875,0.33355712890625,0.6623382568359375,0.009975349597991108
16,10,11,L10H11,0.924041748046875,-0.5454788208007812,-0.5380172729492188,1.4695205688476562,0.005077538899243561
17,10,11,L10H11,1.2387847900390625,0.278106689453125,0.288238525390625,0.9606781005859375,0.0105465461649645
18,10,11,L10H11,0.9242019653320312,-0.08154296875,-0.08370208740234375,1.0057449340820312,-0.0021467855110942537
19,10,11,L10H11,1.2661972045898438,0.3300018310546875,0.32250213623046875,0.9361953735351562,-0.008010822352068715
20,10,11,L10H11,0.8046112060546875,-0.3928375244140625,-0.3837890625,1.19744873046875,0.007556450379733931
1,11,0,L11H0,1.0762939453125,-0.21822357177734375,-0.2292938232421875,1.2945175170898438,-0.008551642846618536
2,11,0,L11H0,1.0695114135742188,-0.5381088256835938,-0.5469741821289062,1.6076202392578125,-0.005514583748588133
3,11,0,L11H0,1.0176162719726562,-0.01616668701171875,-0.027069091796875,1.033782958984375,-0.010546125461254613
4,11,0,L11H0,1.1721267700195312,-0.171600341796875,-0.17572021484375,1.3437271118164062,-0.0030660042583392478
5,11,0,L11H0,0.8647003173828125,0.14643096923828125,0.15545654296875,0.7182693481445312,0.012565723086727919
6,11,0,L11H0,1.33782958984375,0.42436981201171875,0.42951202392578125,0.9134597778320312,0.005629379682449532
7,11,0,L11H0,0.7145462036132812,-0.17333984375,-0.18479156494140625,0.8878860473632812,-0.012897737525456062
8,11,0,L11H0,0.9897918701171875,-0.269012451171875,-0.2681121826171875,1.2588043212890625,0.0007151775216068463
9,11,0,L11H0,0.9612808227539062,-0.08667755126953125,-0.0886993408203125,1.0479583740234375,-0.001929265131990856
10,11,0,L11H0,1.1173248291015625,-0.10051727294921875,-0.0901336669921875,1.2178421020507812,0.008526233359436178
11,11,0,L11H0,1.19085693359375,0.0048065185546875,0.00095367431640625,1.1860504150390625,-0.003248465823566494
12,11,0,L11H0,0.45844268798828125,-0.6960830688476562,-0.6971054077148438,1.1545257568359375,-0.0008855054650225341
13,11,0,L11H0,0.9303741455078125,0.20587921142578125,0.20610809326171875,0.7244949340820312,0.0003159191668158507
14,11,0,L11H0,0.9232177734375,0.32161712646484375,0.3203582763671875,0.6016006469726562,-0.0020925012364780035
15,11,0,L11H0,0.989288330078125,0.3269500732421875,0.32689666748046875,0.6623382568359375,-8.063215610385422e-05
16,11,0,L11H0,0.924041748046875,-0.5454788208007812,-0.5521774291992188,1.4695205688476562,-0.00455836314267469
17,11,0,L11H0,1.2387847900390625,0.278106689453125,0.2672119140625,0.9606781005859375,-0.011340713797868454
18,11,0,L11H0,0.9242019653320312,-0.08154296875,-0.089324951171875,1.0057449340820312,-0.007737530817371515
19,11,0,L11H0,1.2661972045898438,0.3300018310546875,0.33819580078125,0.9361953735351562,0.008752414248343643
20,11,0,L11H0,0.8046112060546875,-0.3928375244140625,-0.400115966796875,1.19744873046875,-0.006078291452163719
1,11,1,L11H1,1.0762939453125,-0.21822357177734375,-0.22107696533203125,1.2945175170898438,-0.0022042139384116696
2,11,1,L11H1,1.0695114135742188,-0.5381088256835938,-0.53759765625,1.6076202392578125,0.0003179665328359767
3,11,1,L11H1,1.0176162719726562,-0.01616668701171875,-0.01465606689453125,1.033782958984375,0.0014612546125461255
4,11,1,L11H1,1.1721267700195312,-0.171600341796875,-0.1703643798828125,1.3437271118164062,0.0009198012775017743
5,11,1,L11H1,0.8647003173828125,0.14643096923828125,0.1456756591796875,0.7182693481445312,-0.001051569387646715
6,11,1,L11H1,1.33782958984375,0.42436981201171875,0.42433929443359375,0.9134597778320312,-3.34087814982168e-05
7,11,1,L11H1,0.7145462036132812,-0.17333984375,-0.17919158935546875,0.8878860473632812,-0.0065906493551131234
8,11,1,L11H1,0.9897918701171875,-0.269012451171875,-0.26854705810546875,1.2588043212890625,0.0003697104137120138
9,11,1,L11H1,0.9612808227539062,-0.08667755126953125,-0.085205078125,1.0479583740234375,0.001405087435751831
10,11,1,L11H1,1.1173248291015625,-0.10051727294921875,-0.1104736328125,1.2178421020507812,-0.00817541111981206
11,11,1,L11H1,1.19085693359375,0.0048065185546875,0.0075531005859375,1.1860504150390625,0.0023157380128394807
12,11,1,L11H1,0.45844268798828125,-0.6960830688476562,-0.6944580078125,1.1545257568359375,0.0014075571944014908
13,11,1,L11H1,0.9303741455078125,0.20587921142578125,0.2044830322265625,0.7244949340820312,-0.0019271069175766894
14,11,1,L11H1,0.9232177734375,0.32161712646484375,0.3152313232421875,0.6016006469726562,-0.010614688090497508
15,11,1,L11H1,0.989288330078125,0.3269500732421875,0.32415771484375,0.6623382568359375,-0.004215909876287235
16,11,1,L11H1,0.924041748046875,-0.5454788208007812,-0.5420379638671875,1.4695205688476562,0.0023414826621256093
17,11,1,L11H1,1.2387847900390625,0.278106689453125,0.28113555908203125,0.9606781005859375,0.0031528455026286948
18,11,1,L11H1,0.9242019653320312,-0.08154296875,-0.07624053955078125,1.0057449340820312,0.005272141096150199
19,11,1,L11H1,1.2661972045898438,0.3300018310546875,0.33458709716796875,0.9361953735351562,0.004897766260013528
20,11,1,L11H1,0.8046112060546875,-0.3928375244140625,-0.39200592041015625,1.19744873046875,0.0006944798409704878
1,11,2,L11H2,1.0762939453125,-0.21822357177734375,-0.21706390380859375,1.2945175170898438,0.0008958302637395019
2,11,2,L11H2,1.0695114135742188,-0.5381088256835938,-0.5364456176757812,1.6076202392578125,0.0010345776740036258
3,11,2,L11H2,1.0176162719726562,-0.01616668701171875,-0.0156402587890625,1.033782958984375,0.0005092250922509225
4,11,2,L11H2,1.1721267700195312,-0.171600341796875,-0.1703643798828125,1.3437271118164062,0.0009198012775017743
5,11,2,L11H2,0.8647003173828125,0.14643096923828125,0.1484222412109375,0.7182693481445312,0.0027723192947049762
6,11,2,L11H2,1.33782958984375,0.42436981201171875,0.4221954345703125,0.9134597778320312,-0.0023803756817479473
7,11,2,L11H2,0.7145462036132812,-0.17333984375,-0.17218780517578125,0.8878860473632812,0.001297507239402975
8,11,2,L11H2,0.9897918701171875,-0.269012451171875,-0.2699127197265625,1.2588043212890625,-0.0007151775216068463
9,11,2,L11H2,0.9612808227539062,-0.08667755126953125,-0.087158203125,1.0479583740234375,-0.0004586554842091469
10,11,2,L11H2,1.1173248291015625,-0.10051727294921875,-0.10027313232421875,1.2178421020507812,0.0002004698512137823
11,11,2,L11H2,1.19085693359375,0.0048065185546875,0.00408935546875,1.1860504150390625,-0.0006046649255747533
12,11,2,L11H2,0.45844268798828125,-0.6960830688476562,-0.6945724487304688,1.1545257568359375,0.0013084334483168788
13,11,2,L11H2,0.9303741455078125,0.20587921142578125,0.206268310546875,0.7244949340820312,0.0005370625835869462
14,11,2,L11H2,0.9232177734375,0.32161712646484375,0.322509765625,0.6016006469726562,0.0014837736040480387
15,11,2,L11H2,0.989288330078125,0.3269500732421875,0.32598876953125,0.6623382568359375,-0.001451378809869376
16,11,2,L11H2,0.924041748046875,-0.5454788208007812,-0.5437469482421875,1.4695205688476562,0.0011785289674113378
17,11,2,L11H2,1.2387847900390625,0.278106689453125,0.2802886962890625,0.9606781005859375,0.0022713194301053068
18,11,2,L11H2,0.9242019653320312,-0.08154296875,-0.08206939697265625,1.0057449340820312,-0.0005234212023516025
19,11,2,L11H2,1.2661972045898438,0.3300018310546875,0.331451416015625,0.9361953735351562,0.0015483786845300672
20,11,2,L11H2,0.8046112060546875,-0.3928375244140625,-0.39282989501953125,1.19744873046875,6.371374687802641e-06
1,11,3,L11H3,1.0762939453125,-0.21822357177734375,-0.20430755615234375,1.2945175170898438,0.010749963164874024
2,11,3,L11H3,1.0695114135742188,-0.5381088256835938,-0.5179672241210938,1.6076202392578125,0.012528830547566844
3,11,3,L11H3,1.0176162719726562,-0.01616668701171875,0.00270843505859375,1.033782958984375,0.01825830258302583
4,11,3,L11H3,1.1721267700195312,-0.171600341796875,-0.15129852294921875,1.3437271118164062,0.015108587650816182
5,11,3,L11H3,0.8647003173828125,0.14643096923828125,0.15398406982421875,0.7182693481445312,0.010515693876467152
6,11,3,L11H3,1.33782958984375,0.42436981201171875,0.440155029296875,0.9134597778320312,0.017280692229952644
7,11,3,L11H3,0.7145462036132812,-0.17333984375,-0.165618896484375,0.8878860473632812,0.008695876332952388
8,11,3,L11H3,0.9897918701171875,-0.269012451171875,-0.2555999755859375,1.2588043212890625,0.01065493290665115
9,11,3,L11H3,0.9612808227539062,-0.08667755126953125,-0.0760498046875,1.0479583740234375,0.010141382373068915
10,11,3,L11H3,1.1173248291015625,-0.10051727294921875,-0.102874755859375,1.2178421020507812,-0.0019357870007830854
11,11,3,L11H3,1.19085693359375,0.0048065185546875,0.01544952392578125,1.1860504150390625,0.008973484799752988
12,11,3,L11H3,0.45844268798828125,-0.6960830688476562,-0.6757354736328125,1.1545257568359375,0.017624202053844018
13,11,3,L11H3,0.9303741455078125,0.20587921142578125,0.21185302734375,0.7244949340820312,0.008245490253893704
14,11,3,L11H3,0.9232177734375,0.32161712646484375,0.312225341796875,0.6016006469726562,-0.015611327406693468
15,11,3,L11H3,0.989288330078125,0.3269500732421875,0.3254852294921875,0.6623382568359375,-0.002211624853134287
16,11,3,L11H3,0.924041748046875,-0.5454788208007812,-0.5153656005859375,1.4695205688476562,0.020491867111773348
17,11,3,L11H3,1.2387847900390625,0.278106689453125,0.2960205078125,0.9606781005859375,0.018647056020584824
18,11,3,L11H3,0.9242019653320312,-0.08154296875,-0.07342529296875,1.0057449340820312,0.008071306656552247
19,11,3,L11H3,1.2661972045898438,0.3300018310546875,0.3361053466796875,0.9361953735351562,0.006519489198021335
20,11,3,L11H3,0.8046112060546875,-0.3928375244140625,-0.3682098388671875,1.19744873046875,0.020566797492226924
1,11,4,L11H4,1.0762939453125,-0.21822357177734375,-0.22098541259765625,1.2945175170898438,-0.0021334904965374982
2,11,4,L11H4,1.0695114135742188,-0.5381088256835938,-0.5386581420898438,1.6076202392578125,-0.00034169537857000487
3,11,4,L11H4,1.0176162719726562,-0.01616668701171875,-0.015960693359375,1.033782958984375,0.0001992619926199262
4,11,4,L11H4,1.1721267700195312,-0.171600341796875,-0.1730499267578125,1.3437271118164062,-0.001078779276082328
5,11,4,L11H4,0.8647003173828125,0.14643096923828125,0.1461029052734375,0.7182693481445312,-0.0004567422592808965
6,11,4,L11H4,1.33782958984375,0.42436981201171875,0.4230804443359375,0.9134597778320312,-0.00141152101829966
7,11,4,L11H4,0.7145462036132812,-0.17333984375,-0.17110443115234375,0.8878860473632812,0.0025176796102322624
8,11,4,L11H4,0.9897918701171875,-0.269012451171875,-0.2680816650390625,1.2588043212890625,0.0007394208274240276
9,11,4,L11H4,0.9612808227539062,-0.08667755126953125,-0.08960723876953125,1.0479583740234375,-0.002795614379941467
10,11,4,L11H4,1.1173248291015625,-0.10051727294921875,-0.10465240478515625,1.2178421020507812,-0.003395458104933438
11,11,4,L11H4,1.19085693359375,0.0048065185546875,0.0066070556640625,1.1860504150390625,0.001518094919528104
12,11,4,L11H4,0.45844268798828125,-0.6960830688476562,-0.6979141235351562,1.1545257568359375,-0.0015859799373537924
13,11,4,L11H4,0.9303741455078125,0.20587921142578125,0.20511627197265625,0.7244949340820312,-0.001053063889386169
14,11,4,L11H4,0.9232177734375,0.32161712646484375,0.32270050048828125,0.6016006469726562,0.0018008192459386453
15,11,4,L11H4,0.989288330078125,0.3269500732421875,0.32183837890625,0.6623382568359375,-0.007717649227083189
16,11,4,L11H4,0.924041748046875,-0.5454788208007812,-0.5463180541992188,1.4695205688476562,-0.0005710933322257584
17,11,4,L11H4,1.2387847900390625,0.278106689453125,0.27671051025390625,0.9606781005859375,-0.0014533267682142346
18,11,4,L11H4,0.9242019653320312,-0.08154296875,-0.08602142333984375,1.0057449340820312,-0.004452873127252038
19,11,4,L11H4,1.2661972045898438,0.3300018310546875,0.325775146484375,0.9361953735351562,-0.004514746269629774
20,11,4,L11H4,0.8046112060546875,-0.3928375244140625,-0.39495086669921875,1.19744873046875,-0.0017648707885213313
1,11,5,L11H5,1.0762939453125,-0.21822357177734375,-0.22808837890625,1.2945175170898438,-0.0076204508619419475
2,11,5,L11H5,1.0695114135742188,-0.5381088256835938,-0.548919677734375,1.6076202392578125,-0.006724754881023568
3,11,5,L11H5,1.0176162719726562,-0.01616668701171875,-0.019195556640625,1.033782958984375,-0.002929889298892989
4,11,5,L11H5,1.1721267700195312,-0.171600341796875,-0.18241119384765625,1.3437271118164062,-0.00804542228530873
5,11,5,L11H5,0.8647003173828125,0.14643096923828125,0.143341064453125,0.7182693481445312,-0.004301874767645653
6,11,5,L11H5,1.33782958984375,0.42436981201171875,0.4198455810546875,0.9134597778320312,-0.0049528518571106414
7,11,5,L11H5,0.7145462036132812,-0.17333984375,-0.1800537109375,0.8878860473632812,-0.007561631593871641
8,11,5,L11H5,0.9897918701171875,-0.269012451171875,-0.277252197265625,1.2588043212890625,-0.0065456925706389325
9,11,5,L11H5,0.9612808227539062,-0.08667755126953125,-0.091522216796875,1.0479583740234375,-0.004622956070996957
10,11,5,L11H5,1.1173248291015625,-0.10051727294921875,-0.1047821044921875,1.2178421020507812,-0.0035019577133907596
11,11,5,L11H5,1.19085693359375,0.0048065185546875,-0.00244140625,1.1860504150390625,-0.006110975311659741
12,11,5,L11H5,0.45844268798828125,-0.6960830688476562,-0.70294189453125,1.1545257568359375,-0.005940816515337748
13,11,5,L11H5,0.9303741455078125,0.20587921142578125,0.20783233642578125,0.7244949340820312,0.0026958435568285926
14,11,5,L11H5,0.9232177734375,0.32161712646484375,0.31291961669921875,0.6016006469726562,-0.01445728127021166
15,11,5,L11H5,0.989288330078125,0.3269500732421875,0.326904296875,0.6623382568359375,-6.911327666044647e-05
16,11,5,L11H5,0.924041748046875,-0.5454788208007812,-0.5491409301757812,1.4695205688476562,-0.002492043631530582
17,11,5,L11H5,1.2387847900390625,0.278106689453125,0.2859954833984375,0.9606781005859375,0.008211693324226877
18,11,5,L11H5,0.9242019653320312,-0.08154296875,-0.0887603759765625,1.0057449340820312,-0.007176180542385739
19,11,5,L11H5,1.2661972045898438,0.3300018310546875,0.32459259033203125,0.9361953735351562,-0.005777897301746408
20,11,5,L11H5,0.8046112060546875,-0.3928375244140625,-0.3990936279296875,1.19744873046875,-0.005224527243998165
1,11,6,L11H6,1.0762939453125,-0.21822357177734375,-0.21382904052734375,1.2945175170898438,0.003394725209960218
2,11,6,L11H6,1.0695114135742188,-0.5381088256835938,-0.5317916870117188,1.6076202392578125,0.003929496853555056
3,11,6,L11H6,1.0176162719726562,-0.01616668701171875,-0.01757049560546875,1.033782958984375,-0.0013579335793357933
4,11,6,L11H6,1.1721267700195312,-0.171600341796875,-0.1701202392578125,1.3437271118164062,0.0011014904187366928
5,11,6,L11H6,0.8647003173828125,0.14643096923828125,0.14727783203125,0.7182693481445312,0.0011790323437251048
6,11,6,L11H6,1.33782958984375,0.42436981201171875,0.42940521240234375,0.9134597778320312,0.005512448947205773
7,11,6,L11H6,0.7145462036132812,-0.17333984375,-0.173248291015625,0.8878860473632812,0.00010311315809824965
8,11,6,L11H6,0.9897918701171875,-0.269012451171875,-0.2712554931640625,1.2588043212890625,-0.0017818829775628204
9,11,6,L11H6,0.9612808227539062,-0.08667755126953125,-0.0849456787109375,1.0479583740234375,0.0016526157923091483
10,11,6,L11H6,1.1173248291015625,-0.10051727294921875,-0.0899505615234375,1.2178421020507812,0.008676585747846514
11,11,6,L11H6,1.19085693359375,0.0048065185546875,0.0093994140625,1.1860504150390625,0.0038724285659149094
12,11,6,L11H6,0.45844268798828125,-0.6960830688476562,-0.6998291015625,1.1545257568359375,-0.0032446506218363003
13,11,6,L11H6,0.9303741455078125,0.20587921142578125,0.20644378662109375,0.7244949340820312,0.0007792672781457651
14,11,6,L11H6,0.9232177734375,0.32161712646484375,0.3261260986328125,0.6016006469726562,0.007494958974293939
15,11,6,L11H6,0.989288330078125,0.3269500732421875,0.32352447509765625,0.6623382568359375,-0.005171976870090077
16,11,6,L11H6,0.924041748046875,-0.5454788208007812,-0.5454635620117188,1.4695205688476562,1.0383515131377425e-05
17,11,6,L11H6,1.2387847900390625,0.278106689453125,0.279632568359375,0.9606781005859375,0.0015883352658079067
18,11,6,L11H6,0.9242019653320312,-0.08154296875,-0.06954193115234375,1.0057449340820312,0.01193248625071117
19,11,6,L11H6,1.2661972045898438,0.3300018310546875,0.3384857177734375,0.9361953735351562,0.009062089985249655
20,11,6,L11H6,0.8046112060546875,-0.3928375244140625,-0.39227294921875,1.19744873046875,0.0004714817268973954
1,11,7,L11H7,1.0762939453125,-0.21822357177734375,-0.207855224609375,1.2945175170898438,0.00800942979224989
2,11,7,L11H7,1.0695114135742188,-0.5381088256835938,-0.536102294921875,1.6076202392578125,0.0012481372856098787
3,11,7,L11H7,1.0176162719726562,-0.01616668701171875,-0.0176239013671875,1.033782958984375,-0.0014095940959409595
4,11,7,L11H7,1.1721267700195312,-0.171600341796875,-0.170928955078125,1.3437271118164062,0.0004996451383960256
5,11,7,L11H7,0.8647003173828125,0.14643096923828125,0.15032196044921875,0.7182693481445312,0.005417175633331563
6,11,7,L11H7,1.33782958984375,0.42436981201171875,0.43495941162109375,0.9134597778320312,0.011592847179881231
7,11,7,L11H7,0.7145462036132812,-0.17333984375,-0.156280517578125,0.8878860473632812,0.01921341845897385
8,11,7,L11H7,0.9897918701171875,-0.269012451171875,-0.2698516845703125,1.2588043212890625,-0.0006666909099724838
9,11,7,L11H7,0.9612808227539062,-0.08667755126953125,-0.0568695068359375,1.0479583740234375,0.028443920266748204
10,11,7,L11H7,1.1173248291015625,-0.10051727294921875,-0.068511962890625,1.2178421020507812,0.026280344557556772
11,11,7,L11H7,1.19085693359375,0.0048065185546875,0.0239410400390625,1.1860504150390625,0.016132974822781716
12,11,7,L11H7,0.45844268798828125,-0.6960830688476562,-0.6912918090820312,1.1545257568359375,0.004149980836075757
13,11,7,L11H7,0.9303741455078125,0.20587921142578125,0.20835113525390625,0.7244949340820312,0.0034119270016111877
14,11,7,L11H7,0.9232177734375,0.32161712646484375,0.32257080078125,0.6016006469726562,0.0015852282094530328
15,11,7,L11H7,0.989288330078125,0.3269500732421875,0.341827392578125,0.6623382568359375,0.022461814914645103
16,11,7,L11H7,0.924041748046875,-0.5454788208007812,-0.541656494140625,1.4695205688476562,0.002601070540410045
17,11,7,L11H7,1.2387847900390625,0.278106689453125,0.27751922607421875,0.9606781005859375,-0.0006115090773360441
18,11,7,L11H7,0.9242019653320312,-0.08154296875,-0.0632476806640625,1.0057449340820312,0.018190783235349894
19,11,7,L11H7,1.2661972045898438,0.3300018310546875,0.3414764404296875,0.9361953735351562,0.01225663969228011
20,11,7,L11H7,0.8046112060546875,-0.3928375244140625,-0.393402099609375,1.19744873046875,-0.0004714817268973954
1,11,8,L11H8,1.0762939453125,-0.21822357177734375,-0.2039337158203125,1.2945175170898438,0.011038750552526889
2,11,8,L11H8,1.0695114135742188,-0.5381088256835938,-0.528900146484375,1.6076202392578125,0.005728143360194387
3,11,8,L11H8,1.0176162719726562,-0.01616668701171875,-0.00325775146484375,1.033782958984375,0.012487084870848708
4,11,8,L11H8,1.1721267700195312,-0.171600341796875,-0.1628875732421875,1.3437271118164062,0.0064840312278211494
5,11,8,L11H8,0.8647003173828125,0.14643096923828125,0.15253448486328125,0.7182693481445312,0.008497530405225981
6,11,8,L11H8,1.33782958984375,0.42436981201171875,0.44435882568359375,0.9134597778320312,0.02188275188133201
7,11,8,L11H8,0.7145462036132812,-0.17333984375,-0.16192626953125,0.8878860473632812,0.01285477370958179
8,11,8,L11H8,0.9897918701171875,-0.269012451171875,-0.254119873046875,1.2588043212890625,0.011830733238784441
9,11,8,L11H8,0.9612808227539062,-0.08667755126953125,-0.06952667236328125,1.0479583740234375,0.016365992515907337
10,11,8,L11H8,1.1173248291015625,-0.10051727294921875,-0.0838165283203125,1.2178421020507812,0.013713390759592796
11,11,8,L11H8,1.19085693359375,0.0048065185546875,0.0202178955078125,1.1860504150390625,0.012993863294265976
12,11,8,L11H8,0.45844268798828125,-0.6960830688476562,-0.6873779296875,1.1545257568359375,0.007540012952169489
13,11,8,L11H8,0.9303741455078125,0.20587921142578125,0.21361541748046875,0.7244949340820312,0.010678067838375754
14,11,8,L11H8,0.9232177734375,0.32161712646484375,0.3304901123046875,0.6016006469726562,0.014748963260751018
15,11,8,L11H8,0.989288330078125,0.3269500732421875,0.34027099609375,0.6623382568359375,0.020111963508189924
16,11,8,L11H8,0.924041748046875,-0.5454788208007812,-0.5348663330078125,1.4695205688476562,0.007221734773872999
17,11,8,L11H8,1.2387847900390625,0.278106689453125,0.29531097412109375,0.9606781005859375,0.01790848012198415
18,11,8,L11H8,0.9242019653320312,-0.08154296875,-0.06479644775390625,1.0057449340820312,0.016650862886402426
19,11,8,L11H8,1.2661972045898438,0.3300018310546875,0.339935302734375,0.9361953735351562,0.010610468669779723
20,11,8,L11H8,0.8046112060546875,-0.3928375244140625,-0.37981414794921875,1.19744873046875,0.010875936592079107
1,11,9,L11H9,1.0762939453125,-0.21822357177734375,-0.180816650390625,1.2945175170898438,0.02889641962575512
2,11,9,L11H9,1.0695114135742188,-0.5381088256835938,-0.4865264892578125,1.6076202392578125,0.03208614520155281
3,11,9,L11H9,1.0176162719726562,-0.01616668701171875,0.01535797119140625,1.033782958984375,0.030494464944649448
4,11,9,L11H9,1.1721267700195312,-0.171600341796875,-0.1141204833984375,1.3437271118164062,0.0427764371894961
5,11,9,L11H9,0.8647003173828125,0.14643096923828125,0.2430419921875,0.7182693481445312,0.13450528440172074
6,11,9,L11H9,1.33782958984375,0.42436981201171875,0.46184539794921875,0.9134597778320312,0.04102598367981024
7,11,9,L11H9,0.7145462036132812,-0.17333984375,-0.10588836669921875,0.8878860473632812,0.07596861922888544
8,11,9,L11H9,0.9897918701171875,-0.269012451171875,-0.16172027587890625,1.2588043212890625,0.08523340242675491
9,11,9,L11H9,0.9612808227539062,-0.08667755126953125,-0.02788543701171875,1.0479583740234375,0.05610157398913787
10,11,9,L11H9,1.1173248291015625,-0.10051727294921875,-0.01485443115234375,1.2178421020507812,0.07033985904463587
11,11,9,L11H9,1.19085693359375,0.0048065185546875,0.100982666015625,1.1860504150390625,0.08108942608292916
12,11,9,L11H9,0.45844268798828125,-0.6960830688476562,-0.5824813842773438,1.1545257568359375,0.09839683861332488
13,11,9,L11H9,0.9303741455078125,0.20587921142578125,0.23851776123046875,0.7244949340820312,0.04505007318794031
14,11,9,L11H9,0.9232177734375,0.32161712646484375,0.38381195068359375,0.6016006469726562,0.10338224290768899
15,11,9,L11H9,0.989288330078125,0.3269500732421875,0.4227142333984375,0.6623382568359375,0.144584974773654
16,11,9,L11H9,0.924041748046875,-0.5454788208007812,-0.4023590087890625,1.4695205688476562,0.09739218017475455
17,11,9,L11H9,1.2387847900390625,0.278106689453125,0.34072113037109375,0.9606781005859375,0.06517733763242746
18,11,9,L11H9,0.9242019653320312,-0.08154296875,-0.0111541748046875,1.0057449340820312,0.06998672482457804
19,11,9,L11H9,1.2661972045898438,0.3300018310546875,0.36510467529296875,0.9361953735351562,0.0374952122501202
20,11,9,L11H9,0.8046112060546875,-0.3928375244140625,-0.3507080078125,1.19744873046875,0.03518273102604618
1,11,10,L11H10,1.0762939453125,-0.21822357177734375,-0.20873260498046875,1.2945175170898438,0.007331663474289082
2,11,10,L11H10,1.0695114135742188,-0.5381088256835938,-0.52880859375,1.6076202392578125,0.005785092589956054
3,11,10,L11H10,1.0176162719726562,-0.01616668701171875,-0.01160430908203125,1.033782958984375,0.004413284132841328
4,11,10,L11H10,1.1721267700195312,-0.171600341796875,-0.164215087890625,1.3437271118164062,0.005496096522356281
5,11,10,L11H10,0.8647003173828125,0.14643096923828125,0.1476898193359375,0.7182693481445312,0.0017526156460778586
6,11,10,L11H10,1.33782958984375,0.42436981201171875,0.43410491943359375,0.9134597778320312,0.010657401297931161
7,11,10,L11H10,0.7145462036132812,-0.17333984375,-0.1678924560546875,0.8878860473632812,0.0061352329068458545
8,11,10,L11H10,0.9897918701171875,-0.269012451171875,-0.25627899169921875,1.2588043212890625,0.010115519352218869
9,11,10,L11H10,0.9612808227539062,-0.08667755126953125,-0.074432373046875,1.0479583740234375,0.0116847944786616
10,11,10,L11H10,1.1173248291015625,-0.10051727294921875,-0.09827423095703125,1.2178421020507812,0.001841816758026625
11,11,10,L11H10,1.19085693359375,0.0048065185546875,0.02133941650390625,1.1860504150390625,0.01393945631617543
12,11,10,L11H10,0.45844268798828125,-0.6960830688476562,-0.6844635009765625,1.1545257568359375,0.010064364352457607
13,11,10,L11H10,0.9303741455078125,0.20587921142578125,0.2102813720703125,0.7244949340820312,0.006076178641758196
14,11,10,L11H10,0.9232177734375,0.32161712646484375,0.329925537109375,0.6016006469726562,0.013810508160754822
15,11,10,L11H10,0.989288330078125,0.3269500732421875,0.3338623046875,0.6623382568359375,0.010436104775727418
16,11,10,L11H10,0.924041748046875,-0.5454788208007812,-0.5376510620117188,1.4695205688476562,0.005326743262396619
17,11,10,L11H10,1.2387847900390625,0.278106689453125,0.28955078125,0.9606781005859375,0.0119125144935593
18,11,10,L11H10,0.9242019653320312,-0.08154296875,-0.06941986083984375,1.0057449340820312,0.012053859283140527
19,11,10,L11H10,1.2661972045898438,0.3300018310546875,0.34502410888671875,0.9361953735351562,0.01604609278863001
20,11,10,L11H10,0.8046112060546875,-0.3928375244140625,-0.38504791259765625,1.19744873046875,0.006505173556246495
1,11,11,L11H11,1.0762939453125,-0.21822357177734375,-0.208892822265625,1.2945175170898438,0.0072078974510092824
2,11,11,L11H11,1.0695114135742188,-0.5381088256835938,-0.5272598266601562,1.6076202392578125,0.0067484837267575955
3,11,11,L11H11,1.0176162719726562,-0.01616668701171875,-0.00896453857421875,1.033782958984375,0.006966789667896679
4,11,11,L11H11,1.1721267700195312,-0.171600341796875,-0.15732574462890625,1.3437271118164062,0.010623136976579134
5,11,11,L11H11,0.8647003173828125,0.14643096923828125,0.1498565673828125,0.7182693481445312,0.004769238939933082
6,11,11,L11H11,1.33782958984375,0.42436981201171875,0.4291839599609375,0.9134597778320312,0.005270235281343701
7,11,11,L11H11,0.7145462036132812,-0.17333984375,-0.165740966796875,0.8878860473632812,0.008558392122154722
8,11,11,L11H11,0.9897918701171875,-0.269012451171875,-0.26140594482421875,1.2588043212890625,0.006042643974932422
9,11,11,L11H11,0.9612808227539062,-0.08667755126953125,-0.07923126220703125,1.0479583740234375,0.007105519882351228
10,11,11,L11H11,1.1173248291015625,-0.10051727294921875,-0.10894012451171875,1.2178421020507812,-0.006916209866875489
11,11,11,L11H11,1.19085693359375,0.0048065185546875,0.0139617919921875,1.1860504150390625,0.007719126709464936
12,11,11,L11H11,0.45844268798828125,-0.6960830688476562,-0.6855392456054688,1.1545257568359375,0.009132601139262255
13,11,11,L11H11,0.9303741455078125,0.20587921142578125,0.2044525146484375,0.7244949340820312,-0.0019692294731521363
14,11,11,L11H11,0.9232177734375,0.32161712646484375,0.3276519775390625,0.6016006469726562,0.010031324109418791
15,11,11,L11H11,0.989288330078125,0.3269500732421875,0.33454132080078125,0.6623382568359375,0.011461285046190707
16,11,11,L11H11,0.924041748046875,-0.5454788208007812,-0.5305862426757812,1.4695205688476562,0.010134310768224367
17,11,11,L11H11,1.2387847900390625,0.278106689453125,0.27925872802734375,0.9606781005859375,0.0011991931256849697
18,11,11,L11H11,0.9242019653320312,-0.08154296875,-0.070281982421875,1.0057449340820312,0.011196662241608193
19,11,11,L11H11,1.2661972045898438,0.3300018310546875,0.32733917236328125,0.9361953735351562,-0.0028441271626368073
20,11,11,L11H11,0.8046112060546875,-0.3928375244140625,-0.38051605224609375,1.19744873046875,0.010289770120801263
